# .PCD v.7 - Point Cloud Data file format
VERSION .7
FIELDS x y z
SIZE 4 4 4
TYPE F F F
COUNT 1 1 1
WIDTH 20301
HEIGHT 1
VIEWPOINT 0 0 0 1 0 0 0
POINTS 20301
DATA ascii
-0.21153 -0.037492 -1.912
0.38949 -0.020083 -1.8729
0.36424 -0.01836 -1.8757
0.33959 -0.020026 -1.8676
0.34261 -0.018273 -1.8668
0.356905 -0.0182675 -1.8662
0.37475 -0.018271 -1.8666
-0.35293 0.45823 -1.8622
-0.14098 0.5237 -1.8675
-0.090866 0.46074 -1.8588
-0.13461 0.53329 -1.8597
0.34785 -0.018108 -1.85
0.38272 -0.018097 -1.8488
-0.43802 0.45345 -1.8496
-0.70905 -0.04344 -1.8322
-0.693167 -0.045276 -1.83427
0.11768 0.45815 -1.8346
-0.13409 0.526535 -1.83615
-0.71495 -0.043389 -1.83
-0.69684 -0.04507 -1.8259
0.37275 -0.015804 -1.8247
-0.32613 0.4497 -1.8275
-0.3449 0.45005 -1.829
-0.008769 0.45504 -1.8291
-0.13957 0.47341 -1.82105
-0.13386 0.523505 -1.8256
-0.717025 -0.043093 -1.81755
-0.42647 0.44501 -1.8152
-0.13355 0.519375 -1.8112
-0.725485 -0.042892 -1.80905
-0.70345 -0.042858 -1.8076
-0.694995 -0.042842 -1.80695
-0.686553 -0.0428253 -1.80623
-0.53324 0.44118 -1.80645
-0.25031 0.44579 -1.805
-0.13922 0.46588 -1.8085
-0.13344 0.517995 -1.80638
-0.64661 0.43577 -1.7913
-0.51985 0.43904 -1.7977
-0.33727 0.44235 -1.7976
-0.31923 0.44269 -1.799
-0.0075581 0.44657 -1.795
-0.1332 0.514825 -1.79535
-0.64272 0.43532 -1.7894
-0.53301 0.43654 -1.7874
0.11492 0.44675 -1.789
0.16624 0.44649 -1.7879
-0.71636 -0.043736 -1.7718
-0.37994 0.43635 -1.7798
-0.13228 0.43727 -1.7705
-0.088209 0.44053 -1.7773
-0.055713 0.44114 -1.7797
-0.0058209 0.44098 -1.7726
-0.132697 0.508212 -1.77227
0.61957 -0.25501 -1.764
0.62404 -0.24489 -1.7679
-0.20475 -0.054029 -1.7627
-0.71352 -0.045296 -1.7643
-0.72322 0.42783 -1.7657
-0.63002 0.42834 -1.7607
-0.41436 0.43368 -1.769
-0.33002 0.43511 -1.7682
-0.32709 0.43521 -1.7686
-0.12915 0.43489 -1.7609
-0.085316 0.4386 -1.7695
0.04336 0.43799 -1.7605
0.11426 0.43969 -1.7607
0.16503 0.43991 -1.7616
0.20417 0.44153 -1.7617
-0.132565 0.506453 -1.7663
0.60249 -0.2946 -1.75765
0.6338 -0.18395 -1.7511
-0.44574 0.42952 -1.752
-0.37242 0.42989 -1.7535
-0.40903 0.43077 -1.7571
-0.24868 0.43205 -1.7558
-0.1262 0.43442 -1.759
-0.053362 0.43559 -1.7573
-0.0039968 0.43612 -1.753
0.047175 0.43633 -1.7539
0.117805 0.437995 -1.7539
0.168305 0.438065 -1.7542
-0.13234 0.503525 -1.7559
0.59896 -0.30097 -1.7481
-0.80575 0.41797 -1.7462
-0.71228 0.42301 -1.7458
-0.62197 0.42473 -1.7459
-0.617635 0.42505 -1.7472
-0.56456 0.42411 -1.7433
-0.30561 0.42841 -1.741
-0.3095 0.43022 -1.7484
-0.12302 0.43036 -1.7425
-0.082609 0.43234 -1.7442
-0.050785 0.43268 -1.7456
-0.0013222 0.43512 -1.749
0.050602 0.43371 -1.7434
0.122305 0.43541 -1.74355
0.172755 0.435805 -1.74515
0.20316 0.43614 -1.7402
0.408185 0.44028 -1.7451
-0.13203 0.49939 -1.7415
-0.13209 0.50022 -1.7444
0.67134 -0.33469 -1.7357
0.66429 -0.022902 -1.731
-0.69994 0.41932 -1.7306
-0.66191 0.41976 -1.7324
-0.70523 0.42062 -1.7359
-0.66608 0.42042 -1.7351
-0.60764 0.42108 -1.7309
-0.40193 0.42552 -1.7356
-0.36477 0.42524 -1.7345
-0.30198 0.42707 -1.7356
-0.29911 0.42716 -1.7359
-0.11999 0.42797 -1.7328
-0.076954 0.42992 -1.7345
-0.079814 0.43017 -1.7355
-0.048102 0.43098 -1.7387
0.00343173 0.430937 -1.7322
0.0556663 0.431747 -1.73543
0.061095 0.43081 -1.7317
0.075421 0.43046 -1.7303
0.127205 0.43366 -1.73655
0.135722 0.43319 -1.7347
0.14387 0.43211 -1.73035
0.176975 0.433305 -1.7351
0.18938 0.43206 -1.7301
0.19394 0.43223 -1.73085
0.20594 0.433915 -1.73135
0.21625 0.43382 -1.7309
0.23709 0.43381 -1.7309
0.246127 0.43493 -1.73345
0.255737 0.435287 -1.73388
0.264673 0.43519 -1.73348
0.274554 0.435073 -1.73344
0.285537 0.434912 -1.73238
0.294758 0.435052 -1.73295
0.304994 0.434679 -1.73296
0.315403 0.435366 -1.73379
0.324752 0.435324 -1.73346
0.33466 0.434846 -1.73156
0.345362 0.435348 -1.73359
0.356105 0.436406 -1.73546
0.365833 0.436079 -1.73345
0.375056 0.436166 -1.73451
0.384054 0.436065 -1.73195
0.394723 0.435668 -1.7325
0.405486 0.43601 -1.73388
0.414604 0.436903 -1.73497
-0.131875 0.497395 -1.73455
0.65209 -0.37545 -1.723
0.66212 -0.34112 -1.7219
0.57983 -0.327285 -1.72955
-0.19978 -0.053026 -1.7299
0.66169 -0.035649 -1.7253
-0.69364 0.41735 -1.7225
-0.653735 0.41743 -1.72275
-0.64915 0.41755 -1.7233
-0.59986 0.41992 -1.7261
-0.55599 0.41953 -1.7245
-0.6033 0.42017 -1.7271
-0.59701 0.42013 -1.727
-0.29456 0.42392 -1.7228
-0.114183 0.426307 -1.7261
-0.1056 0.425603 -1.7233
-0.099897 0.42513 -1.7213
-0.07284 0.426785 -1.7218
-0.0656667 0.42739 -1.72427
-0.059957 0.42744 -1.7245
-0.0442045 0.42782 -1.726
-0.0357222 0.42721 -1.7235
-0.0244288 0.426495 -1.72065
-0.0143813 0.426803 -1.72187
-0.0086855 0.42673 -1.7216
0.00554935 0.42653 -1.72075
0.014401 0.42899 -1.72437
0.024654 0.428458 -1.72348
0.0357793 0.42783 -1.72285
0.0663977 0.429637 -1.72697
0.0850267 0.429303 -1.7256
0.0951863 0.429367 -1.72587
0.105757 0.428367 -1.72457
0.114365 0.428265 -1.72302
0.123803 0.428657 -1.72303
0.135077 0.428395 -1.72408
0.14552 0.4285 -1.72242
0.15558 0.427537 -1.72168
0.164425 0.42804 -1.7221
0.174205 0.427958 -1.72233
0.18402 0.427803 -1.72117
0.195916 0.427888 -1.72118
0.20631 0.428127 -1.7225
0.214182 0.428346 -1.72432
0.22473 0.428443 -1.72217
0.233375 0.42815 -1.721
0.245758 0.427804 -1.72214
0.254647 0.42868 -1.72312
0.263963 0.42788 -1.7215
0.274701 0.427787 -1.72226
0.28635 0.42894 -1.7242
0.295297 0.42884 -1.72377
0.30408 0.42857 -1.72267
0.31556 0.42797 -1.7203
0.325678 0.427845 -1.72135
0.33079 0.42802 -1.7205
0.34528 0.428705 -1.72322
0.356436 0.427952 -1.72272
0.36492 0.42844 -1.72217
0.37751 0.42866 -1.723
0.38485 0.428322 -1.7217
0.396233 0.428743 -1.7234
0.406175 0.428227 -1.7229
0.4139 0.428157 -1.7226
0.0090406 0.43037 -1.7299
0.0752655 0.430105 -1.72885
0.14772 0.43124 -1.7269
0.15246 0.4318 -1.72915
0.183147 0.43158 -1.72823
0.19797 0.43169 -1.7287
0.206236 0.431962 -1.7285
0.215652 0.43217 -1.7281
0.225223 0.43199 -1.72719
0.235042 0.432042 -1.72598
0.244662 0.432298 -1.7281
0.25549 0.431155 -1.7265
0.266063 0.431263 -1.72693
0.275923 0.432072 -1.72717
0.285378 0.431022 -1.726
0.29607 0.43116 -1.72653
0.305235 0.43124 -1.72685
0.314663 0.431547 -1.72813
0.325496 0.431724 -1.72754
0.334695 0.432105 -1.72877
0.34698 0.431755 -1.72895
0.354577 0.431677 -1.7286
0.36293 0.43194 -1.7281
0.374408 0.431475 -1.7278
0.385142 0.432103 -1.72718
0.395053 0.433022 -1.72895
0.40411 0.431662 -1.72647
0.415198 0.43223 -1.72677
-0.131655 0.49457 -1.7247
0.65083 -0.37831 -1.7195
0.56169 -0.36031 -1.7107
0.66302 -0.32654 -1.7119
0.6712 -0.30488 -1.7187
0.68018 -0.27401 -1.7139
0.61622 -0.19084 -1.7186
-0.89206 0.32189 -1.7136
-0.7907 0.41321 -1.7193
-0.68545 0.415175 -1.7135
-0.64375 0.41599 -1.7168
-0.63837 0.41443 -1.7104
-0.59124 0.41807 -1.7185
-0.55126 0.41812 -1.7187
-0.54735 0.4174 -1.7157
-0.512435 0.417395 -1.71575
-0.434585 0.418705 -1.7144
-0.38835 0.41933 -1.7104
-0.35219 0.419575 -1.71145
0.078881 0.41944 -1.7109
0.13191 0.419305 -1.7103
0.33673 0.41931 -1.7103
-0.39385 0.420785 -1.71635
-0.35706 0.42035 -1.7146
-0.29064 0.42187 -1.7144
-0.285123 0.422343 -1.71633
-0.27886 0.42123 -1.7118
-0.2644 0.42088 -1.7104
-0.13396 0.42407 -1.7171
-0.125325 0.420975 -1.71075
-0.11684 0.421 -1.7109
-0.094212 0.42393 -1.7165
-0.084281 0.42392 -1.71642
-0.073641 0.423525 -1.7164
-0.0654053 0.42281 -1.71405
-0.0545037 0.42364 -1.71533
-0.044592 0.423488 -1.7147
-0.0339625 0.423032 -1.7144
-0.0247515 0.422575 -1.71414
-0.0148362 0.42261 -1.71366
-0.0048607 0.423326 -1.71406
0.00511008 0.423765 -1.71425
0.0148008 0.423728 -1.71444
0.025166 0.42437 -1.71578
0.0336872 0.423668 -1.71545
0.0451447 0.42449 -1.71563
0.0556612 0.424323 -1.716
0.0647611 0.423801 -1.71522
0.0752203 0.423784 -1.71591
0.0848616 0.424206 -1.71583
0.0952666 0.423502 -1.71407
0.103887 0.423398 -1.71538
0.114876 0.423371 -1.71493
0.124864 0.424777 -1.71636
0.133623 0.422961 -1.71436
0.144557 0.424236 -1.71566
0.154896 0.42217 -1.71296
0.164587 0.423143 -1.71399
0.175363 0.423932 -1.71547
0.185971 0.424654 -1.71674
0.195197 0.423753 -1.71472
0.20467 0.422967 -1.71386
0.215975 0.423174 -1.71421
0.225327 0.423836 -1.71436
0.235544 0.425064 -1.71692
0.24497 0.423886 -1.7163
0.254632 0.423271 -1.71445
0.265336 0.423589 -1.71511
0.275792 0.423107 -1.7142
0.285588 0.42369 -1.71482
0.295422 0.423781 -1.71527
0.3054 0.423984 -1.71546
0.314332 0.424405 -1.71615
0.324566 0.423554 -1.71497
0.335088 0.424138 -1.7154
0.34536 0.42435 -1.71553
0.355672 0.423372 -1.71426
0.364661 0.423357 -1.71356
0.373874 0.42394 -1.71428
0.385453 0.423873 -1.7155
0.394925 0.423908 -1.71484
0.404552 0.423314 -1.71477
0.415411 0.424471 -1.71423
-0.1315 0.4925 -1.7175
0.64111 -0.382195 -1.70465
0.65029 -0.38503 -1.7093
0.55865 -0.36044 -1.7031
0.66923 -0.29957 -1.7082
0.67944 -0.25927 -1.7075
0.59395 -0.23908 -1.7071
0.69049 -0.22246 -1.7072
-0.97724 -0.10677 -1.7008
0.76851 0.14368 -1.704
0.78882 0.15705 -1.7006
-0.78278 0.41228 -1.7085
-0.743687 0.41065 -1.7018
-0.67528 0.413743 -1.70757
-0.658515 0.412055 -1.70065
-0.632565 0.41364 -1.70715
-0.58291 0.41398 -1.7017
-0.54159 0.41507 -1.7062
-0.536315 0.414435 -1.70355
-0.503465 0.41464 -1.7044
-0.496067 0.415223 -1.7046
-0.473105 0.4156 -1.7017
-0.464458 0.415825 -1.70265
-0.45374 0.415427 -1.701
-0.44385 0.415877 -1.70288
-0.4377 0.41722 -1.7083
-0.424964 0.417382 -1.7064
-0.413787 0.415553 -1.7015
-0.404107 0.415597 -1.7017
-0.39238 0.41547 -1.7012
-0.38433 0.416198 -1.70198
-0.375457 0.417613 -1.7034
-0.36922 0.41698 -1.7008
-0.35477 0.41544 -1.70105
-0.345085 0.417172 -1.70325
-0.335457 0.418253 -1.706
-0.325172 0.417885 -1.70452
-0.314308 0.417327 -1.70388
-0.305649 0.417114 -1.70419
-0.294385 0.41752 -1.70465
-0.284182 0.41745 -1.70406
-0.27423 0.417115 -1.70298
-0.264861 0.416471 -1.70199
-0.255718 0.417158 -1.70414
-0.2451 0.417467 -1.70285
-0.132225 0.417677 -1.70375
-0.125752 0.417096 -1.7039
-0.115339 0.416916 -1.70381
-0.105486 0.41682 -1.7028
-0.0956449 0.416701 -1.70297
-0.0843914 0.41681 -1.7034
-0.0752442 0.41725 -1.70358
-0.0652809 0.417181 -1.70444
-0.054838 0.417666 -1.7037
-0.0450067 0.41674 -1.7031
-0.0345598 0.417058 -1.70376
-0.0252132 0.417155 -1.7048
-0.015401 0.416853 -1.7036
-0.00609476 0.417123 -1.7042
0.00568492 0.416923 -1.70222
0.0148031 0.416809 -1.70293
0.0249733 0.416827 -1.70393
0.0347203 0.417169 -1.70437
0.0454874 0.41714 -1.70476
0.0553275 0.416907 -1.7038
0.0653555 0.417111 -1.70463
0.074607 0.417125 -1.70467
0.0854657 0.417406 -1.70476
0.095259 0.417088 -1.70453
0.10524 0.417058 -1.70439
0.115318 0.41717 -1.70487
0.1247 0.417001 -1.70463
0.13617 0.417342 -1.70622
0.144369 0.416039 -1.70353
0.154699 0.417234 -1.70466
0.164482 0.416852 -1.70357
0.175047 0.417413 -1.7054
0.18463 0.417372 -1.70568
0.19451 0.416995 -1.70415
0.204723 0.417032 -1.7043
0.215322 0.417162 -1.70374
0.224923 0.41675 -1.70315
0.234814 0.416956 -1.70446
0.244723 0.416991 -1.70367
0.255697 0.417072 -1.70285
0.265792 0.417528 -1.70436
0.275133 0.416935 -1.7039
0.285022 0.416433 -1.70351
0.295918 0.41682 -1.70526
0.305265 0.417295 -1.70537
0.313915 0.416977 -1.70407
0.32494 0.417026 -1.70494
0.333994 0.416558 -1.7048
0.344836 0.41683 -1.70394
0.355171 0.417 -1.70371
0.365951 0.416861 -1.70501
0.374855 0.415961 -1.70321
0.384816 0.417149 -1.70524
0.39533 0.417353 -1.70513
0.405398 0.41734 -1.70492
0.414617 0.41713 -1.70333
-0.27407 0.420155 -1.70745
-0.26604 0.420283 -1.70797
-0.255587 0.420293 -1.708
-0.24556 0.42012 -1.7073
-0.13096 0.42071 -1.7097
-0.12531 0.42074 -1.7098
-0.114933 0.42053 -1.70897
-0.105527 0.42063 -1.70937
-0.0956393 0.420378 -1.70835
-0.0843435 0.420482 -1.70878
-0.075877 0.420405 -1.70845
-0.061743 0.420585 -1.7092
-0.053271 0.420535 -1.709
-0.0448253 0.420292 -1.70802
-0.036311 0.420525 -1.70895
-0.015089 0.42054 -1.709
-0.00091421 0.42059 -1.7092
0.00471373 0.420427 -1.70857
0.0160965 0.42057 -1.70915
0.0245913 0.4205 -1.70883
0.035935 0.420447 -1.70863
0.044491 0.42051 -1.70893
0.053022 0.42049 -1.7088
0.067369 0.42072 -1.7097
0.084533 0.42076 -1.7099
0.091595 0.42057 -1.70915
0.10737 0.42059 -1.7092
0.11892 0.42071 -1.7097
0.12453 0.420453 -1.70867
0.13897 0.42053 -1.709
0.14484 0.42068 -1.7096
0.17479 0.420717 -1.70973
0.185313 0.42053 -1.70897
0.19249 0.420385 -1.7084
0.22456 0.42028 -1.708
0.234863 0.420307 -1.70807
0.24401 0.420665 -1.70955
0.26159 0.42049 -1.7088
0.27518 0.42074 -1.7098
0.28247 0.42058 -1.7092
0.31851 0.42068 -1.7096
0.32159 0.42074 -1.7098
0.345287 0.4203 -1.70803
0.35279 0.42022 -1.7077
0.37926 0.42065 -1.7095
0.38237 0.42068 -1.7096
0.39326 0.42077 -1.70995
0.414508 0.420813 -1.70855
-0.13118 0.4883 -1.70285
-0.13131 0.49002 -1.7088
0.69073 -0.36963 -1.6962
0.64445 -0.34222 -1.6907
0.74842 -0.3472 -1.6902
0.7526 -0.34078 -1.6927
0.56555 -0.32858 -1.6945
0.5711 -0.293745 -1.69085
0.75871 0.13986 -1.6994
0.75727 0.14135 -1.6967
0.76463 0.146812 -1.69183
0.76697 0.150765 -1.6974
0.774515 0.152345 -1.69475
0.78649 0.155605 -1.6934
0.794275 0.155415 -1.6913
0.80195 0.15471 -1.6922
-0.78728 0.40454 -1.6972
-0.77451 0.40953 -1.6971
-0.763465 0.40795 -1.69055
-0.7356 0.40973 -1.6979
-0.72003 0.40814 -1.6914
-0.713727 0.408207 -1.69163
-0.57819 0.409915 -1.69175
-0.56422 0.40966 -1.6907
-0.555343 0.409817 -1.69133
-0.54328 0.409807 -1.6913
-0.53708 0.40964 -1.6906
-0.50156 0.4099 -1.6917
-0.49701 0.409805 -1.69135
-0.483625 0.40973 -1.691
-0.474637 0.409593 -1.69043
-0.44836 0.40972 -1.691
-0.431713 0.409067 -1.6906
-0.423715 0.409865 -1.6916
-0.416247 0.40962 -1.69057
-0.40471 0.40967 -1.6908
-0.394233 0.40982 -1.6914
-0.384577 0.409757 -1.69113
-0.37444 0.40966 -1.69075
-0.36738 0.40983 -1.6914
-0.33018 0.40978 -1.6912
-0.3274 0.40987 -1.6916
-0.31596 0.40978 -1.6912
-0.29613 0.409833 -1.69143
-0.28338 0.409795 -1.6913
-0.25656 0.40977 -1.6912
-0.24527 0.409713 -1.69093
-0.1333 0.40966 -1.6907
-0.12773 0.40811 -1.6912
-0.115175 0.409735 -1.69105
-0.0942607 0.40968 -1.6908
-0.080305 0.40997 -1.692
-0.062188 0.40888 -1.69095
-0.05521 0.409707 -1.6909
-0.035669 0.40893 -1.69115
-0.021632 0.40847 -1.6927
-0.0146798 0.40985 -1.6915
-0.00678627 0.409183 -1.69107
0.00513993 0.408704 -1.69092
0.021747 0.4099 -1.6917
0.042836 0.40997 -1.692
0.0539003 0.40792 -1.69043
0.0765417 0.409747 -1.69107
0.0850577 0.40984 -1.69147
0.114625 0.407955 -1.6906
0.123115 0.407925 -1.69045
0.15885 0.40968 -1.6908
0.16164 0.40957 -1.6904
0.17599 0.408025 -1.6909
0.184783 0.409843 -1.6915
0.20484 0.40812 -1.6913
0.226725 0.40989 -1.69165
0.235963 0.409923 -1.6918
0.24268 0.40983 -1.6914
0.25426 0.409723 -1.691
0.261555 0.4097 -1.6909
0.2721 0.40998 -1.6921
0.282315 0.409905 -1.69175
0.296975 0.408215 -1.6917
0.305073 0.40887 -1.69437
0.314813 0.408248 -1.6918
0.325123 0.408143 -1.69133
0.334263 0.409353 -1.69173
0.346567 0.40856 -1.69313
0.35521 0.40824 -1.69177
0.364313 0.408807 -1.6918
0.37948 0.40909 -1.6918
0.38871 0.40996 -1.692
0.39737 0.408 -1.6908
0.40539 0.408275 -1.6919
0.41312 0.409105 -1.69185
-0.66412 0.411595 -1.6987
-0.62256 0.41095 -1.69605
-0.615353 0.411333 -1.69763
-0.605943 0.41122 -1.6972
-0.59502 0.411103 -1.69667
-0.584935 0.410415 -1.69385
-0.573883 0.411882 -1.69477
-0.565482 0.411855 -1.69465
-0.556263 0.412137 -1.6941
-0.53001 0.41288 -1.6972
-0.523977 0.412853 -1.69707
-0.514897 0.412767 -1.6967
-0.50649 0.410335 -1.69355
-0.49039 0.41212 -1.694
-0.484964 0.413034 -1.69593
-0.477054 0.413586 -1.69742
-0.465525 0.412365 -1.69502
-0.455463 0.4126 -1.69603
-0.444632 0.411475 -1.69365
-0.434197 0.41176 -1.69257
-0.42525 0.411884 -1.69444
-0.414477 0.41291 -1.69562
-0.403638 0.41174 -1.69384
-0.39527 0.412948 -1.69637
-0.385523 0.412563 -1.69587
-0.374609 0.413301 -1.69726
-0.364806 0.413833 -1.69729
-0.354858 0.412662 -1.69494
-0.344722 0.413248 -1.696
-0.335416 0.413619 -1.69689
-0.32538 0.413577 -1.69672
-0.315498 0.412891 -1.69651
-0.305097 0.411453 -1.69472
-0.295452 0.413179 -1.69675
-0.285906 0.413217 -1.69669
-0.274738 0.412504 -1.69568
-0.265323 0.41125 -1.69388
-0.254816 0.412864 -1.69576
-0.245332 0.413377 -1.6959
-0.2399 0.41194 -1.6933
-0.132032 0.412517 -1.69572
-0.124617 0.411891 -1.69509
-0.115235 0.412535 -1.69575
-0.10544 0.41198 -1.69543
-0.0956515 0.412382 -1.6951
-0.0850583 0.411754 -1.69546
-0.0743035 0.412495 -1.69648
-0.0648679 0.412117 -1.69575
-0.0555862 0.413552 -1.69728
-0.0458809 0.411776 -1.69553
-0.0346736 0.412034 -1.69566
-0.0250424 0.411924 -1.69616
-0.014321 0.413063 -1.6979
-0.00350534 0.412464 -1.6955
0.00415943 0.412827 -1.69627
0.0149103 0.41127 -1.69395
0.0258855 0.41217 -1.69652
0.0348587 0.412057 -1.6972
0.0447814 0.41177 -1.69551
0.0544033 0.411528 -1.69502
0.0645289 0.412107 -1.6974
0.0747488 0.412532 -1.69578
0.0855477 0.412417 -1.69527
0.0948024 0.411403 -1.69497
0.104619 0.411783 -1.69557
0.114736 0.41149 -1.69536
0.12485 0.41231 -1.69773
0.134686 0.411487 -1.69533
0.1459 0.411022 -1.69462
0.15487 0.411946 -1.69624
0.166052 0.412408 -1.6964
0.175555 0.411777 -1.69604
0.18571 0.412647 -1.6962
0.19425 0.411702 -1.69572
0.205277 0.41188 -1.69533
0.214255 0.411375 -1.69437
0.223627 0.411838 -1.69517
0.234965 0.412168 -1.69595
0.245686 0.41216 -1.69694
0.253851 0.413754 -1.69793
0.264878 0.41295 -1.69638
0.275515 0.41201 -1.69587
0.2865 0.41265 -1.69847
0.294388 0.411324 -1.69624
0.305159 0.412223 -1.69739
0.31536 0.412419 -1.69727
0.32454 0.41271 -1.69824
0.335823 0.412287 -1.697
0.34426 0.411525 -1.69502
0.354493 0.411693 -1.69619
0.364166 0.412166 -1.69694
0.37446 0.41149 -1.69492
0.385264 0.41185 -1.69428
0.396007 0.411655 -1.69553
0.405496 0.412533 -1.6977
0.41543 0.413043 -1.69697
0.42085 0.41413 -1.6957
-0.13621 0.42546 -1.6919
-0.13097 0.485475 -1.693
0.5454 -0.38235 -1.6895
0.63615 -0.38161 -1.6862
0.6928 -0.36102 -1.6811
0.72209 -0.34521 -1.6806
0.73475 -0.34198 -1.6854
0.74575 -0.34404 -1.68406
0.751855 -0.34486 -1.6871
0.76088 -0.34329 -1.6876
0.74475 -0.33706 -1.68358
0.754477 -0.33365 -1.68423
0.764638 -0.335954 -1.68144
0.773563 -0.33547 -1.68173
0.75611 -0.3296 -1.6814
0.763156 -0.325678 -1.68338
0.77238 -0.32171 -1.6866
0.77601 -0.318675 -1.68405
0.782297 -0.31559 -1.6813
-0.93299 -0.26359 -1.6805
0.67751 -0.23359 -1.6863
0.71187 -0.1211 -1.6851
0.75566 0.14057 -1.6873
0.76484 0.14727 -1.6874
0.808925 0.145265 -1.68315
0.81432 0.145253 -1.68303
0.82226 0.14421 -1.68115
0.774992 0.151328 -1.68544
0.785535 0.152002 -1.6847
0.794103 0.15545 -1.6889
0.80452 0.151685 -1.68745
0.81263 0.150643 -1.68587
-0.8464 0.342905 -1.68565
-0.77184 0.40467 -1.6838
-0.765808 0.405343 -1.68488
-0.754482 0.40507 -1.68272
-0.745677 0.40538 -1.6833
-0.735853 0.40452 -1.6832
-0.725233 0.40741 -1.68833
-0.704255 0.407305 -1.6879
-0.696225 0.406372 -1.68572
-0.684295 0.4062 -1.6856
-0.676087 0.405993 -1.6847
-0.665853 0.407 -1.68663
-0.6554 0.40733 -1.688
-0.6447 0.405747 -1.68436
-0.63431 0.405894 -1.68476
-0.623823 0.406957 -1.68647
-0.61424 0.40671 -1.68543
-0.605393 0.406967 -1.6865
-0.594263 0.406125 -1.68527
-0.585203 0.404647 -1.68373
-0.574964 0.406844 -1.6846
-0.5647 0.405273 -1.6829
-0.555133 0.405641 -1.68393
-0.544991 0.405986 -1.68439
-0.534274 0.40644 -1.68512
-0.524944 0.406629 -1.68506
-0.51423 0.40688 -1.68525
-0.50533 0.406286 -1.68535
-0.49434 0.406395 -1.68522
-0.485151 0.405934 -1.68413
-0.475164 0.405793 -1.68453
-0.46475 0.406611 -1.68499
-0.454639 0.407071 -1.68553
-0.444531 0.405387 -1.68384
-0.436525 0.407168 -1.68615
-0.423498 0.405602 -1.68423
-0.414414 0.406419 -1.68614
-0.405297 0.40531 -1.68474
-0.394652 0.405572 -1.68413
-0.385279 0.405754 -1.6844
-0.375334 0.405817 -1.68367
-0.364168 0.40626 -1.68491
-0.355063 0.407017 -1.68667
-0.345474 0.407156 -1.68663
-0.335093 0.405943 -1.68505
-0.324693 0.406819 -1.68723
-0.314828 0.405477 -1.68373
-0.305089 0.405746 -1.68484
-0.295205 0.405727 -1.68478
-0.28438 0.40594 -1.68452
-0.275251 0.406483 -1.68523
-0.26489 0.40525 -1.6833
-0.254594 0.406495 -1.68624
-0.245904 0.405028 -1.68357
-0.23906 0.40737 -1.6847
-0.13133 0.40632 -1.68607
-0.12436 0.405303 -1.68528
-0.115106 0.40585 -1.68529
-0.105382 0.405832 -1.6852
-0.0961232 0.406437 -1.68656
-0.0839966 0.405373 -1.68534
-0.0752179 0.40559 -1.68567
-0.0652966 0.405807 -1.68559
-0.0550161 0.405398 -1.68595
-0.0457446 0.405845 -1.68618
-0.0347229 0.40573 -1.68529
-0.0253796 0.405504 -1.68454
-0.014983 0.406113 -1.68636
-0.00478048 0.405492 -1.68448
0.00524993 0.405178 -1.68452
0.0150257 0.405729 -1.68527
0.0250918 0.405785 -1.68587
0.0351074 0.404851 -1.68454
0.0448852 0.405605 -1.68427
0.0555982 0.405314 -1.68508
0.0653763 0.405684 -1.68509
0.074611 0.406513 -1.68688
0.0857569 0.40484 -1.68449
0.0946026 0.405617 -1.68546
0.104791 0.404514 -1.68376
0.115003 0.40457 -1.6834
0.125548 0.404413 -1.68409
0.135021 0.405126 -1.68486
0.145129 0.405978 -1.68582
0.155296 0.405354 -1.68469
0.164569 0.405189 -1.68534
0.174685 0.405065 -1.6837
0.184431 0.405819 -1.68564
0.194549 0.405824 -1.68582
0.205293 0.40583 -1.68556
0.215249 0.405616 -1.68579
0.225057 0.404822 -1.68442
0.234824 0.405224 -1.68541
0.243931 0.404873 -1.68464
0.254574 0.406146 -1.68651
0.264963 0.405283 -1.68508
0.27558 0.405762 -1.68577
0.285724 0.405401 -1.6849
0.294416 0.405376 -1.68538
0.304927 0.403645 -1.68295
0.315304 0.403616 -1.68455
0.325093 0.40429 -1.6845
0.335242 0.405008 -1.68519
0.343983 0.404042 -1.68462
0.354487 0.40484 -1.6845
0.366466 0.406154 -1.68722
0.374844 0.404791 -1.6843
0.3841 0.406285 -1.6862
0.394772 0.406018 -1.68598
0.405315 0.40361 -1.6828
0.416233 0.405999 -1.68588
0.42178 0.40258 -1.6819
0.41839 0.41081 -1.6887
-0.24369 0.48213 -1.6858
-0.1308 0.483317 -1.68547
0.73269 -0.39031 -1.6777
0.627325 -0.381515 -1.6741
-0.89695 -0.37099 -1.6782
0.63873 -0.37797 -1.6779
0.64191 -0.37621 -1.6779
0.664105 -0.378 -1.6781
-0.897645 -0.368015 -1.6768
0.68787 -0.36067 -1.6711
0.70059 -0.35495 -1.6772
0.73587 -0.35015 -1.6791
0.7079 -0.34876 -1.6724
0.71886 -0.3456 -1.6741
0.72411 -0.344085 -1.6728
0.735071 -0.34481 -1.67526
0.746219 -0.342574 -1.6735
0.75967 -0.34024 -1.6727
0.64125 -0.33587 -1.6778
0.73579 -0.33718 -1.6748
0.744087 -0.335873 -1.6775
0.7548 -0.336848 -1.67753
0.766003 -0.336227 -1.67674
0.773903 -0.332422 -1.67585
0.756215 -0.326685 -1.67555
0.765753 -0.324216 -1.67396
0.77797 -0.32041 -1.6709
0.78377 -0.32055 -1.67165
0.79812 -0.326555 -1.67035
0.774528 -0.318878 -1.67472
0.785741 -0.317505 -1.67666
0.79601 -0.31879 -1.6713
0.57803 -0.244965 -1.67685
0.71213 -0.093447 -1.6742
0.75256 0.13958 -1.6754
0.7995 0.13918 -1.6706
0.806808 0.138605 -1.67385
0.814237 0.137678 -1.67275
0.822863 0.136395 -1.67208
0.83333 0.13766 -1.6727
0.84159 0.13588 -1.67132
0.755975 0.142055 -1.675
0.765141 0.146157 -1.67483
0.77487 0.148043 -1.67667
0.787035 0.14791 -1.67513
0.798047 0.144277 -1.67177
0.80586 0.144845 -1.67582
0.814811 0.144518 -1.67663
0.826463 0.142605 -1.67505
0.83147 0.14183 -1.6723
0.77651 0.15006 -1.6794
0.78624 0.1517 -1.67757
0.79535 0.150623 -1.67897
0.807135 0.26625 -1.6746
0.807682 0.274035 -1.67272
0.8106 0.28778 -1.67075
0.79995 0.29212 -1.6704
0.80393 0.291443 -1.67327
0.68364 0.38604 -1.6779
-0.77384 0.39907 -1.6742
-0.75266 0.39812 -1.6703
-0.744303 0.398253 -1.67083
-0.72414 0.39831 -1.67105
-0.712865 0.398225 -1.67065
-0.70664 0.398285 -1.67095
-0.694025 0.39829 -1.6709
-0.655283 0.39845 -1.67163
-0.647305 0.398285 -1.67095
-0.63023 0.39817 -1.6705
-0.624517 0.398457 -1.67163
-0.6169 0.398475 -1.67175
-0.60297 0.39831 -1.671
-0.584673 0.398183 -1.6705
-0.574895 0.39876 -1.67292
-0.56397 0.398427 -1.67157
-0.55391 0.398745 -1.6729
-0.54744 0.398335 -1.67115
-0.532605 0.39834 -1.67115
-0.52538 0.398477 -1.67173
-0.515695 0.399042 -1.67408
-0.505753 0.399367 -1.67547
-0.49485 0.398792 -1.67305
-0.484743 0.39892 -1.67357
-0.475777 0.398707 -1.6727
-0.463885 0.39805 -1.67173
-0.45598 0.398117 -1.67198
-0.445005 0.39837 -1.6713
-0.43416 0.397925 -1.67118
-0.425625 0.399215 -1.67482
-0.415607 0.399253 -1.675
-0.4053 0.39892 -1.6736
-0.39486 0.398383 -1.67133
-0.384008 0.397932 -1.67178
-0.375002 0.397648 -1.67177
-0.365677 0.397744 -1.67167
-0.345615 0.398892 -1.67348
-0.334143 0.398598 -1.67222
-0.325668 0.39814 -1.67207
-0.31355 0.398136 -1.67172
-0.305316 0.398124 -1.67304
-0.296013 0.398453 -1.67397
-0.28547 0.39932 -1.6753
-0.275553 0.399043 -1.6741
-0.26431 0.398863 -1.67335
-0.255257 0.398448 -1.67335
-0.245037 0.399368 -1.67545
-0.23777 0.39853 -1.672
-0.1301 0.39874 -1.6729
-0.124602 0.398545 -1.67377
-0.114965 0.399148 -1.67455
-0.104762 0.398092 -1.67292
-0.0962593 0.398313 -1.67407
-0.084629 0.399568 -1.67633
-0.0749993 0.399097 -1.67433
-0.0645574 0.398382 -1.67278
-0.053401 0.398545 -1.67435
-0.0453277 0.39887 -1.67515
-0.0341422 0.398238 -1.67308
-0.0254495 0.397733 -1.67212
-0.0148 0.398078 -1.67357
-0.00561868 0.398227 -1.67302
0.00573065 0.398583 -1.67393
0.0141543 0.398366 -1.67429
0.0251516 0.397886 -1.67327
0.0347557 0.398399 -1.67441
0.0453385 0.399255 -1.675
0.0543164 0.398136 -1.67312
0.0656578 0.398523 -1.67427
0.073796 0.39814 -1.67314
0.0851648 0.398497 -1.67417
0.0953005 0.398021 -1.67331
0.105062 0.398126 -1.67308
0.115217 0.39936 -1.67545
0.124356 0.39851 -1.67466
0.13572 0.399006 -1.67538
0.145236 0.39794 -1.6735
0.155134 0.398504 -1.67326
0.165472 0.398408 -1.67424
0.174418 0.399255 -1.675
0.18465 0.399623 -1.67653
0.194651 0.398211 -1.6736
0.205867 0.399007 -1.6757
0.215507 0.398155 -1.67392
0.225385 0.397981 -1.67316
0.236028 0.398156 -1.67318
0.246177 0.398139 -1.67333
0.25371 0.398253 -1.67317
0.264243 0.397918 -1.6729
0.275402 0.398522 -1.6733
0.28399 0.398062 -1.67282
0.294818 0.397933 -1.67297
0.305106 0.398978 -1.67524
0.31578 0.397582 -1.6736
0.325369 0.398526 -1.67494
0.335802 0.397856 -1.67334
0.34416 0.399347 -1.67537
0.354006 0.398318 -1.67246
0.364743 0.399107 -1.67437
0.374866 0.398106 -1.6744
0.384443 0.398342 -1.6735
0.39476 0.39827 -1.6744
0.403293 0.398815 -1.67492
0.415043 0.39832 -1.67409
0.42205 0.39903 -1.674
-0.77187 0.40135 -1.6768
-0.764273 0.400747 -1.67427
-0.75432 0.400623 -1.67377
-0.74554 0.401133 -1.6759
-0.735503 0.400913 -1.67497
-0.725103 0.402152 -1.67672
-0.714949 0.402104 -1.67703
-0.704363 0.402123 -1.6766
-0.695272 0.40221 -1.67764
-0.68613 0.402016 -1.67684
-0.673632 0.401646 -1.67532
-0.664593 0.402126 -1.67711
-0.654834 0.40229 -1.6766
-0.644708 0.401114 -1.67446
-0.63377 0.401513 -1.67575
-0.624773 0.40205 -1.67632
-0.614803 0.401847 -1.67594
-0.604708 0.401905 -1.6757
-0.596292 0.401822 -1.67602
-0.58753 0.40077 -1.67435
-0.574918 0.402277 -1.67725
-0.566153 0.401508 -1.67572
-0.555305 0.401437 -1.67715
-0.544815 0.401798 -1.67695
-0.535323 0.400943 -1.6751
-0.525335 0.401277 -1.6765
-0.515972 0.40225 -1.6778
-0.505162 0.401735 -1.6784
-0.494815 0.402075 -1.67815
-0.48655 0.401895 -1.67735
-0.475542 0.40147 -1.67727
-0.464902 0.401425 -1.67538
-0.454832 0.40174 -1.67706
-0.444707 0.40115 -1.67597
-0.433942 0.402007 -1.67725
-0.426053 0.40246 -1.67975
-0.414885 0.401655 -1.67808
-0.394635 0.401448 -1.6772
-0.384563 0.401347 -1.6768
-0.374756 0.401498 -1.67604
-0.36471 0.40145 -1.67723
-0.354683 0.401305 -1.67663
-0.344947 0.401567 -1.67773
-0.33791 0.401625 -1.67795
-0.325447 0.402017 -1.67957
-0.315372 0.40168 -1.67817
-0.305587 0.40179 -1.67867
-0.295603 0.401525 -1.6775
-0.285485 0.402348 -1.6787
-0.27462 0.401577 -1.67773
-0.26471 0.401302 -1.67657
-0.2552 0.4019 -1.67907
-0.24404 0.401917 -1.67917
-0.2383 0.402265 -1.6772
-0.132003 0.401597 -1.67553
-0.124705 0.401855 -1.6789
-0.115002 0.401418 -1.6771
-0.105333 0.401477 -1.67733
-0.0956677 0.401852 -1.6789
-0.087373 0.40179 -1.6786
-0.0735595 0.401635 -1.678
-0.0653012 0.401197 -1.67617
-0.058324 0.40192 -1.6792
-0.0430815 0.40205 -1.67975
-0.034804 0.401857 -1.67895
-0.0251927 0.401413 -1.67707
-0.0162652 0.401418 -1.67848
-0.00432624 0.4018 -1.6787
0.0052558 0.401337 -1.67673
0.0151265 0.401863 -1.67895
0.023475 0.401895 -1.6791
0.0457425 0.401873 -1.679
0.055345 0.401487 -1.67737
0.0650392 0.401322 -1.6767
0.0756592 0.402032 -1.67795
0.081667 0.40305 -1.67933
0.093307 0.40194 -1.67925
0.114387 0.40194 -1.67923
0.13705 0.4021 -1.6799
0.145473 0.402003 -1.6795
0.15257 0.40202 -1.6796
0.16802 0.40179 -1.6786
0.174802 0.401343 -1.67677
0.184943 0.401583 -1.67777
0.198005 0.401855 -1.6789
0.203815 0.401955 -1.6793
0.214568 0.401552 -1.6794
0.24849 0.40198 -1.6794
0.255453 0.40128 -1.67825
0.26895 0.4021 -1.6799
0.276087 0.401473 -1.67733
0.28462 0.401715 -1.67835
0.294923 0.40177 -1.67857
0.31257 0.40019 -1.6789
0.32439 0.40177 -1.6786
0.33899 0.4 -1.6781
0.34836 0.40193 -1.6792
0.353887 0.40157 -1.67773
0.36453 0.401702 -1.6783
0.37505 0.40092 -1.67845
0.38416 0.40176 -1.67853
0.394845 0.40183 -1.67877
0.41347 0.402105 -1.67995
0.422075 0.402475 -1.6781
0.22633 0.42227 -1.6792
-0.13066 0.48148 -1.679
0.61199 -0.40794 -1.6631
0.69424 -0.40204 -1.6606
0.70379 -0.39826 -1.6669
0.61943 -0.385667 -1.66537
0.623894 -0.383556 -1.66591
0.63008 -0.38049 -1.6657
0.53778 -0.377315 -1.66725
0.625453 -0.378703 -1.6656
0.633738 -0.376658 -1.66434
0.644287 -0.374255 -1.66532
0.65039 -0.373985 -1.66415
0.661455 -0.372835 -1.6629
0.75039 -0.37338 -1.6614
0.67345 -0.36382 -1.6617
0.77155 -0.36334 -1.66345
0.6929 -0.35345 -1.662
0.718367 -0.35283 -1.66713
0.724434 -0.353039 -1.66699
0.77748 -0.356396 -1.66272
0.785522 -0.355186 -1.667
0.54391 -0.34814 -1.6611
0.70719 -0.347105 -1.6645
0.71753 -0.345321 -1.6619
0.724591 -0.345809 -1.66434
0.73354 -0.347013 -1.664
0.7464 -0.342627 -1.66385
0.75103 -0.340625 -1.66635
0.785352 -0.345391 -1.66271
0.794247 -0.34438 -1.66679
0.72838 -0.33746 -1.6672
0.7311 -0.33718 -1.6658
0.74623 -0.33068 -1.6693
0.75327 -0.335095 -1.6651
0.765584 -0.335246 -1.6636
0.773792 -0.331234 -1.66514
0.785071 -0.334768 -1.6631
0.794492 -0.334314 -1.66652
0.75855 -0.32587 -1.6669
0.766291 -0.324935 -1.66661
0.775426 -0.325058 -1.66621
0.784394 -0.324991 -1.66523
0.794222 -0.324251 -1.66808
0.8022 -0.32608 -1.66805
0.77281 -0.31987 -1.6681
0.79131 -0.31843 -1.6695
0.79661 0.12847 -1.6603
0.8013 0.12862 -1.6622
0.825265 0.12868 -1.66305
0.83348 0.12686 -1.6617
0.844476 0.127378 -1.66408
0.744823 0.136158 -1.66475
0.75089 0.1388 -1.666
0.784828 0.138193 -1.6638
0.79393 0.137635 -1.66725
0.807093 0.133973 -1.66143
0.814667 0.135759 -1.66687
0.824733 0.134512 -1.66654
0.833761 0.132559 -1.6655
0.84557 0.133694 -1.66655
0.75396 0.141313 -1.66293
0.763992 0.143945 -1.664
0.774993 0.143263 -1.66377
0.784488 0.142611 -1.6656
0.793553 0.143748 -1.66842
0.82014 0.1407 -1.6687
0.836225 0.23809 -1.6631
0.807575 0.265395 -1.6692
0.806902 0.278412 -1.66464
0.815102 0.27724 -1.66774
0.82495 0.275475 -1.663
0.80977 0.288155 -1.66295
0.81668 0.287051 -1.66254
0.80808 0.29962 -1.6643
0.8071 0.30695 -1.6644
0.812224 0.306532 -1.66266
0.80636 0.313955 -1.6634
0.815 0.312347 -1.66133
0.80748 0.324658 -1.66172
0.80738 0.33048 -1.6636
0.810345 0.331055 -1.66225
-0.83067 0.343975 -1.66595
0.8106 0.34039 -1.6608
-0.77199 0.394777 -1.6656
-0.76455 0.395373 -1.66577
-0.755036 0.394971 -1.66495
-0.744968 0.395118 -1.66468
-0.733877 0.395591 -1.66668
-0.724473 0.394805 -1.66453
-0.715933 0.394384 -1.66361
-0.703748 0.394702 -1.66412
-0.69601 0.39458 -1.66446
-0.685861 0.395209 -1.66507
-0.674614 0.395286 -1.66461
-0.664966 0.395668 -1.66629
-0.65508 0.394601 -1.66554
-0.644772 0.394483 -1.6644
-0.636039 0.395731 -1.66546
-0.625327 0.394173 -1.66427
-0.614513 0.394808 -1.66514
-0.604146 0.395374 -1.66576
-0.594685 0.395686 -1.66638
-0.585575 0.394867 -1.66598
-0.57366 0.394894 -1.6666
-0.564722 0.394293 -1.66478
-0.55484 0.394409 -1.66489
-0.544424 0.394594 -1.66517
-0.535233 0.39533 -1.66637
-0.524753 0.393615 -1.66313
-0.514358 0.392875 -1.66242
-0.504653 0.39424 -1.664
-0.49524 0.394095 -1.66392
-0.48427 0.39424 -1.66403
-0.475217 0.393597 -1.66466
-0.465035 0.394324 -1.66491
-0.455102 0.394622 -1.6669
-0.445649 0.39417 -1.66476
-0.43507 0.39499 -1.6659
-0.425095 0.39464 -1.66623
-0.416346 0.394329 -1.66543
-0.405783 0.394347 -1.66549
-0.394013 0.394653 -1.66507
-0.386498 0.39389 -1.66548
-0.37482 0.393152 -1.66357
-0.364255 0.393202 -1.66502
-0.354839 0.394178 -1.66537
-0.345179 0.393803 -1.66473
-0.335054 0.394111 -1.66451
-0.324675 0.394558 -1.66588
-0.315659 0.394396 -1.66573
-0.303672 0.393638 -1.66562
-0.294172 0.393252 -1.66491
-0.285076 0.393246 -1.66465
-0.274944 0.394192 -1.66556
-0.265748 0.393696 -1.66499
-0.254906 0.394386 -1.66564
-0.24444 0.394426 -1.66624
-0.23847 0.394385 -1.66515
-0.13269 0.39632 -1.6662
-0.125346 0.393657 -1.66489
-0.115402 0.393972 -1.66559
-0.105267 0.393297 -1.6654
-0.0952208 0.39294 -1.6651
-0.0847224 0.393656 -1.66572
-0.0751439 0.393471 -1.66494
-0.0659425 0.393188 -1.66439
-0.0551486 0.393148 -1.66503
-0.044643 0.393416 -1.6656
-0.0359862 0.393004 -1.66441
-0.0245237 0.392247 -1.6634
-0.0154113 0.394377 -1.66695
-0.00379272 0.393921 -1.6658
0.00467711 0.393028 -1.66468
0.0153044 0.392937 -1.6637
0.0248445 0.392088 -1.66275
0.0357354 0.392433 -1.66363
0.045222 0.393782 -1.66552
0.055971 0.393222 -1.66536
0.0645316 0.392701 -1.66377
0.075455 0.393449 -1.6663
0.0852892 0.393018 -1.66425
0.093789 0.392942 -1.66414
0.105086 0.392819 -1.66461
0.114633 0.395047 -1.66743
0.125965 0.394365 -1.66627
0.13483 0.392981 -1.6645
0.144979 0.392739 -1.66496
0.154877 0.392884 -1.6639
0.165054 0.393464 -1.6649
0.174827 0.393172 -1.66434
0.185022 0.393757 -1.6654
0.196643 0.393379 -1.6656
0.204507 0.393804 -1.66634
0.215404 0.392549 -1.66414
0.224912 0.392597 -1.66488
0.234396 0.393291 -1.6652
0.244658 0.393355 -1.66567
0.254906 0.393644 -1.66648
0.266185 0.393305 -1.66543
0.27451 0.393988 -1.6659
0.285549 0.393468 -1.66571
0.295548 0.392945 -1.66512
0.304386 0.394488 -1.66632
0.315111 0.392344 -1.66431
0.325264 0.392673 -1.66467
0.334776 0.392634 -1.66413
0.344508 0.393874 -1.66574
0.355412 0.39392 -1.66601
0.36452 0.393865 -1.66569
0.375352 0.392375 -1.66275
0.384688 0.393278 -1.6641
0.395492 0.39224 -1.66335
0.404343 0.393875 -1.66482
0.41557 0.392736 -1.66476
0.42061 0.39373 -1.66605
-0.130305 0.476795 -1.6627
0.612904 -0.415252 -1.65365
0.68519 -0.41262 -1.6535
0.60841 -0.403132 -1.6524
0.611592 -0.40433 -1.65375
0.68791 -0.40565 -1.6538
0.60936 -0.39736 -1.65225
0.61208 -0.397075 -1.651
0.69471 -0.39899 -1.6553
0.614863 -0.385913 -1.65255
0.624315 -0.382823 -1.65382
0.71743 -0.38521 -1.6558
-0.87931 -0.3755 -1.65535
0.62859 -0.37985 -1.6552
0.635411 -0.377439 -1.65619
0.645329 -0.376174 -1.65542
0.65101 -0.37445 -1.6546
0.72781 -0.37878 -1.6505
0.74784 -0.36516 -1.6519
0.755934 -0.364149 -1.65403
0.763717 -0.36298 -1.6578
0.67464 -0.358905 -1.65475
0.68297 -0.35311 -1.65235
0.695377 -0.353877 -1.65318
0.704927 -0.355545 -1.65143
0.71322 -0.35292 -1.6514
0.72511 -0.35255 -1.6578
0.755482 -0.357012 -1.65148
0.765067 -0.355456 -1.65584
0.772466 -0.354253 -1.65867
0.694533 -0.348633 -1.6526
0.704104 -0.345199 -1.65294
0.71147 -0.34441 -1.6599
0.72641 -0.34847 -1.6545
0.733976 -0.345402 -1.6563
0.743785 -0.34192 -1.65415
0.756582 -0.34507 -1.6515
0.764551 -0.344801 -1.65406
0.774701 -0.345152 -1.65704
0.78384 -0.342955 -1.65927
0.7223 -0.33346 -1.6563
0.74863 -0.3394 -1.6523
0.756187 -0.338798 -1.65337
0.765281 -0.336713 -1.65624
0.774385 -0.334758 -1.65709
0.782747 -0.336267 -1.6592
0.57541 -0.22219 -1.6592
0.71669 -0.059214 -1.6586
0.83565 0.11958 -1.65387
0.84094 0.11935 -1.6506
0.858207 0.118313 -1.65087
0.864753 0.117273 -1.65153
0.87537 0.11723 -1.6507
0.7884 0.12786 -1.6524
0.79655 0.127884 -1.65296
0.806076 0.128254 -1.65334
0.815738 0.126108 -1.65443
0.825208 0.125675 -1.65715
0.834403 0.125224 -1.65538
0.845984 0.124921 -1.6558
0.854584 0.126898 -1.6578
0.865184 0.122084 -1.65264
0.87431 0.12426 -1.6505
0.746273 0.135707 -1.65587
0.754462 0.138381 -1.65601
0.766083 0.136448 -1.65278
0.77332 0.136612 -1.65623
0.787205 0.133543 -1.65295
0.795779 0.132837 -1.65681
0.80192 0.13227 -1.6569
0.818215 0.131505 -1.65715
0.82245 0.13135 -1.6552
0.75874 0.14143 -1.65795
0.765643 0.14185 -1.6567
0.77415 0.14137 -1.6573
0.70639 0.15419 -1.6523
0.83869 0.23738 -1.6582
0.84136 0.23547 -1.6568
0.82487 0.24087 -1.659
0.78627 0.27749 -1.6551
0.828275 0.275113 -1.65635
0.835872 0.274614 -1.6563
0.84136 0.274245 -1.65085
0.81734 0.28322 -1.6581
0.824477 0.28482 -1.65566
0.83192 0.281983 -1.65417
0.842925 0.280535 -1.65235
0.81516 0.29183 -1.6591
0.826187 0.295744 -1.65854
0.833127 0.293267 -1.65427
0.81389 0.307004 -1.6565
0.825163 0.304216 -1.65529
0.83223 0.30604 -1.65247
0.808484 0.31527 -1.6549
0.814991 0.315904 -1.65646
0.823973 0.31487 -1.65515
0.8322 0.31623 -1.6525
0.80825 0.32505 -1.65347
0.813029 0.324984 -1.65494
0.82105 0.32456 -1.6506
0.80937 0.3358 -1.6554
0.813831 0.33472 -1.65494
0.80572 0.345178 -1.65258
0.814403 0.345967 -1.65299
0.82361 0.34022 -1.6518
0.806818 0.35168 -1.65694
0.814388 0.35468 -1.65178
-0.77242 0.387763 -1.6529
-0.76504 0.388953 -1.65553
-0.755387 0.388061 -1.65347
-0.744797 0.388741 -1.6553
-0.734637 0.388097 -1.65433
-0.724465 0.388288 -1.6539
-0.715713 0.38866 -1.65427
-0.703738 0.388115 -1.65317
-0.696067 0.388237 -1.6549
-0.685467 0.387553 -1.65447
-0.6751 0.388377 -1.65377
-0.664343 0.388105 -1.65435
-0.655512 0.387755 -1.65407
-0.643816 0.389006 -1.65478
-0.634508 0.38821 -1.65358
-0.624546 0.387954 -1.65299
-0.615082 0.388387 -1.65435
-0.604107 0.387682 -1.65315
-0.5947 0.388137 -1.65377
-0.584982 0.388328 -1.65408
-0.576137 0.388397 -1.6544
-0.564863 0.386912 -1.65173
-0.5551 0.38736 -1.6536
-0.546487 0.387537 -1.65437
-0.535463 0.388149 -1.65383
-0.525525 0.38678 -1.65297
-0.516397 0.386735 -1.65342
-0.50405 0.387703 -1.65416
-0.494681 0.388149 -1.65386
-0.485887 0.38703 -1.65407
-0.474194 0.38774 -1.65378
-0.465189 0.38673 -1.65303
-0.454259 0.38694 -1.6533
-0.444987 0.38742 -1.6539
-0.434394 0.387514 -1.65427
-0.425698 0.38773 -1.65338
-0.415153 0.387417 -1.65388
-0.404973 0.387087 -1.65247
-0.395099 0.388176 -1.65464
-0.384621 0.38657 -1.65341
-0.375178 0.387053 -1.65353
-0.364197 0.38699 -1.65205
-0.355318 0.386798 -1.65416
-0.34515 0.387652 -1.6549
-0.335697 0.386658 -1.65247
-0.325553 0.38747 -1.6541
-0.31544 0.387226 -1.6541
-0.306266 0.38654 -1.65306
-0.29431 0.386417 -1.65274
-0.285942 0.38672 -1.65384
-0.275622 0.386305 -1.65281
-0.26546 0.386927 -1.65491
-0.254232 0.388462 -1.65538
-0.245579 0.386654 -1.65429
-0.23695 0.386804 -1.65272
-0.132315 0.38767 -1.6513
-0.126234 0.386733 -1.65279
-0.114884 0.386434 -1.65283
-0.105193 0.386315 -1.65285
-0.0956889 0.386729 -1.6546
-0.0852789 0.386217 -1.65364
-0.075324 0.3864 -1.6532
-0.0663694 0.386876 -1.6547
-0.0543467 0.386716 -1.65401
-0.044644 0.386417 -1.65379
-0.035264 0.38696 -1.65509
-0.0243969 0.386422 -1.65549
-0.01515 0.386119 -1.65382
-0.00605763 0.38746 -1.6551
0.0057124 0.387251 -1.6563
0.0158804 0.386159 -1.654
0.0241573 0.386395 -1.655
0.0348438 0.387332 -1.65498
0.0452624 0.387028 -1.65514
0.0542003 0.386596 -1.65404
0.0658079 0.386801 -1.6544
0.0748342 0.386675 -1.65437
0.084502 0.386746 -1.65468
0.09537 0.386449 -1.65341
0.10482 0.386083 -1.65183
0.114787 0.386594 -1.65404
0.124658 0.385756 -1.65329
0.134847 0.386811 -1.65443
0.145264 0.38653 -1.65376
0.15527 0.3869 -1.65532
0.165465 0.386223 -1.65462
0.175449 0.38653 -1.65427
0.184861 0.386513 -1.65314
0.194982 0.385294 -1.65275
0.204543 0.386116 -1.65398
0.215003 0.386726 -1.65513
0.224691 0.386941 -1.655
0.234781 0.38666 -1.65483
0.244951 0.386532 -1.65466
0.255036 0.386359 -1.65426
0.265178 0.386607 -1.65407
0.274821 0.3867 -1.65501
0.284681 0.386926 -1.65493
0.293997 0.386657 -1.65428
0.304629 0.387241 -1.65557
0.31518 0.3866 -1.65459
0.325314 0.386244 -1.65454
0.33543 0.386463 -1.654
0.345443 0.386663 -1.6538
0.355243 0.386655 -1.6543
0.365304 0.387211 -1.6538
0.375024 0.386951 -1.65399
0.385776 0.386586 -1.65451
0.394521 0.385677 -1.65269
0.404771 0.387 -1.65579
0.414328 0.386908 -1.65464
0.421975 0.387225 -1.65305
-0.771405 0.390265 -1.655
-0.76987 0.39035 -1.659
-0.742615 0.39201 -1.6587
-0.736537 0.39079 -1.65843
-0.71513 0.39008 -1.6579
-0.707405 0.391795 -1.65785
-0.69316 0.39007 -1.6578
-0.685635 0.390235 -1.6585
-0.67658 0.392035 -1.65885
-0.66855 0.39022 -1.6585
-0.65289 0.39006 -1.6578
-0.633525 0.39203 -1.65885
-0.62606 0.39213 -1.6592
-0.61021 0.39001 -1.6576
-0.60628 0.391247 -1.65917
-0.58083 0.39212 -1.6592
-0.574883 0.39159 -1.6594
-0.56564 0.390263 -1.65863
-0.556793 0.390307 -1.65883
-0.545233 0.39052 -1.65973
-0.53024 0.3903 -1.6588
-0.523437 0.390877 -1.6588
-0.51881 0.39054 -1.6598
-0.485854 0.390552 -1.65844
-0.463435 0.390315 -1.6589
-0.45764 0.39027 -1.6587
-0.444607 0.390127 -1.65803
-0.435535 0.391575 -1.65873
-0.423423 0.390353 -1.65903
-0.41302 0.390923 -1.659
-0.406397 0.390363 -1.65907
-0.39644 0.39194 -1.65845
-0.383653 0.390193 -1.65833
-0.37509 0.390045 -1.6577
-0.36683 0.39026 -1.65865
-0.34149 0.39006 -1.6578
-0.334677 0.390295 -1.6588
-0.32494 0.39032 -1.6589
-0.314617 0.390117 -1.65803
-0.305353 0.3901 -1.65797
-0.273695 0.390415 -1.6593
-0.26268 0.39046 -1.6595
-0.255655 0.39017 -1.65825
-0.246115 0.390385 -1.6592
-0.237795 0.391035 -1.65825
-0.13249 0.39184 -1.658
-0.12703 0.39023 -1.6585
-0.11204 0.390275 -1.6587
-0.10795 0.39028 -1.6587
-0.0151603 0.390413 -1.65927
-0.00693095 0.3905 -1.65965
0.01226 0.39056 -1.6599
0.036886 0.39035 -1.659
0.0823845 0.39046 -1.65945
0.0961985 0.39043 -1.65935
0.115612 0.39043 -1.65935
0.125387 0.390503 -1.65967
0.16166 0.39046 -1.6595
0.18689 0.39039 -1.6592
0.19252 0.39038 -1.6592
0.20818 0.39052 -1.6597
0.22953 0.39058 -1.66
0.23792 0.39041 -1.6593
0.24086 0.3905 -1.6596
0.25809 0.39056 -1.6599
0.26514 0.390425 -1.65935
0.27389 0.390545 -1.65985
0.28675 0.39042 -1.6593
0.29814 0.39024 -1.6586
0.302475 0.39023 -1.6585
0.34814 0.39048 -1.6596
0.35114 0.39053 -1.6598
0.385723 0.390477 -1.65957
0.406115 0.390405 -1.65925
0.416585 0.391165 -1.6588
0.42267 0.39119 -1.6589
0.40974 0.40075 -1.654
-0.13536 0.41274 -1.659
-0.13016 0.47487 -1.656
0.51428 -0.41498 -1.6424
0.616649 -0.414899 -1.64686
0.622132 -0.415586 -1.64252
0.66405 -0.41877 -1.64313
0.67889 -0.41443 -1.647
0.60253 -0.40133 -1.6432
0.613725 -0.405234 -1.64408
0.67847 -0.40773 -1.6409
0.607205 -0.39216 -1.6449
0.614657 -0.394633 -1.64471
0.69922 -0.39146 -1.6455
0.606995 -0.38717 -1.64565
0.616631 -0.3885 -1.64546
0.625553 -0.384228 -1.6446
0.634441 -0.380967 -1.64401
0.64112 -0.382085 -1.64235
0.69922 -0.38984 -1.6459
0.7182 -0.3809 -1.6448
0.637398 -0.378965 -1.64577
0.645087 -0.376171 -1.64461
0.72505 -0.374408 -1.64287
0.73624 -0.372413 -1.64813
-1.0087 -0.36009 -1.6447
0.61207 -0.36346 -1.6441
0.65811 -0.36257 -1.64405
0.735584 -0.365778 -1.64373
0.744538 -0.363981 -1.64755
0.75166 -0.363745 -1.6494
-1.0258 -0.35966 -1.6427
-1.0183 -0.35474 -1.6436
-0.994345 -0.35336 -1.6494
0.53395 -0.35785 -1.6499
0.61476 -0.35665 -1.6444
0.674512 -0.358042 -1.64435
0.685197 -0.353732 -1.643
0.694038 -0.355003 -1.64347
0.70475 -0.351866 -1.64644
0.71317 -0.353045 -1.6479
0.72976 -0.35226 -1.6402
0.737214 -0.355917 -1.64231
0.745027 -0.355129 -1.64547
0.75444 -0.352328 -1.6486
0.61745 -0.34812 -1.6449
0.68879 -0.348875 -1.6445
0.695368 -0.348396 -1.64616
0.702897 -0.348148 -1.649
0.72518 -0.347193 -1.64573
0.735291 -0.345159 -1.6437
0.745106 -0.345472 -1.64441
0.754103 -0.343333 -1.6464
-0.88914 -0.331775 -1.64355
0.74757 -0.339975 -1.6469
-1.0069 -0.28469 -1.6439
0.64731 -0.25703 -1.6483
0.88485 -0.16083 -1.6405
0.884538 -0.154578 -1.64174
0.883443 -0.144278 -1.64304
0.8785 -0.13121 -1.6448
0.88192 -0.13362 -1.6427
0.87904 -0.12964 -1.6458
0.883422 -0.126742 -1.64315
0.878463 -0.115973 -1.644
0.881895 -0.113132 -1.64277
0.874465 -0.1081 -1.64315
0.88266 -0.10971 -1.6413
-0.19186 -0.050524 -1.6483
0.85624 0.10903 -1.6464
0.86728 0.10565 -1.6408
0.87949 0.10732 -1.6423
0.883205 0.10839 -1.64223
0.815409 0.116141 -1.64241
0.825008 0.115043 -1.64273
0.833566 0.115388 -1.64484
0.845447 0.117069 -1.64456
0.85305 0.114556 -1.64334
0.86697 0.112177 -1.64373
0.875404 0.112642 -1.64356
0.882577 0.113529 -1.64501
0.76933 0.12884 -1.6437
0.776668 0.127778 -1.64438
0.78406 0.12524 -1.64518
0.792396 0.123631 -1.64442
0.805117 0.123852 -1.64485
0.812167 0.122692 -1.64625
0.823392 0.121818 -1.6475
0.834963 0.12067 -1.6467
0.845155 0.12079 -1.64845
0.853607 0.120707 -1.64727
0.73404 0.131883 -1.64233
0.74274 0.132276 -1.6431
0.756974 0.135611 -1.64777
0.765964 0.132939 -1.64634
0.776437 0.132248 -1.64668
0.78173 0.13069 -1.6468
-0.95436 0.22516 -1.642
0.86158 0.22532 -1.6431
0.83341 0.27994 -1.6488
0.84828 0.27657 -1.6497
0.82281 0.2832 -1.6489
0.83875 0.28413 -1.6448
0.846697 0.28934 -1.6449
0.838455 0.29457 -1.6455
0.844663 0.293063 -1.64261
0.816607 0.30694 -1.6464
0.827675 0.306285 -1.6468
0.835127 0.305282 -1.64491
0.845124 0.306291 -1.64441
0.851483 0.302437 -1.64233
0.813473 0.318063 -1.64665
0.82666 0.314334 -1.64664
0.83602 0.31405 -1.64627
0.84375 0.3168 -1.64334
0.80942 0.32432 -1.6494
0.814065 0.325516 -1.64515
0.82457 0.324733 -1.64486
0.835173 0.32377 -1.64478
0.84465 0.324932 -1.64216
0.814102 0.336607 -1.64491
0.826064 0.33613 -1.64492
0.833903 0.33456 -1.64429
0.842824 0.33548 -1.64188
0.806215 0.341685 -1.6466
0.816069 0.346186 -1.64578
0.823873 0.343416 -1.6446
0.834943 0.344303 -1.64123
-0.80098 0.3552 -1.6416
0.7981 0.352993 -1.6447
0.805651 0.354107 -1.64567
0.815366 0.354424 -1.64478
0.824063 0.354529 -1.64388
0.833726 0.353016 -1.6427
-0.789 0.36548 -1.6415
0.805173 0.364595 -1.64142
0.816486 0.364996 -1.64565
0.825041 0.364958 -1.64148
0.83142 0.366205 -1.64085
-0.77084 0.37935 -1.641
-0.51924 0.37959 -1.642
-0.50179 0.37948 -1.6416
-0.494923 0.379333 -1.64093
-0.48456 0.379463 -1.6415
-0.47853 0.37918 -1.6403
-0.4444 0.37915 -1.6402
-0.43031 0.37916 -1.6402
-0.424927 0.37942 -1.64133
-0.415095 0.37942 -1.6413
-0.395557 0.379497 -1.64165
-0.384415 0.379515 -1.64173
-0.37741 0.37946 -1.6415
-0.353755 0.37936 -1.64105
-0.34678 0.379277 -1.6407
-0.333015 0.37931 -1.6408
-0.32748 0.37927 -1.6407
-0.313877 0.379483 -1.64157
-0.305577 0.379363 -1.6411
-0.282455 0.379615 -1.64215
-0.274197 0.379493 -1.64163
-0.264553 0.379283 -1.6407
-0.255513 0.379343 -1.641
-0.24004 0.37916 -1.6402
-0.125308 0.379297 -1.6408
-0.114555 0.37956 -1.64192
-0.105127 0.379095 -1.64185
-0.0957 0.37958 -1.642
-0.088968 0.37952 -1.6418
-0.071448 0.379705 -1.64255
-0.0641956 0.37877 -1.6416
-0.0561172 0.379064 -1.64132
-0.0441053 0.379243 -1.6406
-0.035057 0.37962 -1.64217
-0.026962 0.379617 -1.6422
-0.0152567 0.379637 -1.64227
-0.00533967 0.379663 -1.64237
0.0041479 0.379735 -1.6427
0.0140095 0.378963 -1.64192
0.0283655 0.37928 -1.6407
0.0338745 0.379515 -1.64175
0.0461563 0.379683 -1.64247
0.0556017 0.37952 -1.64172
0.0638345 0.37967 -1.6424
0.0747992 0.3798 -1.64297
0.0829125 0.37965 -1.6423
0.09772 0.37755 -1.6409
0.10336 0.378688 -1.642
0.11449 0.379807 -1.64303
0.122545 0.37867 -1.64195
0.136427 0.379703 -1.64253
0.14461 0.379567 -1.642
0.1557 0.37963 -1.6422
0.162765 0.37982 -1.64305
0.17506 0.37957 -1.64197
0.18484 0.379632 -1.64225
0.194323 0.379313 -1.64083
0.20367 0.3788 -1.6412
0.21157 0.37986 -1.6432
0.224944 0.37941 -1.64282
0.235235 0.37961 -1.64215
0.243795 0.379715 -1.64255
0.25815 0.37991 -1.6434
0.26489 0.379553 -1.64193
0.271735 0.379305 -1.64085
0.284837 0.379557 -1.6419
0.2943 0.379483 -1.6416
0.31372 0.379705 -1.64255
0.32502 0.379485 -1.6416
0.332415 0.37961 -1.64215
0.344145 0.379685 -1.6425
0.355615 0.379525 -1.64175
0.36589 0.37954 -1.6418
0.376335 0.37965 -1.64235
0.383807 0.37972 -1.6426
0.39359 0.379087 -1.64247
0.404487 0.379657 -1.64233
0.413297 0.37956 -1.64193
0.80875 0.37458 -1.6439
0.816433 0.375238 -1.64303
0.82335 0.373436 -1.64172
-0.77114 0.382707 -1.64347
-0.764199 0.383151 -1.645
-0.754747 0.382764 -1.64543
-0.745604 0.383398 -1.64692
-0.734434 0.382881 -1.6445
-0.724465 0.382388 -1.64328
-0.714658 0.383773 -1.6464
-0.705327 0.383293 -1.64561
-0.69494 0.383302 -1.64477
-0.684873 0.38371 -1.64537
-0.674766 0.383044 -1.64559
-0.664693 0.382802 -1.64508
-0.655958 0.382728 -1.64548
-0.644244 0.383774 -1.64557
-0.635622 0.382712 -1.64468
-0.626017 0.38304 -1.64559
-0.615299 0.382541 -1.64447
-0.605428 0.382637 -1.64435
-0.595189 0.382785 -1.645
-0.584942 0.382903 -1.64548
-0.575366 0.383134 -1.64597
-0.565016 0.382741 -1.64533
-0.554717 0.383127 -1.64594
-0.544256 0.38258 -1.64464
-0.534413 0.38328 -1.6466
-0.524118 0.382535 -1.64512
-0.513963 0.3826 -1.646
-0.505867 0.383025 -1.64723
-0.4945 0.383028 -1.64603
-0.484795 0.382922 -1.64557
-0.47483 0.382556 -1.64454
-0.46661 0.382695 -1.64643
-0.454997 0.381403 -1.64267
-0.44459 0.383145 -1.64655
-0.436278 0.382574 -1.64626
-0.425429 0.383313 -1.64676
-0.415751 0.38308 -1.64679
-0.404999 0.383075 -1.64625
-0.395503 0.383458 -1.64788
-0.385103 0.381932 -1.64495
-0.374033 0.383172 -1.64787
-0.36442 0.383018 -1.646
-0.354602 0.38263 -1.64553
-0.345198 0.383322 -1.64732
-0.335297 0.383197 -1.64729
-0.324551 0.383495 -1.64804
-0.314072 0.382893 -1.64727
-0.304038 0.382745 -1.64605
-0.296105 0.382755 -1.64667
-0.284712 0.382164 -1.6445
-0.274853 0.382365 -1.64685
-0.263795 0.382535 -1.64573
-0.255163 0.38314 -1.64704
-0.244902 0.382625 -1.64795
-0.236315 0.381615 -1.6436
-0.13217 0.382955 -1.6457
-0.125176 0.382908 -1.6477
-0.114348 0.382672 -1.6467
-0.105153 0.38231 -1.64657
-0.095695 0.382525 -1.64748
-0.0835403 0.382227 -1.6462
-0.074087 0.382143 -1.64585
-0.063911 0.383015 -1.64777
-0.0559602 0.382664 -1.64664
-0.0443228 0.382378 -1.64685
-0.034872 0.382257 -1.64637
-0.025911 0.38142 -1.6451
-0.0131717 0.382407 -1.64697
-0.00435665 0.382802 -1.64688
0.00371204 0.38295 -1.64788
0.0141077 0.382847 -1.64887
0.025498 0.38194 -1.64675
0.0350255 0.382756 -1.64666
0.0438562 0.382303 -1.64655
0.0548567 0.382523 -1.64747
0.064455 0.382607 -1.64783
0.0754085 0.382622 -1.64793
0.0850367 0.382697 -1.64823
0.095381 0.381845 -1.64697
0.105308 0.381598 -1.6459
0.11503 0.38229 -1.64647
0.126592 0.381318 -1.64664
0.133635 0.381878 -1.64653
0.144302 0.38271 -1.6483
0.154574 0.382404 -1.6484
0.16511 0.381895 -1.6484
0.173868 0.382172 -1.64742
0.18451 0.382533 -1.64757
0.208153 0.38155 -1.6469
0.21587 0.381858 -1.64752
0.224963 0.382268 -1.6464
0.23471 0.38213 -1.6458
0.245605 0.382025 -1.64718
0.254662 0.38146 -1.64653
0.264735 0.382367 -1.64685
0.27617 0.381478 -1.64586
0.285062 0.38266 -1.6481
0.295197 0.382727 -1.64837
0.305383 0.38159 -1.64656
0.315135 0.382095 -1.64745
0.325055 0.381505 -1.64673
0.336117 0.382027 -1.64717
0.344676 0.381752 -1.64704
0.353932 0.381984 -1.64662
0.364625 0.38279 -1.64683
0.374955 0.382392 -1.64692
0.38559 0.382597 -1.6478
0.3949 0.381117 -1.64623
0.40522 0.382793 -1.64865
0.415554 0.382916 -1.64628
0.42143 0.38147 -1.64438
0.816855 0.38881 -1.6452
0.822324 0.38634 -1.64198
0.817365 0.390615 -1.64565
0.82412 0.39278 -1.641
0.58805 -0.42349 -1.6341
0.62918 -0.423735 -1.6385
0.635391 -0.423945 -1.63553
0.642266 -0.426039 -1.63349
0.626014 -0.414903 -1.63744
0.633329 -0.415289 -1.63243
0.64182 -0.41915 -1.6312
0.65207 -0.41768 -1.6322
0.66906 -0.41372 -1.63385
0.59181 -0.40726 -1.632
0.618186 -0.40361 -1.63834
0.624822 -0.404955 -1.63538
0.631794 -0.40673 -1.63266
0.618755 -0.395472 -1.63828
0.623424 -0.393466 -1.63341
0.632337 -0.392687 -1.63277
-0.86004 -0.3886 -1.6335
0.60503 -0.38456 -1.6381
0.62529 -0.387341 -1.63539
0.634424 -0.38513 -1.63486
0.641157 -0.383553 -1.63383
0.7027 -0.382775 -1.6342
0.642642 -0.376648 -1.6351
0.709103 -0.37474 -1.63297
0.71547 -0.372734 -1.63556
0.72124 -0.37436 -1.6389
0.649255 -0.365775 -1.63525
0.667735 -0.361045 -1.63325
0.676394 -0.3608 -1.63526
0.68114 -0.36011 -1.6368
0.709027 -0.366107 -1.63033
0.71549 -0.364311 -1.63251
0.724467 -0.364958 -1.63669
0.73071 -0.3625 -1.6398
-1.00633 -0.357943 -1.6347
0.65616 -0.35943 -1.6337
0.66595 -0.358247 -1.6336
0.675426 -0.354433 -1.63502
0.684602 -0.357153 -1.63464
0.693207 -0.355713 -1.63493
0.70678 -0.351423 -1.63363
0.715107 -0.355073 -1.63206
0.725044 -0.355081 -1.63675
0.73355 -0.35377 -1.6392
-0.88051 -0.34185 -1.6311
0.61591 -0.34277 -1.6355
0.716078 -0.348478 -1.63462
0.724699 -0.347581 -1.63735
0.732205 -0.34777 -1.6393
-0.98538 -0.33255 -1.6349
-0.89923 -0.29209 -1.6377
-0.91537 -0.23595 -1.6322
0.89589 -0.166707 -1.63377
0.887577 -0.152027 -1.6359
0.893005 -0.153531 -1.63353
0.90056 -0.155625 -1.63055
0.886406 -0.146051 -1.63744
0.893407 -0.146103 -1.63388
0.90001 -0.14733 -1.6305
0.67793 -0.1369 -1.6314
0.885382 -0.134046 -1.63524
0.89155 -0.13114 -1.6333
0.878075 -0.120775 -1.63635
0.884912 -0.12534 -1.63551
0.89052 -0.127975 -1.63485
0.87875 -0.11722 -1.6359
0.883202 -0.114632 -1.6329
0.87426 -0.107325 -1.6314
0.88035 -0.1091 -1.6321
-1.0935 -0.048516 -1.6355
0.882995 0.097914 -1.63255
0.90634 0.095052 -1.6325
0.804308 0.108982 -1.63148
0.81472 0.109653 -1.63213
0.826205 0.108388 -1.63242
0.836313 0.107073 -1.63128
0.846548 0.107392 -1.63468
0.855403 0.107365 -1.63506
0.86457 0.106443 -1.6358
0.87596 0.10386 -1.63333
0.884442 0.104172 -1.63522
0.892696 0.1054 -1.63567
0.903248 0.103594 -1.6319
0.776293 0.11856 -1.6323
0.783278 0.11725 -1.6324
0.795578 0.116849 -1.63433
0.804296 0.116264 -1.6345
0.815235 0.114295 -1.63707
0.82569 0.11007 -1.6383
0.83507 0.113929 -1.63824
0.845017 0.113483 -1.63703
0.855414 0.112098 -1.6368
0.863815 0.112702 -1.63778
0.89589 0.110985 -1.6385
0.7284 0.12953 -1.6323
0.736047 0.127785 -1.63388
0.744876 0.127131 -1.63286
0.754563 0.125795 -1.63407
0.764804 0.124573 -1.63466
0.772307 0.122977 -1.63317
0.78224 0.12224 -1.63827
0.794797 0.122257 -1.63858
0.80165 0.12012 -1.6393
0.745303 0.131935 -1.63785
0.75238 0.13155 -1.6382
0.85168 0.288873 -1.63907
0.866627 0.28825 -1.6339
0.84779 0.2968 -1.6393
0.85177 0.293915 -1.63735
0.86558 0.29445 -1.6356
0.87112 0.2918 -1.6301
0.83348 0.30851 -1.6377
0.84938 0.30581 -1.63725
0.853803 0.306123 -1.63737
0.864505 0.307335 -1.6315
0.815537 0.318305 -1.6347
0.82238 0.31972 -1.6353
0.84726 0.31218 -1.6356
0.85628 0.317554 -1.63482
0.816216 0.326584 -1.637
0.82101 0.325825 -1.6379
0.83751 0.325253 -1.63717
0.843245 0.32629 -1.63835
0.85282 0.32391 -1.63488
-0.81971 0.33547 -1.6368
0.81675 0.331635 -1.63875
0.82075 0.33032 -1.6366
0.834779 0.335484 -1.6381
0.845416 0.335501 -1.63529
0.853892 0.333152 -1.63223
0.80485 0.34897 -1.6364
0.818937 0.34286 -1.63707
0.824757 0.345273 -1.63659
0.835208 0.345132 -1.63615
0.84466 0.34436 -1.63369
0.855485 0.341855 -1.631
0.80434 0.35038 -1.6352
0.81849 0.35889 -1.6391
0.826446 0.357213 -1.63597
0.835245 0.355238 -1.634
0.84388 0.353033 -1.63322
-0.78223 0.36863 -1.6327
0.81746 0.366755 -1.63555
0.826237 0.366587 -1.63553
0.834034 0.365475 -1.63587
0.841434 0.365344 -1.6332
0.85095 0.36481 -1.6307
-0.78223 0.37024 -1.6323
-0.772093 0.374983 -1.6325
-0.76485 0.377421 -1.63599
-0.754238 0.376668 -1.634
-0.745284 0.377381 -1.63583
-0.733943 0.376853 -1.6346
-0.724952 0.377516 -1.63616
-0.715534 0.377051 -1.63546
-0.704887 0.376925 -1.63437
-0.695126 0.377277 -1.63536
-0.684683 0.376845 -1.63402
-0.675086 0.376873 -1.63469
-0.66486 0.377524 -1.6364
-0.654737 0.377193 -1.63553
-0.64503 0.37709 -1.63564
-0.634876 0.377729 -1.6373
-0.625137 0.377558 -1.63712
-0.615314 0.376104 -1.63379
-0.605586 0.376219 -1.63455
-0.594668 0.377118 -1.63522
-0.58532 0.377109 -1.63571
-0.574843 0.377384 -1.6358
-0.564905 0.37603 -1.63443
-0.555016 0.376423 -1.6344
-0.544143 0.376421 -1.63389
-0.535011 0.376664 -1.63376
-0.524337 0.37684 -1.63532
-0.514956 0.375912 -1.63492
-0.506506 0.376681 -1.635
-0.494984 0.376708 -1.63574
-0.484838 0.375317 -1.6339
-0.474206 0.377344 -1.63696
-0.464843 0.376597 -1.63518
-0.455587 0.375938 -1.63405
-0.445226 0.376289 -1.63558
-0.435103 0.37584 -1.63442
-0.425026 0.374966 -1.63319
-0.415101 0.376201 -1.63519
-0.404515 0.376222 -1.63527
-0.394706 0.375369 -1.63493
-0.385066 0.374976 -1.63439
-0.374222 0.377243 -1.63705
-0.364615 0.376466 -1.63556
-0.355975 0.375571 -1.63441
-0.343679 0.375746 -1.6343
-0.335519 0.37596 -1.63591
-0.324454 0.375541 -1.6339
-0.315746 0.376143 -1.63603
-0.305107 0.374597 -1.63274
-0.295114 0.376128 -1.63488
-0.285349 0.376058 -1.63544
-0.275373 0.374919 -1.63414
-0.26518 0.375195 -1.63475
-0.254703 0.37568 -1.63488
-0.245452 0.375981 -1.63505
-0.236915 0.377302 -1.63605
-0.131895 0.377015 -1.63475
-0.124742 0.374936 -1.63493
-0.114907 0.374798 -1.63431
-0.105758 0.37526 -1.63503
-0.0957085 0.37504 -1.63406
-0.0846099 0.376293 -1.63631
-0.0747934 0.375921 -1.63557
-0.0655557 0.374808 -1.6351
-0.0548991 0.375346 -1.63599
-0.0448924 0.375714 -1.63569
-0.0346693 0.374809 -1.63364
-0.0252923 0.375929 -1.63737
-0.0150648 0.375622 -1.63529
-0.0044263 0.375451 -1.63589
0.00496092 0.375332 -1.63533
0.0152932 0.37506 -1.63552
0.0251491 0.37527 -1.63508
0.0352266 0.37474 -1.63472
0.044987 0.37566 -1.63542
0.0549143 0.375378 -1.63554
0.0652134 0.375353 -1.63601
0.073998 0.375898 -1.63647
0.085453 0.376185 -1.63669
0.0944263 0.375777 -1.63676
0.105754 0.375264 -1.63586
0.115082 0.37494 -1.63494
0.125232 0.374809 -1.63501
0.135132 0.375202 -1.6348
0.14483 0.375339 -1.63539
0.155196 0.375154 -1.63516
0.165475 0.375136 -1.63546
0.175205 0.37542 -1.63574
0.185611 0.375203 -1.63536
0.195013 0.37532 -1.63473
0.203944 0.375426 -1.63658
0.21398 0.375181 -1.63601
0.224187 0.374955 -1.63507
0.233966 0.376536 -1.63816
0.245025 0.375521 -1.63616
0.25537 0.375074 -1.63483
0.265748 0.374926 -1.63573
0.275118 0.37482 -1.63509
0.285527 0.375884 -1.63717
0.294247 0.376173 -1.63637
0.304759 0.375217 -1.63429
0.315019 0.374984 -1.6344
0.325353 0.375902 -1.63648
0.33456 0.375265 -1.63507
0.34399 0.375326 -1.63474
0.355986 0.375496 -1.6351
0.366063 0.375565 -1.63502
0.374289 0.375487 -1.63434
0.384655 0.37528 -1.63513
0.395938 0.37526 -1.63503
0.40511 0.375462 -1.63592
0.414256 0.374914 -1.6341
0.423487 0.376042 -1.6358
0.80942 0.37346 -1.639
0.817145 0.37471 -1.63635
0.825083 0.375067 -1.63472
0.836586 0.375064 -1.63464
0.84828 0.37163 -1.6309
-0.77353 0.38067 -1.6395
-0.69176 0.38071 -1.6397
-0.685073 0.3804 -1.63837
-0.67922 0.38058 -1.6391
-0.64719 0.380595 -1.63915
0.41005 0.38692 -1.6301
0.812285 0.3846 -1.6382
0.825476 0.382532 -1.63464
0.834394 0.386468 -1.63297
0.84293 0.38706 -1.6307
0.40532 0.39387 -1.6322
0.41225 0.39001 -1.6362
0.816802 0.396627 -1.6348
0.825814 0.393762 -1.63427
0.831023 0.395253 -1.63137
0.81989 0.40295 -1.6375
0.825678 0.40748 -1.63488
0.832765 0.40152 -1.63175
0.827583 0.413357 -1.6314
-0.13244 0.46808 -1.636
-0.12974 0.46935 -1.6368
0.58091 -0.4293 -1.6234
0.63784 -0.42216 -1.629
0.645129 -0.422478 -1.62859
0.637532 -0.413732 -1.62872
0.644171 -0.414254 -1.62689
0.654024 -0.41327 -1.62605
0.661045 -0.411405 -1.6247
0.635523 -0.404783 -1.62653
0.644616 -0.404637 -1.62338
0.654593 -0.405228 -1.62184
0.663981 -0.405347 -1.62243
0.6722 -0.40795 -1.6279
0.51534 -0.39206 -1.6266
0.625871 -0.396752 -1.62841
0.635809 -0.394981 -1.62709
0.644445 -0.395406 -1.62346
0.654175 -0.394038 -1.6216
0.664913 -0.3963 -1.62267
0.674425 -0.39605 -1.62505
0.637185 -0.386737 -1.62839
0.644283 -0.385806 -1.62404
0.676767 -0.386937 -1.62183
0.684912 -0.38337 -1.62288
0.692825 -0.381478 -1.62497
-0.86182 -0.37417 -1.6268
0.643695 -0.375101 -1.62404
0.68743 -0.374115 -1.62157
0.695293 -0.374706 -1.62476
0.703416 -0.373614 -1.62813
-0.99969 -0.36367 -1.622
0.646745 -0.365583 -1.62443
0.65086 -0.36524 -1.6214
0.665212 -0.361872 -1.62312
0.673653 -0.361627 -1.62813
0.685991 -0.365433 -1.62227
0.694839 -0.364477 -1.62368
0.704151 -0.364981 -1.6269
0.71193 -0.3614 -1.6271
-1.0054 -0.35387 -1.6278
0.64998 -0.35837 -1.6211
0.65721 -0.358027 -1.62477
0.66327 -0.35819 -1.6281
0.67792 -0.35897 -1.6238
0.685401 -0.35869 -1.6226
0.695283 -0.355944 -1.62564
0.705387 -0.355499 -1.62713
0.71253 -0.353287 -1.62897
-0.97713 -0.34603 -1.6269
0.55269 -0.24815 -1.6247
0.6652 -0.19063 -1.627
0.896793 -0.15241 -1.62893
0.904267 -0.154969 -1.6266
0.912316 -0.15705 -1.62198
0.894186 -0.143102 -1.62467
0.903887 -0.146086 -1.62415
0.914455 -0.143998 -1.6213
0.885167 -0.138433 -1.62583
0.89509 -0.135818 -1.62645
0.904564 -0.137846 -1.6219
0.915987 -0.137607 -1.62133
0.887492 -0.123957 -1.62529
0.892721 -0.124624 -1.62254
0.87871 -0.11863 -1.6289
0.884844 -0.114975 -1.62716
0.89131 -0.118386 -1.62538
0.68435 -0.10703 -1.6269
-0.19067 -0.033675 -1.6298
0.88688 0.089544 -1.6206
0.91414 0.089929 -1.6275
0.92135 0.08798 -1.6215
0.81833 0.099281 -1.6212
0.82631 0.099362 -1.6225
0.83922 0.099566 -1.6258
0.844933 0.099417 -1.6234
0.857477 0.0968685 -1.62177
0.865125 0.0965744 -1.6237
0.874075 0.0955839 -1.62402
0.885324 0.0967731 -1.62247
0.897287 0.0961258 -1.62318
0.904055 0.0980308 -1.62752
0.91561 0.092946 -1.62395
0.923647 0.0938347 -1.62083
0.77519 0.109183 -1.6251
0.784535 0.108277 -1.62323
0.796024 0.107426 -1.62604
0.805185 0.10457 -1.62165
0.814804 0.105135 -1.6251
0.825316 0.104114 -1.62493
0.835174 0.105144 -1.62624
0.84329 0.102574 -1.62518
0.85402 0.102107 -1.62602
0.86507 0.10344 -1.62603
0.873035 0.10371 -1.6241
0.88363 0.102115 -1.6262
0.893948 0.103922 -1.62586
0.906985 0.10219 -1.62745
0.91256 0.102183 -1.6273
0.92135 0.10092 -1.6207
0.7349 0.11873 -1.6203
0.744336 0.117732 -1.62378
0.755888 0.118827 -1.62707
0.764837 0.115958 -1.62369
0.774696 0.11361 -1.62457
0.78473 0.112743 -1.62622
0.794978 0.111904 -1.62874
0.803285 0.111155 -1.62785
0.71905 0.12867 -1.6215
0.72665 0.1256 -1.6232
0.73654 0.12277 -1.6229
0.747146 0.123744 -1.62584
0.755416 0.123594 -1.6283
0.765755 0.122635 -1.62885
0.71981 0.13238 -1.6287
0.74338 0.13076 -1.6284
0.865747 0.315888 -1.62887
0.856145 0.323202 -1.62688
0.862827 0.32198 -1.62897
0.86053 0.33864 -1.6279
0.87112 0.33889 -1.6209
0.836945 0.34363 -1.62735
0.843545 0.343235 -1.6293
0.855075 0.344993 -1.62693
0.863403 0.342314 -1.62316
0.87139 0.34388 -1.6203
-0.78817 0.35708 -1.6269
0.82874 0.35364 -1.6267
0.83454 0.35614 -1.6278
0.846329 0.355106 -1.62752
0.853628 0.354948 -1.62651
0.863003 0.35604 -1.62213
-0.770595 0.36844 -1.62065
-0.765285 0.368955 -1.6229
-0.75565 0.36969 -1.6224
-0.745713 0.369427 -1.6213
-0.734992 0.369015 -1.62192
-0.723527 0.36925 -1.62047
-0.715187 0.369763 -1.62273
-0.69504 0.369702 -1.62242
-0.673655 0.36969 -1.6224
-0.66746 0.36961 -1.6221
-0.65435 0.369903 -1.62333
-0.6449 0.36964 -1.6222
-0.63205 0.369173 -1.6226
-0.625023 0.369422 -1.6231
-0.6136 0.36964 -1.6222
-0.605405 0.368625 -1.62147
-0.594127 0.369443 -1.62133
-0.585753 0.369737 -1.6226
-0.57496 0.369224 -1.62188
-0.54806 0.36984 -1.6231
-0.53841 0.36746 -1.6201
-0.52698 0.3675 -1.6202
-0.512997 0.368283 -1.6212
-0.506012 0.368665 -1.62165
-0.494752 0.368353 -1.62215
-0.483862 0.368115 -1.6211
-0.475858 0.36899 -1.62183
-0.46348 0.367745 -1.62135
-0.455653 0.367853 -1.62183
-0.444987 0.368542 -1.62297
-0.43548 0.367705 -1.6212
-0.424435 0.367785 -1.62152
-0.415107 0.36981 -1.6229
-0.405038 0.367777 -1.6215
-0.394222 0.36803 -1.6226
-0.383577 0.36846 -1.62197
-0.375558 0.36872 -1.62188
-0.365103 0.36769 -1.6211
-0.355573 0.367735 -1.6213
-0.344912 0.368073 -1.6228
-0.33525 0.367893 -1.62203
-0.325817 0.368007 -1.62248
-0.314977 0.368025 -1.62255
-0.304345 0.368355 -1.62402
-0.294753 0.36813 -1.62307
-0.283993 0.36821 -1.6234
-0.274692 0.368455 -1.62448
-0.26229 0.36788 -1.6219
-0.255648 0.36803 -1.62262
-0.24488 0.367937 -1.62217
-0.234848 0.368385 -1.62227
-0.1316 0.36984 -1.6231
-0.124057 0.367577 -1.62305
-0.114338 0.368452 -1.62445
-0.105013 0.367933 -1.6222
-0.095718 0.36831 -1.6238
-0.08431 0.367402 -1.62132
-0.074437 0.36849 -1.62462
-0.0651667 0.368087 -1.62287
-0.055833 0.36835 -1.624
-0.0451875 0.36833 -1.62395
-0.0345143 0.368465 -1.62453
-0.025179 0.368527 -1.6248
-0.0159208 0.368217 -1.62343
-0.00474916 0.367291 -1.62251
0.00459222 0.367816 -1.62312
0.0148373 0.368433 -1.62437
0.0250523 0.367803 -1.62407
0.0349267 0.368485 -1.6246
0.045659 0.368493 -1.62462
0.055142 0.368693 -1.62553
0.0642117 0.36797 -1.62233
0.0753398 0.367872 -1.6234
0.086035 0.367414 -1.62284
0.0944724 0.367437 -1.62314
0.104467 0.367373 -1.62289
0.115513 0.36757 -1.62303
0.125117 0.367488 -1.6239
0.134605 0.367455 -1.62375
0.145174 0.36787 -1.6234
0.154382 0.367885 -1.62383
0.164685 0.368347 -1.624
0.176117 0.367527 -1.62354
0.185055 0.367705 -1.62302
0.194633 0.368045 -1.62265
0.20425 0.367374 -1.62266
0.213794 0.367858 -1.62332
0.224218 0.36774 -1.62278
0.236125 0.367622 -1.62265
0.245545 0.367612 -1.62323
0.253608 0.367665 -1.62283
0.264367 0.368302 -1.62378
0.275407 0.36811 -1.62293
0.285668 0.367322 -1.62242
0.295223 0.367352 -1.62332
0.303695 0.367587 -1.62312
0.31578 0.368136 -1.62454
0.325013 0.368067 -1.62277
0.336232 0.367718 -1.62367
0.34483 0.367062 -1.62202
0.35433 0.367424 -1.62288
0.363842 0.368033 -1.6226
0.37325 0.367268 -1.6222
0.38481 0.368447 -1.62442
0.394727 0.36821 -1.6234
0.404487 0.367855 -1.62183
0.415363 0.367823 -1.62352
0.422603 0.366737 -1.6218
0.8345 0.366515 -1.629
0.84557 0.363864 -1.62662
0.855129 0.364899 -1.62493
0.861067 0.367983 -1.62233
-0.77169 0.37143 -1.6262
-0.764697 0.371923 -1.62645
-0.75418 0.37222 -1.62583
-0.745403 0.372577 -1.6274
-0.73482 0.371953 -1.62467
-0.724957 0.372523 -1.62715
-0.71465 0.372843 -1.62853
-0.705808 0.3714 -1.62605
-0.69569 0.372603 -1.6275
-0.684829 0.371443 -1.62569
-0.675602 0.37208 -1.62713
-0.66434 0.37182 -1.62714
-0.656297 0.37275 -1.62817
-0.644416 0.372162 -1.62708
-0.635065 0.371767 -1.62575
-0.624828 0.372802 -1.62838
-0.61686 0.371635 -1.6271
-0.60398 0.37013 -1.6243
-0.595205 0.372842 -1.62855
-0.58502 0.37293 -1.6289
-0.574852 0.373005 -1.62923
-0.564933 0.370508 -1.626
-0.553384 0.371454 -1.62706
-0.544923 0.371575 -1.62682
-0.535207 0.371121 -1.6254
-0.525381 0.37148 -1.62694
-0.515565 0.370285 -1.625
-0.504455 0.371798 -1.62587
-0.494898 0.37173 -1.62752
-0.486255 0.371635 -1.62707
-0.475167 0.372683 -1.62783
-0.465935 0.371313 -1.62695
-0.453768 0.371208 -1.62715
-0.445323 0.370313 -1.6251
-0.43491 0.37015 -1.6244
-0.425543 0.370548 -1.62617
-0.415235 0.373095 -1.62965
-0.406356 0.370876 -1.62606
-0.39509 0.37063 -1.62655
-0.386815 0.370645 -1.6266
-0.37416 0.372012 -1.62798
-0.365498 0.370828 -1.62586
-0.353747 0.37097 -1.62607
-0.345886 0.370984 -1.62654
-0.33459 0.37051 -1.626
-0.32482 0.37017 -1.6245
-0.314876 0.371092 -1.62702
-0.304787 0.37069 -1.62678
-0.29522 0.370563 -1.62623
-0.285935 0.3709 -1.62773
-0.27498 0.370633 -1.62653
-0.26405 0.370345 -1.62528
-0.254663 0.370423 -1.6256
-0.24531 0.370555 -1.62617
-0.236033 0.372263 -1.6272
-0.13176 0.37307 -1.6295
-0.1264 0.3712 -1.62903
-0.113047 0.370947 -1.6279
-0.104373 0.371065 -1.6265
-0.0957108 0.370817 -1.62735
-0.085046 0.370973 -1.62803
-0.0743863 0.370893 -1.62765
-0.0650463 0.370967 -1.628
-0.0556818 0.371195 -1.62902
-0.0449855 0.37129 -1.62942
-0.034353 0.37098 -1.62805
-0.0250213 0.370887 -1.62767
-0.0156527 0.37095 -1.62795
-0.00497743 0.370867 -1.62758
0.00573638 0.370885 -1.62765
0.0151293 0.370943 -1.6279
0.0245847 0.371135 -1.62875
0.0358193 0.371243 -1.6292
0.044005 0.371403 -1.62797
0.0541737 0.37116 -1.62885
0.0647613 0.370753 -1.62705
0.0758818 0.371208 -1.6275
0.085058 0.37086 -1.6275
0.0946005 0.370995 -1.6281
0.105428 0.37096 -1.62797
0.11363 0.37105 -1.6284
0.12584 0.371003 -1.62817
0.135282 0.37086 -1.62752
0.144907 0.37096 -1.62797
0.154288 0.370697 -1.62682
0.164223 0.371153 -1.62883
0.174947 0.370813 -1.62733
0.184813 0.371095 -1.62855
0.195477 0.370647 -1.6266
0.20557 0.37112 -1.62867
0.2167 0.371143 -1.6288
0.22477 0.370847 -1.62747
0.234658 0.37154 -1.62797
0.24442 0.370963 -1.62797
0.254458 0.37118 -1.62895
0.265695 0.371165 -1.62885
0.27707 0.371245 -1.6292
0.28489 0.37064 -1.62657
0.29567 0.37156 -1.62752
0.304908 0.37076 -1.62707
0.315243 0.37105 -1.62837
0.324766 0.371204 -1.62752
0.33497 0.37076 -1.6271
0.345038 0.370854 -1.62596
0.35482 0.370487 -1.6259
0.363075 0.371107 -1.62668
0.374382 0.370968 -1.628
0.384535 0.371323 -1.62765
0.394393 0.370618 -1.62648
0.404667 0.370593 -1.6264
0.41392 0.37085 -1.62747
0.422443 0.371153 -1.62627
0.827598 0.376338 -1.62836
0.835969 0.375579 -1.6245
0.845509 0.375142 -1.62703
0.855114 0.374123 -1.62331
0.86107 0.37125 -1.6216
0.824275 0.383842 -1.62775
0.833716 0.384865 -1.62376
0.844768 0.384257 -1.62548
0.85096 0.384445 -1.6232
0.82717 0.394717 -1.62907
0.834741 0.395155 -1.62451
0.846394 0.39475 -1.62437
0.85309 0.393635 -1.62145
0.827956 0.406466 -1.62546
0.835901 0.405296 -1.62431
0.844556 0.405488 -1.62276
0.85095 0.40689 -1.62075
0.81951 0.41333 -1.628
0.825047 0.411373 -1.62547
0.836202 0.415076 -1.62532
0.843408 0.415069 -1.62226
0.824045 0.42105 -1.6244
0.836543 0.423688 -1.62217
0.84293 0.42769 -1.6205
0.83437 0.442983 -1.62057
-1.0132 -0.45343 -1.6102
-0.996796 -0.45211 -1.61257
0.57461 -0.43393 -1.6149
0.58302 -0.41231 -1.6178
0.657283 -0.402317 -1.61912
0.666233 -0.400207 -1.61753
0.5086 -0.39155 -1.6173
0.648203 -0.392467 -1.6187
0.655287 -0.39634 -1.61817
0.664955 -0.394572 -1.61767
0.647283 -0.382911 -1.61811
0.654729 -0.38542 -1.61449
0.664311 -0.38445 -1.61305
0.673774 -0.38429 -1.61641
0.648067 -0.375122 -1.61734
0.654641 -0.374309 -1.61279
0.664854 -0.375025 -1.61204
0.674686 -0.374802 -1.61471
0.682593 -0.375197 -1.61803
0.59523 -0.36512 -1.6134
0.647964 -0.366197 -1.61811
0.654306 -0.36513 -1.61378
0.666459 -0.364538 -1.61351
0.674873 -0.364291 -1.61519
0.683202 -0.364574 -1.61842
-1.00484 -0.355724 -1.61536
-0.99539 -0.357395 -1.6129
0.6491 -0.3596 -1.619
0.65144 -0.358163 -1.6151
0.6761 -0.35982 -1.62
0.68587 -0.35809 -1.6199
-0.96955 -0.34714 -1.6164
0.6045 -0.33452 -1.6122
0.56772 -0.18288 -1.6179
0.90818 -0.15873 -1.6191
0.8965 -0.14222 -1.62
0.90518 -0.14286 -1.61926
0.914294 -0.14386 -1.61771
0.92146 -0.144577 -1.61573
0.896856 -0.131794 -1.61579
0.904982 -0.13267 -1.61387
0.914455 -0.134679 -1.6146
0.923573 -0.13089 -1.61257
0.67177 -0.12556 -1.6141
0.895604 -0.126258 -1.61719
0.903421 -0.125338 -1.61413
0.915065 -0.12699 -1.61456
0.925495 -0.126819 -1.61385
0.886406 -0.113373 -1.61596
0.892226 -0.117424 -1.6149
0.59309 -0.090396 -1.6196
0.59309 -0.088724 -1.6197
0.92567 0.079525 -1.6116
0.84419 0.089038 -1.6114
0.8694 0.089321 -1.6165
0.875103 0.0891797 -1.61397
0.886105 0.0864442 -1.61303
0.894628 0.0859114 -1.61305
0.905791 0.0858116 -1.61543
0.913484 0.0855509 -1.61489
0.92408 0.0878234 -1.6144
0.795517 0.0987727 -1.61287
0.805944 0.0968874 -1.61386
0.811703 0.0977723 -1.61437
0.828093 0.095477 -1.61217
0.83544 0.095986 -1.61673
0.845123 0.095657 -1.61506
0.854233 0.0946222 -1.61704
0.863367 0.0923027 -1.6127
0.875572 0.092661 -1.619
0.88654 0.093196 -1.61774
0.895154 0.094558 -1.6181
0.904816 0.0945695 -1.61655
0.914997 0.093645 -1.61743
0.926651 0.0942443 -1.6153
0.76469 0.107605 -1.6132
0.77656 0.104878 -1.61392
0.78573 0.10342 -1.61547
0.795175 0.10164 -1.61408
0.80328 0.10255 -1.6196
0.81278 0.10143 -1.61977
0.826105 0.100825 -1.6192
0.83131 0.10081 -1.6189
0.84645 0.10087 -1.62
0.85786 0.10057 -1.615
0.86608 0.10252 -1.6191
0.89058 0.10087 -1.6198
0.73307 0.11649 -1.6111
0.744484 0.115037 -1.61593
0.754402 0.113311 -1.61683
0.76642 0.110545 -1.61895
0.72632 0.12342 -1.6167
0.73446 0.122323 -1.61717
0.74389 0.12098 -1.6179
0.87958 0.3348 -1.6174
0.88802 0.33714 -1.6126
0.873247 0.344233 -1.61923
0.016321 0.35855 -1.6104
0.13904 0.35852 -1.6103
0.23593 0.35864 -1.61085
0.87563 0.359515 -1.61475
0.88221 0.35698 -1.611
-0.77142 0.3633 -1.6164
-0.765728 0.364802 -1.61388
-0.755451 0.365133 -1.6147
-0.743695 0.365167 -1.61363
-0.73599 0.364812 -1.6139
-0.725344 0.364933 -1.61443
-0.714709 0.365081 -1.61481
-0.705763 0.36495 -1.61471
-0.693802 0.366127 -1.61602
-0.685884 0.365106 -1.61496
-0.675094 0.365469 -1.61497
-0.66452 0.364877 -1.6151
-0.65611 0.365439 -1.61666
-0.645287 0.36563 -1.61568
-0.636007 0.365425 -1.6148
-0.625483 0.365397 -1.61587
-0.615254 0.36608 -1.61716
-0.604708 0.364473 -1.61425
-0.594773 0.365537 -1.6162
-0.584603 0.36584 -1.61716
-0.57522 0.365522 -1.61594
-0.564487 0.364755 -1.61482
-0.555254 0.365391 -1.61619
-0.545324 0.364595 -1.61475
-0.535298 0.364548 -1.61538
-0.52516 0.364498 -1.61432
-0.516118 0.364267 -1.61516
-0.505067 0.36434 -1.61364
-0.495075 0.364152 -1.61465
-0.484703 0.364092 -1.615
-0.47441 0.36373 -1.6137
-0.465903 0.364646 -1.61581
-0.454199 0.363964 -1.61409
-0.445706 0.36398 -1.61521
-0.435654 0.364271 -1.61496
-0.425654 0.36383 -1.61506
-0.414992 0.365022 -1.61667
-0.404763 0.362661 -1.61277
-0.395762 0.363512 -1.6149
-0.384764 0.364262 -1.61511
-0.375552 0.36442 -1.61561
-0.365265 0.363816 -1.61501
-0.355632 0.36452 -1.6169
-0.344807 0.36338 -1.61467
-0.335248 0.36361 -1.61411
-0.32464 0.363507 -1.61417
-0.31566 0.363448 -1.61459
-0.304911 0.363226 -1.61424
-0.295105 0.364076 -1.61616
-0.285208 0.363275 -1.61431
-0.274978 0.362912 -1.61387
-0.265614 0.364585 -1.6162
-0.255019 0.362902 -1.614
-0.244382 0.36349 -1.61448
-0.236059 0.363301 -1.61458
-0.131455 0.365995 -1.61725
-0.125667 0.363552 -1.61505
-0.113866 0.363351 -1.61599
-0.105347 0.363536 -1.61534
-0.0953677 0.362872 -1.61386
-0.0850129 0.363267 -1.61546
-0.075022 0.363718 -1.61582
-0.0640244 0.363026 -1.61522
-0.0554295 0.363675 -1.61531
-0.0451783 0.363038 -1.6146
-0.0349668 0.362868 -1.61452
-0.0243686 0.362948 -1.61488
-0.0146284 0.36256 -1.6139
-0.00593234 0.362176 -1.61329
0.00529232 0.363349 -1.61582
0.0150841 0.363241 -1.6155
0.0259739 0.362424 -1.61441
0.0344236 0.363249 -1.61457
0.0451282 0.36356 -1.61511
0.0552272 0.363172 -1.6152
0.0655887 0.362725 -1.61456
0.0748111 0.363062 -1.6154
0.0841196 0.362519 -1.61446
0.0953289 0.361956 -1.61417
0.105451 0.362251 -1.61456
0.114622 0.36264 -1.61434
0.124794 0.361791 -1.61345
0.135325 0.361416 -1.61177
0.145203 0.363213 -1.61604
0.155233 0.362799 -1.61421
0.164734 0.362722 -1.61387
0.174521 0.362334 -1.61462
0.185369 0.364127 -1.61691
0.195223 0.362691 -1.6144
0.205806 0.36415 -1.6172
0.215243 0.362628 -1.61428
0.225278 0.362828 -1.61434
0.234841 0.363086 -1.61548
0.244209 0.362476 -1.61462
0.256554 0.363575 -1.61672
0.265336 0.363225 -1.61544
0.275116 0.362749 -1.61474
0.28412 0.362644 -1.61457
0.29403 0.362058 -1.61276
0.305795 0.362655 -1.6145
0.314293 0.363051 -1.61426
0.324839 0.363041 -1.6138
0.335383 0.362019 -1.61287
0.345428 0.362698 -1.61498
0.35581 0.363322 -1.615
0.364117 0.363757 -1.61473
0.375716 0.362834 -1.61437
0.384131 0.363288 -1.61553
0.394786 0.363839 -1.61634
0.405183 0.362863 -1.61449
0.413989 0.362506 -1.61385
0.422707 0.3631 -1.61553
0.866262 0.365508 -1.6163
0.87112 0.36956 -1.6142
0.82983 0.37873 -1.6168
0.83829 0.37143 -1.6144
0.84886 0.37413 -1.6191
0.855753 0.373185 -1.6185
0.866017 0.37314 -1.61717
0.87193 0.3756 -1.6141
0.83666 0.38776 -1.62
0.843295 0.38218 -1.6171
0.853933 0.387153 -1.61657
0.8616 0.38668 -1.61885
0.838566 0.395622 -1.61762
0.845069 0.397379 -1.61717
0.855548 0.393684 -1.61705
0.86299 0.395759 -1.6144
0.812855 0.408125 -1.6178
0.8229 0.40391 -1.6174
0.83877 0.40088 -1.6173
0.845202 0.405564 -1.61722
0.854082 0.405567 -1.61447
0.860535 0.40212 -1.61335
0.8186 0.41772 -1.619
0.836927 0.414793 -1.61273
0.846982 0.416155 -1.61437
0.855218 0.414199 -1.61423
0.86266 0.413065 -1.611
0.83784 0.423363 -1.61717
0.846373 0.425161 -1.61625
0.85293 0.424019 -1.61228
0.838363 0.436867 -1.61447
0.84397 0.433408 -1.61454
0.851487 0.433157 -1.61278
0.83393 0.44395 -1.6133
0.842145 0.45166 -1.61265
-0.23689 0.461285 -1.6141
-0.13185 0.46076 -1.6111
-0.12926 0.46302 -1.6147
-0.96855 -0.40145 -1.602
0.58261 -0.39411 -1.6068
0.66365 -0.38292 -1.6097
0.658125 -0.377885 -1.6097
0.6632 -0.37794 -1.6099
0.658177 -0.365873 -1.60917
0.662908 -0.367226 -1.60906
-0.993795 -0.35592 -1.60435
-0.983795 -0.35431 -1.60275
-0.97915 -0.35228 -1.6013
0.64994 -0.3587 -1.6074
0.65435 -0.35919 -1.6096
-0.98488 -0.34705 -1.6001
-0.9633 -0.34488 -1.6058
0.61979 -0.2753 -1.6082
-1.0072 -0.23199 -1.6048
-1.0124 -0.21071 -1.6045
0.56252 -0.17136 -1.6005
0.903916 -0.132102 -1.60954
0.91902 -0.133417 -1.60947
0.923535 -0.1341 -1.60768
-1.045 -0.12667 -1.6081
0.89921 -0.1204 -1.6091
0.90442 -0.12129 -1.60561
0.913762 -0.122523 -1.60542
0.92453 -0.12188 -1.6073
0.88849 -0.11375 -1.6047
0.896313 -0.116799 -1.60663
0.901507 -0.117953 -1.60527
0.913147 -0.11987 -1.60197
-0.19427 -0.047615 -1.6051
0.87726 0.079004 -1.6011
0.886923 0.0777575 -1.60268
0.905635 0.0790395 -1.6018
0.91495 0.0781503 -1.60537
0.80879 0.088442 -1.6006
0.82504 0.086872 -1.60115
0.83564 0.0848777 -1.60108
0.848053 0.0887477 -1.60617
0.856122 0.085481 -1.60475
0.865987 0.086004 -1.60725
0.873648 0.0851185 -1.6057
0.884837 0.082303 -1.60487
0.894725 0.0830817 -1.6048
0.903995 0.082364 -1.60608
0.915514 0.0826362 -1.60473
0.92111 0.08073 -1.605
0.75914 0.098246 -1.6043
0.765393 0.0985923 -1.6032
0.775476 0.0958994 -1.60288
0.78555 0.0964113 -1.60518
0.795138 0.0950947 -1.60568
0.805348 0.0924846 -1.60573
0.815619 0.0937891 -1.6065
0.824488 0.0932758 -1.6073
0.834226 0.091017 -1.60414
0.854797 0.0902877 -1.60527
0.88315 0.090202 -1.6038
0.89016 0.090479 -1.6087
0.7378 0.10939 -1.602
0.746203 0.106469 -1.60331
0.75486 0.104873 -1.60534
0.764807 0.104499 -1.60683
0.774195 0.102058 -1.60715
0.784023 0.102337 -1.6071
0.79085 0.10334 -1.6049
0.72451 0.118605 -1.60775
0.733377 0.112837 -1.60387
0.7155 0.1224 -1.6033
0.72451 0.12103 -1.6075
-0.77108 0.357585 -1.60605
-0.765418 0.357928 -1.60378
-0.753868 0.358276 -1.60304
-0.74481 0.358096 -1.60378
-0.736134 0.358102 -1.60376
-0.72399 0.35901 -1.60483
-0.71378 0.358217 -1.6038
-0.70584 0.358058 -1.60308
-0.69456 0.358803 -1.6039
-0.6843 0.35817 -1.60295
-0.675602 0.359195 -1.60563
-0.66508 0.35919 -1.60563
-0.65604 0.359153 -1.60547
-0.645845 0.359298 -1.60608
-0.635632 0.357688 -1.6027
-0.625623 0.358697 -1.6034
-0.614611 0.357934 -1.60324
-0.60522 0.357962 -1.60393
-0.594934 0.357907 -1.60369
-0.58506 0.357006 -1.60249
-0.575498 0.358372 -1.60348
-0.56559 0.357945 -1.60383
-0.554799 0.358089 -1.6045
-0.54506 0.357347 -1.6028
-0.534909 0.358159 -1.60482
-0.524973 0.358158 -1.60482
-0.51515 0.358225 -1.60511
-0.50501 0.35839 -1.6058
-0.495506 0.35754 -1.60476
-0.484639 0.358179 -1.60436
-0.475504 0.358326 -1.6061
-0.465206 0.358249 -1.60466
-0.455007 0.358233 -1.60514
-0.443947 0.35753 -1.60327
-0.43508 0.358544 -1.60599
-0.425605 0.357537 -1.60328
-0.414231 0.35787 -1.60406
-0.404664 0.357617 -1.6051
-0.394902 0.35685 -1.60367
-0.384884 0.357964 -1.60519
-0.374881 0.358499 -1.60577
-0.364791 0.357357 -1.60416
-0.355726 0.358011 -1.6054
-0.345006 0.357416 -1.60376
-0.334079 0.358109 -1.60554
-0.326169 0.357604 -1.60506
-0.314599 0.357479 -1.60447
-0.30464 0.358497 -1.60689
-0.294858 0.358227 -1.6051
-0.286604 0.356746 -1.60334
-0.275594 0.357584 -1.60452
-0.264218 0.357887 -1.60488
-0.254755 0.356568 -1.60337
-0.245798 0.35804 -1.60616
-0.234188 0.357857 -1.60473
-0.13108 0.35759 -1.60225
-0.124578 0.35768 -1.60493
-0.114517 0.356572 -1.60402
-0.104534 0.356743 -1.60444
-0.0965184 0.356888 -1.60444
-0.086023 0.35727 -1.60616
-0.0747711 0.356858 -1.60429
-0.0642982 0.356503 -1.60372
-0.0543948 0.358007 -1.60608
-0.0463682 0.356626 -1.60427
-0.0363163 0.356568 -1.60402
-0.0248295 0.357625 -1.60627
-0.0146404 0.357006 -1.605
-0.00452613 0.35604 -1.60346
0.00434976 0.356863 -1.60468
0.0148643 0.356582 -1.60439
0.0247629 0.356831 -1.60459
0.034252 0.356099 -1.60371
0.0450511 0.357587 -1.60604
0.0543811 0.357061 -1.60479
0.0646849 0.356261 -1.60392
0.0744988 0.356705 -1.60463
0.0852966 0.35606 -1.60354
0.0945087 0.356447 -1.60421
0.105705 0.356953 -1.60577
0.115394 0.356019 -1.60408
0.124055 0.356858 -1.60468
0.133689 0.355796 -1.60343
0.144841 0.356446 -1.60473
0.155794 0.356496 -1.6042
0.163663 0.356665 -1.60445
0.175487 0.356793 -1.60503
0.185238 0.356749 -1.60482
0.1941 0.356356 -1.60356
0.20567 0.357661 -1.60553
0.2151 0.355788 -1.60304
0.224442 0.355975 -1.6026
0.23456 0.356227 -1.60503
0.244697 0.356103 -1.60373
0.254407 0.357075 -1.60603
0.264241 0.356519 -1.60451
0.274827 0.357447 -1.60543
0.285443 0.356976 -1.6066
0.295411 0.356345 -1.6043
0.304988 0.35615 -1.6034
0.315031 0.357313 -1.60568
0.32574 0.356765 -1.60363
0.334583 0.3564 -1.604
0.344962 0.357533 -1.60453
0.355206 0.358259 -1.60526
0.364823 0.356757 -1.60317
0.374286 0.357666 -1.60492
0.38667 0.356484 -1.60416
0.395286 0.357276 -1.60466
0.404983 0.35615 -1.60342
0.414771 0.356163 -1.604
0.422903 0.357163 -1.6029
-0.764313 0.3624 -1.6075
-0.75542 0.36161 -1.60885
-0.743733 0.361225 -1.60717
-0.73365 0.36163 -1.609
-0.7229 0.36167 -1.60915
-0.716495 0.361535 -1.60855
-0.70278 0.36158 -1.6087
-0.69581 0.36206 -1.60794
-0.686057 0.361303 -1.6075
-0.675333 0.361507 -1.6084
-0.66834 0.36182 -1.6098
-0.653085 0.361665 -1.6091
-0.644963 0.361267 -1.6073
-0.634413 0.361168 -1.6069
-0.62477 0.361607 -1.60887
-0.614688 0.36175 -1.6095
-0.604083 0.361543 -1.60857
-0.595665 0.36177 -1.6096
-0.584985 0.361443 -1.60812
-0.57479 0.36141 -1.608
-0.56953 0.36177 -1.6096
-0.553585 0.361705 -1.6093
-0.52344 0.36158 -1.6088
-0.502813 0.36116 -1.6094
-0.496605 0.3608 -1.60905
-0.48426 0.36186 -1.61
-0.45889 0.36166 -1.6091
-0.4479 0.36017 -1.61
-0.421595 0.36011 -1.60975
-0.35204 0.36175 -1.6095
-0.345733 0.360687 -1.60977
-0.32509 0.36181 -1.6098
-0.3169 0.36002 -1.6093
-0.27678 0.36008 -1.6096
-0.264775 0.360055 -1.60945
-0.2369 0.36013 -1.6098
-0.13119 0.3611 -1.6066
-0.10494 0.36001 -1.6093
-0.099677 0.36001 -1.6093
-0.087841 0.36001 -1.6093
-0.070728 0.36018 -1.61
-0.068097 0.36017 -1.61
-0.057572 0.36012 -1.6098
0.0057247 0.36012 -1.6098
0.037451 0.36002 -1.6093
0.045434 0.36008 -1.6096
0.15252 0.36012 -1.6098
0.16337 0.36016 -1.61
0.185045 0.36009 -1.6096
0.20149 0.36017 -1.61
0.22619 0.36018 -1.61
0.2481 0.36001 -1.6093
0.28441 0.36012 -1.6098
0.29568 0.36017 -1.61
0.31249 0.36009 -1.6097
0.32671 0.36014 -1.6099
0.38687 0.36007 -1.6095
0.418413 0.363397 -1.60703
0.42421 0.36126 -1.6073
0.78295 0.36321 -1.6013
0.86735 0.3666 -1.6088
0.88485 0.36621 -1.6071
0.88507 0.378525 -1.60165
0.84992 0.39743 -1.6092
0.8716 0.39025 -1.6041
0.88276 0.39309 -1.6034
0.83617 0.40958 -1.6077
0.84383 0.4059 -1.6092
0.852435 0.403807 -1.60875
0.87303 0.404692 -1.60524
0.88012 0.40798 -1.6014
0.835202 0.418332 -1.60872
0.84939 0.41889 -1.609
0.855837 0.41931 -1.60532
0.865305 0.415552 -1.60715
0.874391 0.414033 -1.6035
0.88012 0.41164 -1.6005
0.85553 0.424672 -1.60644
0.863721 0.423136 -1.60713
0.87166 0.42065 -1.6025
0.8485 0.43161 -1.60617
0.85593 0.43444 -1.60687
0.86053 0.433515 -1.6052
0.83875 0.44837 -1.6078
-0.12896 0.45916 -1.6012
0.84565 0.45677 -1.6047
0.48243 -0.44133 -1.5916
-0.96655 -0.41015 -1.5962
0.58113 -0.38363 -1.5987
0.58251 -0.37644 -1.5964
-1.0031 -0.35358 -1.5995
-0.99064 -0.35167 -1.5908
-0.980995 -0.35248 -1.59835
-0.9808 -0.34714 -1.5931
0.51014 -0.34704 -1.5926
-0.95805 -0.33818 -1.5979
-0.96388 -0.30665 -1.5902
0.60641 -0.29795 -1.596
-0.87498 -0.27686 -1.59365
-0.99888 -0.23245 -1.5969
-0.90862 -0.20113 -1.5935
-1.0091 -0.19968 -1.5949
0.64194 -0.18515 -1.5943
0.89983 -0.11647 -1.5992
0.90408 -0.11808 -1.5998
0.91597 -0.11936 -1.5952
0.83126 0.078542 -1.5917
0.84355 0.07866 -1.5941
0.855756 0.076804 -1.59311
0.865374 0.0770746 -1.59431
0.875868 0.0754973 -1.59455
0.882785 0.0739265 -1.5958
0.893629 0.0760562 -1.59448
0.905426 0.0734826 -1.59358
0.914042 0.075952 -1.59724
0.768065 0.0888485 -1.59375
0.77722 0.0888195 -1.59323
0.784304 0.0873639 -1.59268
0.799455 0.0857025 -1.5942
0.805926 0.0855848 -1.59502
0.814908 0.0850059 -1.59397
0.825094 0.0863249 -1.59521
0.835637 0.083053 -1.59496
0.844456 0.0835444 -1.59455
0.85413 0.0825917 -1.59517
0.865938 0.081841 -1.59582
0.871275 0.083368 -1.5946
0.89518 0.080345 -1.59735
0.91343 0.083576 -1.5992
0.756293 0.0982663 -1.59547
0.764558 0.0950292 -1.59382
0.775086 0.093052 -1.59413
0.784126 0.0929068 -1.59552
0.736131 0.106254 -1.59674
0.74701 0.10081 -1.5921
0.753917 0.102667 -1.59697
0.73031 0.11058 -1.5947
-1.038 0.12824 -1.597
0.70109 0.12806 -1.5948
-0.99613 0.15664 -1.5901
-0.80911 0.31597 -1.5905
-0.80481 0.32168 -1.5938
-0.60009 0.34907 -1.5904
-0.50913 0.34901 -1.5901
-0.46366 0.349235 -1.59115
-0.45116 0.34912 -1.5906
-0.4401 0.34901 -1.5901
-0.435203 0.349543 -1.59257
-0.426795 0.34933 -1.59155
-0.37815 0.34939 -1.5918
-0.36444 0.34906 -1.5903
-0.344963 0.3492 -1.59097
-0.33653 0.34921 -1.59105
-0.324693 0.34939 -1.59187
-0.31651 0.34908 -1.59043
-0.30854 0.34904 -1.5902
-0.29673 0.34917 -1.59085
-0.28517 0.34971 -1.5933
-0.275775 0.349415 -1.59195
-0.26922 0.34948 -1.5922
-0.254825 0.3496 -1.5928
-0.24144 0.34903 -1.5902
-0.12172 0.349415 -1.59195
-0.11393 0.34949 -1.59233
-0.104847 0.349743 -1.59347
-0.095745 0.349515 -1.5924
-0.0866717 0.349023 -1.5902
-0.0749495 0.349748 -1.59345
-0.0645635 0.3496 -1.5928
-0.0541938 0.349382 -1.5918
-0.0451153 0.34927 -1.5913
-0.0355557 0.349403 -1.59187
-0.0255482 0.349578 -1.5927
-0.0152225 0.34919 -1.59095
-0.00473879 0.349438 -1.59207
0.00575005 0.34961 -1.59285
0.015612 0.349193 -1.59093
0.025318 0.34953 -1.59247
0.035851 0.34969 -1.59323
0.0447792 0.34914 -1.5907
0.0554597 0.34956 -1.59262
0.0660635 0.34975 -1.5935
0.0752837 0.34976 -1.59353
0.0843085 0.349407 -1.59193
0.0950727 0.349762 -1.59358
0.10524 0.349208 -1.59256
0.11336 0.349395 -1.59185
0.123677 0.34962 -1.5929
0.134655 0.349475 -1.59225
0.145438 0.34965 -1.59308
0.15472 0.349573 -1.59267
0.161525 0.349725 -1.59335
0.17527 0.349063 -1.5929
0.186217 0.349813 -1.5938
0.194817 0.349387 -1.5918
0.204476 0.349 -1.59164
0.2196 0.34983 -1.5939
0.225083 0.34987 -1.59403
0.234105 0.348972 -1.59185
0.245267 0.3496 -1.5928
0.255007 0.34974 -1.59347
0.26455 0.34967 -1.59312
0.27406 0.349553 -1.5926
0.285903 0.349227 -1.59302
0.295108 0.349785 -1.59365
0.30309 0.349495 -1.5923
0.315005 0.348547 -1.59185
0.32363 0.34917 -1.5908
0.335393 0.349563 -1.59263
0.34188 0.349155 -1.59075
0.354135 0.34982 -1.5938
0.365697 0.349627 -1.5929
0.374753 0.34931 -1.5915
0.385037 0.349487 -1.59233
0.39477 0.349273 -1.59133
0.401625 0.34905 -1.5903
-0.764118 0.352832 -1.59473
-0.75512 0.352958 -1.59374
-0.745138 0.352411 -1.59316
-0.734192 0.352862 -1.59362
-0.725399 0.35436 -1.59589
-0.715604 0.353813 -1.5945
-0.704894 0.352984 -1.59509
-0.695553 0.353444 -1.59405
-0.685496 0.353554 -1.59463
-0.674903 0.353422 -1.5949
-0.664991 0.35335 -1.59458
-0.654457 0.353608 -1.59499
-0.64449 0.353508 -1.59529
-0.634507 0.353 -1.59514
-0.625166 0.353589 -1.59471
-0.61568 0.353848 -1.59683
-0.605863 0.352373 -1.59393
-0.59416 0.352964 -1.59436
-0.585292 0.351868 -1.59392
-0.57458 0.353851 -1.59574
-0.564584 0.35266 -1.59429
-0.555297 0.352886 -1.59571
-0.544612 0.35208 -1.59387
-0.535061 0.35262 -1.59451
-0.523843 0.352878 -1.59433
-0.514938 0.352657 -1.59523
-0.504437 0.352861 -1.59561
-0.494492 0.352452 -1.59557
-0.484669 0.352656 -1.59469
-0.474755 0.352877 -1.59621
-0.464077 0.35241 -1.59466
-0.454804 0.353153 -1.59693
-0.44489 0.352481 -1.59496
-0.434549 0.352625 -1.59509
-0.425127 0.352763 -1.59573
-0.415309 0.352488 -1.59446
-0.405177 0.352536 -1.59521
-0.39397 0.352488 -1.59635
-0.38571 0.352457 -1.5956
-0.374733 0.352508 -1.59454
-0.365816 0.3523 -1.59436
-0.35526 0.35253 -1.59592
-0.345502 0.352879 -1.59624
-0.3351 0.352389 -1.59454
-0.323523 0.352717 -1.59603
-0.314244 0.35267 -1.59604
-0.305463 0.35281 -1.59592
-0.294921 0.352929 -1.59646
-0.284112 0.35285 -1.59688
-0.275614 0.35244 -1.59479
-0.265803 0.352885 -1.59624
-0.255567 0.353021 -1.59741
-0.245379 0.352967 -1.59719
-0.234806 0.353073 -1.59657
-0.22985 0.35108 -1.5919
-0.130955 0.353185 -1.5976
-0.124427 0.352875 -1.59747
-0.113982 0.352123 -1.5966
-0.104863 0.352143 -1.5967
-0.095183 0.353011 -1.59739
-0.0847669 0.352694 -1.59593
-0.0749032 0.351997 -1.59605
-0.0644345 0.35303 -1.5982
-0.0545629 0.353099 -1.59777
-0.0449397 0.351947 -1.5958
-0.0348942 0.35272 -1.59678
-0.02529 0.353137 -1.5974
-0.0146527 0.352987 -1.59727
-0.00444458 0.352062 -1.59637
0.00605858 0.352188 -1.5969
0.015122 0.351883 -1.5955
0.0241356 0.352484 -1.59672
0.0358323 0.352575 -1.5974
0.0444233 0.352455 -1.59557
0.0554447 0.35292 -1.59833
0.064027 0.352545 -1.59852
0.0754433 0.353017 -1.59813
0.0850907 0.352403 -1.59785
0.0963234 0.352452 -1.59658
0.104352 0.352865 -1.59807
0.113837 0.3524 -1.59787
0.125586 0.352786 -1.5977
0.136873 0.351915 -1.59755
0.146075 0.35211 -1.59652
0.15401 0.352968 -1.5974
0.166206 0.352136 -1.59668
0.175466 0.351956 -1.59694
0.185308 0.352028 -1.59807
0.195603 0.352882 -1.5975
0.204468 0.35239 -1.59628
0.21481 0.35113 -1.5967
0.224552 0.35231 -1.59745
0.235932 0.351628 -1.5959
0.24512 0.35236 -1.59767
0.25457 0.352623 -1.59887
0.264725 0.352445 -1.59617
0.274361 0.353416 -1.59866
0.285132 0.35234 -1.5976
0.294417 0.351967 -1.5959
0.30452 0.352245 -1.59715
0.315427 0.352013 -1.5961
0.323958 0.352495 -1.59637
0.335 0.352454 -1.59658
0.345452 0.353128 -1.59737
0.35493 0.352395 -1.59594
0.365678 0.35286 -1.59842
0.374817 0.35304 -1.59751
0.383692 0.352946 -1.59728
0.39533 0.35218 -1.59685
0.405423 0.352157 -1.59677
0.415397 0.352033 -1.5962
0.424184 0.352152 -1.5937
0.42061 0.36053 -1.5968
0.89851 0.38922 -1.5937
0.88276 0.40756 -1.5998
0.85574 0.42342 -1.6
0.867945 0.441465 -1.5969
0.83827 0.4532 -1.5995
-0.99997 -0.35597 -1.5877
-0.9762 -0.35343 -1.5838
-0.98729 -0.348065 -1.58595
0.58876 -0.34783 -1.5887
0.51257 -0.31851 -1.5821
0.6034 -0.28923 -1.5844
0.61064 -0.26468 -1.584
-0.97673 -0.25992 -1.5849
0.63834 -0.19226 -1.5863
0.89757 -0.11698 -1.585
0.85474 -0.10736 -1.5819
0.86506 -0.10887 -1.581
0.85977 0.068357 -1.5807
0.865897 0.0668347 -1.58273
0.873486 0.0668758 -1.5839
0.89585 0.065212 -1.58273
0.904013 0.0664712 -1.5837
0.7799 0.079594 -1.5824
0.78146 0.078214 -1.5851
0.796467 0.0781565 -1.58405
0.804813 0.077109 -1.58442
0.813262 0.0762264 -1.58356
0.82351 0.0762533 -1.58464
0.83543 0.0756485 -1.58568
0.8437 0.0745028 -1.58207
0.854766 0.073519 -1.58718
0.864025 0.0738765 -1.58623
0.875623 0.0709742 -1.58528
0.886038 0.0706495 -1.5871
0.895712 0.072257 -1.58816
0.904824 0.0708592 -1.58632
0.753707 0.088143 -1.58105
0.76624 0.087181 -1.585
0.77234 0.0868795 -1.5866
0.786429 0.0847153 -1.58639
0.794017 0.084188 -1.58654
0.804238 0.082932 -1.58676
0.815017 0.0823837 -1.5864
0.823277 0.0824807 -1.5883
0.835113 0.0845777 -1.5881
0.84065 0.0837035 -1.5866
0.73546 0.098447 -1.581
0.745076 0.0956609 -1.58466
0.754357 0.0923328 -1.58575
0.76195 0.092046 -1.58757
0.78406 0.090925 -1.5887
0.71939 0.10799 -1.5815
0.73696 0.10026 -1.5835
0.70735 0.11756 -1.583
0.7208 0.11184 -1.5896
-0.77175 0.34468 -1.5855
-0.764254 0.346533 -1.58424
-0.754468 0.346348 -1.58258
-0.745635 0.34743 -1.58543
-0.735623 0.346773 -1.58373
-0.725607 0.34791 -1.5851
-0.71417 0.346975 -1.58337
-0.704307 0.347877 -1.58497
-0.694278 0.34735 -1.58445
-0.684786 0.346857 -1.58357
-0.674998 0.34703 -1.58302
-0.66494 0.347617 -1.58377
-0.65434 0.347318 -1.58396
-0.6449 0.346566 -1.58333
-0.635102 0.346578 -1.58285
-0.625807 0.34649 -1.58339
-0.614543 0.346827 -1.58344
-0.60434 0.346674 -1.58384
-0.594125 0.347222 -1.58578
-0.585423 0.347167 -1.58553
-0.574984 0.346881 -1.58422
-0.56452 0.346843 -1.58461
-0.555245 0.346987 -1.5847
-0.544652 0.346334 -1.583
-0.534824 0.347193 -1.5851
-0.5253 0.346303 -1.58349
-0.514926 0.346411 -1.58436
-0.50416 0.346786 -1.58458
-0.494687 0.346696 -1.5834
-0.484702 0.346263 -1.58442
-0.47502 0.346168 -1.58391
-0.466241 0.345823 -1.58414
-0.455793 0.347155 -1.58552
-0.445161 0.346518 -1.58446
-0.434344 0.345794 -1.58462
-0.425534 0.346149 -1.58469
-0.415177 0.346901 -1.58489
-0.405055 0.347115 -1.5853
-0.395139 0.347523 -1.58663
-0.385199 0.346183 -1.58481
-0.374795 0.345807 -1.58462
-0.364361 0.345946 -1.58448
-0.354378 0.347386 -1.58654
-0.344835 0.345295 -1.58361
-0.33479 0.345367 -1.58362
-0.325087 0.345357 -1.58359
-0.314366 0.345891 -1.58539
-0.304986 0.346313 -1.58618
-0.295318 0.345504 -1.58426
-0.285741 0.345581 -1.58459
-0.275438 0.345502 -1.58328
-0.264073 0.346141 -1.58532
-0.25566 0.34537 -1.58416
-0.245587 0.34653 -1.58534
-0.235245 0.345918 -1.5843
-0.229095 0.34686 -1.58415
-0.130625 0.34686 -1.58415
-0.124697 0.345912 -1.58511
-0.11512 0.345267 -1.58443
-0.106083 0.345275 -1.58446
-0.0952399 0.344747 -1.58429
-0.0849862 0.345711 -1.5852
-0.0749965 0.344225 -1.58338
-0.0647705 0.34518 -1.58405
-0.0552655 0.345675 -1.58505
-0.0440751 0.345319 -1.58469
-0.0353264 0.346009 -1.5862
-0.025954 0.345371 -1.5849
-0.0154781 0.346299 -1.58689
-0.0052559 0.34526 -1.58442
0.00497789 0.345017 -1.58453
0.0161407 0.345205 -1.58514
0.0251061 0.344492 -1.58377
0.0350043 0.34528 -1.58449
0.0448351 0.345733 -1.58604
0.0549218 0.344889 -1.58394
0.0645207 0.3449 -1.585
0.0756194 0.345569 -1.58584
0.0853626 0.345146 -1.58441
0.0945644 0.345707 -1.58594
0.10476 0.34556 -1.58633
0.115566 0.345565 -1.58577
0.125169 0.344968 -1.58597
0.134806 0.345285 -1.58548
0.144576 0.345497 -1.58497
0.154598 0.344909 -1.58403
0.165137 0.344453 -1.58442
0.174341 0.344306 -1.58376
0.185159 0.346197 -1.58817
0.194714 0.34542 -1.58514
0.205476 0.344679 -1.58441
0.214807 0.344699 -1.58488
0.225093 0.344733 -1.58497
0.233715 0.344533 -1.58477
0.244493 0.346059 -1.58754
0.254382 0.345547 -1.58575
0.264566 0.34529 -1.58509
0.275625 0.345096 -1.58464
0.285641 0.344979 -1.5847
0.294561 0.345077 -1.58411
0.304736 0.34605 -1.58611
0.316246 0.344417 -1.58534
0.325505 0.346165 -1.58544
0.336307 0.345777 -1.58678
0.345095 0.34509 -1.58443
0.355353 0.345303 -1.58462
0.365347 0.345669 -1.58684
0.374584 0.34518 -1.58498
0.385349 0.345417 -1.58515
0.394827 0.344739 -1.5836
0.405204 0.345753 -1.58438
0.415547 0.346736 -1.5866
0.424224 0.34621 -1.58494
-0.73704 0.35064 -1.5899
-0.723797 0.35014 -1.5876
-0.7137 0.35043 -1.58895
-0.70943 0.35058 -1.5896
-0.69086 0.35034 -1.5885
-0.68827 0.35056 -1.5895
-0.67607 0.35044 -1.589
-0.65542 0.35053 -1.5894
-0.621665 0.350545 -1.58945
-0.615315 0.350225 -1.588
-0.60009 0.35067 -1.59
-0.59556 0.350545 -1.58945
-0.572325 0.35037 -1.5887
-0.525777 0.350497 -1.58923
0.41312 0.35916 -1.5835
-0.13347 0.39938 -1.583
0.88802 0.43166 -1.5899
0.82097 0.44152 -1.5857
-0.12861 0.45447 -1.5849
0.54928 -0.45637 -1.5782
0.47823 -0.43473 -1.574
-0.93958 -0.42805 -1.5741
-0.95605 -0.41511 -1.5761
0.5639 -0.40481 -1.5754
0.92709 -0.40036 -1.5709
0.92666 -0.392578 -1.57318
0.92767 -0.37333 -1.57275
0.49526 -0.36606 -1.5735
-0.98034 -0.35554 -1.5784
-0.976737 -0.352023 -1.575
0.57566 -0.35885 -1.571
0.51091 -0.30749 -1.57285
-0.8587 -0.292655 -1.57195
0.61522 -0.24273 -1.5774
0.55607 -0.14952 -1.5748
0.86646 -0.11022 -1.5775
0.88293 -0.11317 -1.5746
0.862985 0.058538 -1.5724
0.892707 0.0581273 -1.57573
0.77919 0.069504 -1.5704
0.78529 0.069572 -1.57195
0.796193 0.0697327 -1.5756
0.80352 0.069513 -1.5706
0.815653 0.0696263 -1.5732
0.823425 0.069555 -1.5716
0.835516 0.0667146 -1.57437
0.845957 0.0663665 -1.57448
0.854562 0.0642914 -1.57355
0.864882 0.0630474 -1.57413
0.873767 0.0645688 -1.57524
0.884967 0.0656419 -1.57552
0.89396 0.0637964 -1.57318
0.90285 0.063486 -1.5795
0.755285 0.0791065 -1.57275
0.767054 0.0762953 -1.57347
0.775834 0.0773674 -1.57468
0.784556 0.0772513 -1.57483
0.795274 0.0747922 -1.57388
0.805724 0.0743674 -1.57452
0.815413 0.073016 -1.57637
0.82287 0.0718807 -1.5752
0.83429 0.074534 -1.57443
0.84148 0.071311 -1.5747
0.74297 0.088381 -1.5714
0.754975 0.0836041 -1.57344
0.76382 0.082379 -1.57621
0.775317 0.0815182 -1.57475
0.73521 0.094082 -1.575
0.742245 0.0934845 -1.57845
0.72744 0.10164 -1.5784
0.70946 0.11239 -1.5753
0.69844 0.12213 -1.5784
-0.80554 0.30892 -1.571
-0.804265 0.31064 -1.5713
-0.77017 0.33939 -1.5762
-0.76429 0.3381 -1.5702
-0.74312 0.33983 -1.5706
-0.723877 0.339303 -1.57067
-0.71742 0.33987 -1.57075
-0.70232 0.339835 -1.5706
-0.6981 0.33997 -1.5712
-0.671 0.33819 -1.5706
-0.66844 0.3384 -1.5716
-0.644887 0.338343 -1.5713
-0.63571 0.33809 -1.5701
-0.62123 0.33807 -1.5701
-0.61867 0.33827 -1.5709
-0.59431 0.33827 -1.57095
-0.585157 0.338173 -1.57053
-0.574907 0.33857 -1.57238
-0.565925 0.338245 -1.57085
-0.55194 0.33829 -1.57105
-0.54496 0.3383 -1.5711
-0.536517 0.338257 -1.5709
-0.524065 0.338295 -1.5711
-0.516042 0.33851 -1.57208
-0.504997 0.33851 -1.57205
-0.495047 0.338267 -1.57093
-0.486093 0.33841 -1.5716
-0.47026 0.33812 -1.5703
-0.46539 0.338595 -1.57245
-0.454277 0.338377 -1.57147
-0.44472 0.3383 -1.5711
-0.43816 0.33846 -1.5719
-0.424913 0.338667 -1.5728
-0.416947 0.338753 -1.5732
-0.404813 0.338672 -1.57282
-0.395103 0.338287 -1.57103
-0.38605 0.33856 -1.57228
-0.373937 0.338377 -1.57143
-0.364886 0.337996 -1.57122
-0.354113 0.338367 -1.57142
-0.345033 0.338537 -1.5722
-0.33546 0.338082 -1.57164
-0.32465 0.33836 -1.57292
-0.316817 0.33813 -1.57223
-0.305132 0.337787 -1.57128
-0.295278 0.338138 -1.57228
-0.286892 0.338134 -1.57186
-0.276488 0.338112 -1.57176
-0.265445 0.338628 -1.57265
-0.25493 0.338347 -1.57135
-0.24481 0.338011 -1.5736
-0.234937 0.337933 -1.57269
-0.22781 0.33833 -1.5712
-0.122002 0.338165 -1.5724
-0.115603 0.338185 -1.5725
-0.106003 0.338107 -1.5728
-0.094999 0.338266 -1.57248
-0.0855242 0.337907 -1.57314
-0.074497 0.33861 -1.57408
-0.0655899 0.337959 -1.57284
-0.0547245 0.339163 -1.5751
-0.043686 0.338153 -1.57298
-0.0344984 0.337839 -1.57227
-0.0240298 0.338645 -1.57272
-0.016378 0.338455 -1.57185
-0.00632708 0.338268 -1.5725
0.00508028 0.3381 -1.57275
0.0145111 0.337813 -1.57272
0.024146 0.338564 -1.57386
0.034527 0.337814 -1.57216
0.0461009 0.338129 -1.57363
0.0560093 0.33904 -1.5745
0.0665246 0.338184 -1.57364
0.0748778 0.3386 -1.57402
0.0842358 0.337673 -1.57205
0.0939162 0.338173 -1.57308
0.105197 0.337891 -1.57308
0.116038 0.338566 -1.57388
0.125968 0.337965 -1.57213
0.135864 0.338126 -1.57338
0.144601 0.338046 -1.5738
0.154969 0.337841 -1.57283
0.165685 0.338031 -1.57372
0.175659 0.337867 -1.57351
0.184544 0.337864 -1.5724
0.194956 0.338125 -1.57416
0.20496 0.337917 -1.57374
0.214794 0.337939 -1.57327
0.225093 0.338381 -1.57479
0.235161 0.338155 -1.57431
0.245616 0.338143 -1.5737
0.25511 0.337878 -1.57303
0.264578 0.33813 -1.57292
0.274668 0.338362 -1.57294
0.284278 0.33787 -1.5722
0.294435 0.338533 -1.57218
0.304978 0.33819 -1.57368
0.314023 0.338258 -1.57348
0.32534 0.338968 -1.57422
0.33494 0.338873 -1.57377
0.345006 0.338188 -1.57214
0.354293 0.337622 -1.57178
0.363964 0.3385 -1.57358
0.375772 0.338108 -1.57174
0.38468 0.337535 -1.57142
0.393613 0.338597 -1.57247
0.404638 0.33772 -1.5715
0.415654 0.337901 -1.57256
0.42299 0.337937 -1.572
-0.764207 0.341587 -1.5762
-0.755535 0.341778 -1.574
-0.744708 0.342422 -1.5751
-0.734464 0.34218 -1.57548
-0.724979 0.3435 -1.57725
-0.71591 0.342928 -1.57742
-0.704717 0.343593 -1.5773
-0.69453 0.342763 -1.57666
-0.684862 0.341608 -1.57508
-0.674609 0.342373 -1.57569
-0.665416 0.342548 -1.57566
-0.655717 0.342936 -1.57746
-0.644789 0.341703 -1.57603
-0.634434 0.341953 -1.57613
-0.625128 0.341538 -1.5755
-0.615216 0.342247 -1.57676
-0.604317 0.341753 -1.57629
-0.594453 0.342207 -1.5773
-0.584107 0.341639 -1.57574
-0.575197 0.342023 -1.57702
-0.565263 0.341719 -1.57507
-0.55414 0.341826 -1.57554
-0.545285 0.34158 -1.57618
-0.535047 0.342204 -1.57729
-0.52484 0.341618 -1.57632
-0.5151 0.341953 -1.57788
-0.504727 0.34241 -1.57826
-0.494676 0.34174 -1.57619
-0.486097 0.341277 -1.57537
-0.47523 0.341677 -1.57665
-0.464777 0.340798 -1.57505
-0.455038 0.342352 -1.57665
-0.445582 0.341557 -1.57607
-0.436117 0.342007 -1.57744
-0.423685 0.341715 -1.57678
-0.415053 0.341868 -1.57627
-0.405684 0.34189 -1.57639
-0.395385 0.342314 -1.57832
-0.384257 0.34107 -1.57633
-0.37517 0.34133 -1.5775
-0.366004 0.341794 -1.57666
-0.354567 0.341833 -1.57663
-0.344495 0.341092 -1.5764
-0.33527 0.341093 -1.57643
-0.32616 0.34124 -1.57708
-0.315663 0.341258 -1.57718
-0.305247 0.341365 -1.57768
-0.2947 0.341245 -1.5771
-0.284357 0.341425 -1.57792
-0.273845 0.342058 -1.57715
-0.265955 0.341147 -1.57665
-0.254826 0.341556 -1.57706
-0.245961 0.342289 -1.57871
-0.23495 0.341462 -1.5781
-0.2283 0.341825 -1.57605
-0.130395 0.34161 -1.57505
-0.124005 0.341135 -1.57658
-0.115037 0.341463 -1.57813
-0.10603 0.341233 -1.57705
-0.0983305 0.34156 -1.5785
-0.085475 0.3416 -1.57875
-0.076451 0.34349 -1.58
-0.0649012 0.341588 -1.57867
-0.0537845 0.341863 -1.5775
-0.0443895 0.341145 -1.57665
-0.0340365 0.341485 -1.5782
-0.023843 0.341012 -1.57603
-0.014781 0.34121 -1.57697
-0.0057142 0.34138 -1.57775
0.00503566 0.34137 -1.57767
0.012377 0.341435 -1.578
0.026673 0.34162 -1.57885
0.0356033 0.3413 -1.57732
0.0460435 0.341465 -1.57812
0.0539045 0.34162 -1.57885
0.066977 0.34175 -1.57945
0.0747202 0.341615 -1.5788
0.0847858 0.340985 -1.57592
0.0953065 0.34113 -1.57658
0.10605 0.34157 -1.57862
0.114045 0.34176 -1.5795
0.124475 0.34165 -1.579
0.134995 0.341625 -1.5789
0.145598 0.3417 -1.57917
0.154765 0.341585 -1.57865
0.177415 0.3417 -1.5792
0.185265 0.341542 -1.57847
0.19603 0.341637 -1.57893
0.203885 0.341465 -1.57815
0.21906 0.34187 -1.58
0.236095 0.341405 -1.57785
0.24448 0.34165 -1.579
0.255222 0.341552 -1.57853
0.26449 0.341327 -1.5775
0.27172 0.341675 -1.5791
0.28395 0.3416 -1.57877
0.294223 0.341027 -1.57613
0.304472 0.341505 -1.5783
0.31569 0.341615 -1.5788
0.32505 0.34135 -1.57757
0.33378 0.341623 -1.57883
0.3472 0.34122 -1.577
0.354785 0.341615 -1.57883
0.36438 0.34143 -1.57797
0.37511 0.34167 -1.57907
0.38509 0.341078 -1.57633
0.396855 0.341315 -1.5774
0.40496 0.341013 -1.57603
0.41555 0.341343 -1.57757
0.423915 0.341118 -1.57468
-1.0988 -0.48016 -1.5605
-1.0161 -0.48025 -1.56085
0.54633 -0.44151 -1.5679
-0.917585 -0.434275 -1.5631
0.47348 -0.43667 -1.5687
-0.93269 -0.4279 -1.5615
0.927525 -0.413407 -1.56533
0.48019 -0.40355 -1.5638
0.92724 -0.407617 -1.56645
0.92808 -0.395484 -1.56876
-0.975185 -0.342995 -1.5664
-0.94971 -0.3037 -1.5662
-0.85675 -0.28374 -1.56353
-1.0017 -0.1628 -1.5646
-0.90462 -0.147505 -1.5625
0.88317 -0.1143 -1.5695
-0.89816 -0.098338 -1.5665
0.66162 -0.074811 -1.5672
0.85726 0.048757 -1.5615
0.82503 0.058111 -1.5609
0.83904 0.059869 -1.566
0.84291 0.05812 -1.5611
0.852113 0.0588913 -1.5678
0.865548 0.056675 -1.56548
0.875693 0.0568104 -1.56492
0.885307 0.0562876 -1.5639
0.891807 0.0578575 -1.56512
0.76992 0.069081 -1.5609
0.7771 0.067767 -1.5671
0.78347 0.0677323 -1.5663
0.795647 0.0676593 -1.56465
0.806406 0.0665031 -1.56565
0.815394 0.065868 -1.56471
0.824542 0.0659132 -1.56527
0.835492 0.0635856 -1.56407
0.84594 0.065119 -1.56723
0.85092 0.069368 -1.5674
0.8752 0.0646437 -1.56868
0.88397 0.061506 -1.5683
0.746883 0.077041 -1.56153
0.757403 0.0757559 -1.56713
0.765073 0.0748938 -1.56568
0.775671 0.0727059 -1.5658
0.785917 0.0730737 -1.56763
0.793807 0.0726137 -1.5679
0.80672 0.0733845 -1.56725
0.824565 0.070999 -1.5678
0.83048 0.071041 -1.5687
0.743262 0.0836347 -1.56547
0.76402 0.080363 -1.5674
0.72048 0.09719 -1.5608
0.71551 0.10215 -1.5633
-0.7769 0.326983 -1.56397
0.012199 0.3296 -1.5605
0.030028 0.32951 -1.5601
0.089105 0.32965 -1.5608
0.1552 0.329575 -1.5604
0.1618 0.32965 -1.5608
0.39192 0.32961 -1.5606
-0.766672 0.334012 -1.56375
-0.755015 0.335665 -1.56367
-0.745187 0.335793 -1.56388
-0.735644 0.336522 -1.56592
-0.72547 0.336517 -1.56667
-0.714497 0.336057 -1.56453
-0.70503 0.335941 -1.56519
-0.695163 0.335843 -1.56561
-0.684856 0.336354 -1.56649
-0.675192 0.335206 -1.56428
-0.665477 0.335243 -1.5645
-0.655186 0.336869 -1.56702
-0.644425 0.334493 -1.56295
-0.634773 0.335945 -1.56528
-0.625532 0.335492 -1.56565
-0.614164 0.335119 -1.56484
-0.604844 0.335299 -1.56473
-0.595962 0.33608 -1.56696
-0.58468 0.33547 -1.56558
-0.575953 0.334732 -1.56468
-0.565019 0.334721 -1.56421
-0.556009 0.335724 -1.56506
-0.54586 0.334499 -1.56429
-0.534584 0.334754 -1.56505
-0.525329 0.334336 -1.56472
-0.516656 0.334542 -1.56428
-0.504801 0.334501 -1.56431
-0.495331 0.334739 -1.5654
-0.48506 0.334863 -1.56487
-0.475103 0.334269 -1.56438
-0.465155 0.335024 -1.56537
-0.455419 0.334699 -1.56447
-0.444666 0.334717 -1.56584
-0.434254 0.335189 -1.56589
-0.425561 0.335118 -1.56581
-0.414461 0.334846 -1.56518
-0.405104 0.334417 -1.56497
-0.394977 0.334446 -1.56458
-0.385283 0.334901 -1.5662
-0.375608 0.334892 -1.56538
-0.364646 0.334381 -1.56481
-0.354796 0.334267 -1.56427
-0.344461 0.334057 -1.56495
-0.335296 0.333983 -1.56524
-0.32563 0.334832 -1.56638
-0.314085 0.334843 -1.56546
-0.30433 0.333189 -1.56343
-0.295398 0.333613 -1.56434
-0.284114 0.333902 -1.56488
-0.274859 0.333794 -1.56439
-0.264996 0.334081 -1.56506
-0.254881 0.334471 -1.56559
-0.244683 0.333407 -1.56465
-0.234781 0.332981 -1.56413
-0.227823 0.333763 -1.56263
-0.13012 0.33518 -1.5642
-0.125064 0.334746 -1.56591
-0.115502 0.333858 -1.5655
-0.10596 0.334598 -1.56652
-0.0963196 0.334697 -1.56626
-0.0847548 0.333037 -1.56412
-0.0763536 0.334304 -1.56576
-0.0644592 0.33407 -1.56504
-0.054983 0.334924 -1.56681
-0.0451418 0.333924 -1.56582
-0.034561 0.333017 -1.56399
-0.0249319 0.334199 -1.56562
-0.0137731 0.334311 -1.56574
-0.00399683 0.33356 -1.56556
0.00416991 0.33371 -1.5648
0.0143914 0.333027 -1.56477
0.024791 0.334709 -1.56634
0.0347354 0.333098 -1.56439
0.0442169 0.333261 -1.56516
0.0546598 0.334065 -1.56578
0.0643289 0.33379 -1.56601
0.0750363 0.333486 -1.56523
0.0862161 0.332771 -1.56356
0.0961973 0.333539 -1.56493
0.105436 0.333672 -1.56614
0.114587 0.334024 -1.56546
0.124306 0.333527 -1.56478
0.134787 0.333276 -1.56522
0.145953 0.332255 -1.56395
0.15605 0.332908 -1.56472
0.164617 0.333169 -1.56543
0.174459 0.332933 -1.56486
0.184937 0.332864 -1.56453
0.195086 0.332901 -1.56526
0.204817 0.333593 -1.56673
0.21495 0.332896 -1.56416
0.225156 0.332829 -1.56387
0.234581 0.332511 -1.5634
0.244847 0.333157 -1.56466
0.255343 0.332684 -1.56368
0.265201 0.333756 -1.56582
0.274662 0.333786 -1.56514
0.285908 0.334086 -1.56659
0.294769 0.333711 -1.56546
0.304323 0.333626 -1.56532
0.315769 0.333404 -1.56485
0.325487 0.334019 -1.56543
0.33428 0.33411 -1.56502
0.344058 0.334533 -1.56623
0.354728 0.333713 -1.56483
0.365776 0.333531 -1.56396
0.373378 0.334368 -1.56496
0.384884 0.333604 -1.56537
0.395427 0.335135 -1.56684
0.404713 0.33381 -1.56526
0.414616 0.333384 -1.56478
0.425313 0.334285 -1.56433
0.4136 0.34778 -1.562
0.36785 0.39299 -1.568
-0.12821 0.44924 -1.5666
0.46438 -0.44695 -1.5572
-0.91104 -0.435 -1.5507
-0.892765 -0.432735 -1.5546
0.54454 -0.43223 -1.5588
-0.94405 -0.41453 -1.5548
0.47034 -0.415 -1.5503
0.54728 -0.4163 -1.5551
-0.80772 -0.39494 -1.5563
0.55801 -0.38419 -1.5528
-0.81925 -0.37569 -1.5587
0.4842 -0.3787 -1.5573
-0.81989 -0.3607 -1.5504
-0.93251 -0.35675 -1.5546
-0.98153 -0.347 -1.5586
-0.968465 -0.346965 -1.55115
-0.96493 -0.339 -1.5557
-0.83523 -0.333245 -1.55555
-0.93607 -0.31832 -1.5572
-0.94816 -0.2855 -1.5552
0.54036 -0.18236 -1.5564
-0.99139 -0.1745 -1.558
0.55112 -0.14466 -1.5577
0.63771 -0.14007 -1.5594
-0.90217 -0.13261 -1.55365
0.86141 -0.11052 -1.5592
0.88192 -0.11492 -1.557
0.82998 -0.10233 -1.5554
-1.0359 -0.065042 -1.5591
0.65987 -0.065009 -1.5583
0.84548 0.048458 -1.55195
0.85498 0.04926 -1.5528
0.875955 0.0484535 -1.55175
0.882685 0.048593 -1.55625
0.792903 0.0576977 -1.5506
0.806108 0.0587162 -1.55212
0.81521 0.0586238 -1.55382
0.82484 0.0559091 -1.55404
0.835166 0.0550625 -1.55542
0.844716 0.0536096 -1.55571
0.854573 0.0536784 -1.55625
0.865196 0.0545664 -1.55627
0.874412 0.0519636 -1.55576
0.883662 0.0525853 -1.55751
0.745747 0.0681857 -1.55253
0.754205 0.068675 -1.5517
0.764886 0.0656479 -1.55486
0.775744 0.0638203 -1.55325
0.784516 0.0630537 -1.55161
0.792217 0.0640627 -1.5547
0.805083 0.0630973 -1.55687
0.814105 0.0617335 -1.5547
0.82107 0.0618375 -1.55735
0.73706 0.0739095 -1.55355
0.744629 0.0742491 -1.55645
0.753797 0.0715597 -1.5565
0.762045 0.070475 -1.5562
0.7329 0.087736 -1.5599
0.72543 0.092278 -1.5582
0.70462 0.10785 -1.5553
0.69082 0.11693 -1.5532
-0.767335 0.32844 -1.5551
-0.755165 0.32895 -1.55165
-0.745308 0.329693 -1.55328
-0.735505 0.32935 -1.55165
-0.72433 0.328388 -1.55172
-0.714928 0.328767 -1.55273
-0.70428 0.32787 -1.55237
-0.685027 0.32862 -1.55205
-0.673433 0.328177 -1.55123
-0.666798 0.328572 -1.5526
-0.65792 0.327405 -1.55015
-0.644693 0.328455 -1.5532
-0.634307 0.327893 -1.5525
-0.624418 0.32836 -1.55273
-0.615662 0.328002 -1.55144
-0.603535 0.328478 -1.55267
-0.59419 0.327717 -1.55163
-0.58598 0.32786 -1.5523
-0.57581 0.32764 -1.55125
-0.565338 0.328075 -1.5533
-0.55487 0.328278 -1.55274
-0.546155 0.327848 -1.55425
-0.535232 0.32782 -1.5537
-0.52401 0.32708 -1.55203
-0.514033 0.327903 -1.55247
-0.505222 0.32844 -1.55505
-0.494673 0.327673 -1.55137
-0.48566 0.327912 -1.55414
-0.475025 0.328155 -1.55367
-0.464365 0.328242 -1.5541
-0.454803 0.327698 -1.5535
-0.445853 0.328443 -1.55508
-0.435077 0.327815 -1.55473
-0.424541 0.32734 -1.55383
-0.414286 0.32755 -1.55424
-0.405327 0.327417 -1.55474
-0.395173 0.327358 -1.55391
-0.385037 0.327277 -1.55296
-0.374699 0.327424 -1.55364
-0.366518 0.327424 -1.55342
-0.356434 0.327436 -1.5537
-0.34529 0.327099 -1.55267
-0.33538 0.327679 -1.55541
-0.32496 0.327608 -1.5551
-0.31446 0.327391 -1.55408
-0.304684 0.32749 -1.55394
-0.29517 0.327442 -1.55431
-0.285204 0.327473 -1.55389
-0.274443 0.327123 -1.55278
-0.265973 0.32878 -1.55665
-0.25611 0.327779 -1.55531
-0.244716 0.327613 -1.55454
-0.235129 0.327636 -1.55524
-0.227863 0.327793 -1.55463
-0.126075 0.327809 -1.55409
-0.11597 0.327342 -1.55384
-0.105883 0.327516 -1.55465
-0.0957829 0.327262 -1.55349
-0.0858284 0.327094 -1.55397
-0.0755839 0.32749 -1.55454
-0.0646585 0.327597 -1.5537
-0.055364 0.327552 -1.55484
-0.0452561 0.327539 -1.55477
-0.0351645 0.327431 -1.55426
-0.024978 0.327696 -1.55551
-0.0148597 0.327632 -1.55522
-0.00471908 0.327637 -1.55524
0.00547945 0.327781 -1.55591
0.0161783 0.327116 -1.55474
0.0251644 0.327397 -1.55469
0.0359728 0.327311 -1.55566
0.0449865 0.327896 -1.55646
0.0550553 0.327606 -1.55509
0.0645314 0.327691 -1.55493
0.0739959 0.327617 -1.55454
0.0833397 0.327117 -1.55277
0.0956496 0.327297 -1.55457
0.104486 0.327134 -1.55416
0.115356 0.327122 -1.55513
0.12529 0.327106 -1.55468
0.134538 0.326688 -1.55395
0.143332 0.32716 -1.55376
0.154771 0.327029 -1.55517
0.165126 0.327404 -1.5547
0.175269 0.327064 -1.55384
0.185301 0.327331 -1.55376
0.195449 0.327436 -1.55484
0.204696 0.327486 -1.55547
0.215021 0.327108 -1.55508
0.22461 0.327292 -1.55491
0.234835 0.327005 -1.5542
0.24448 0.327893 -1.55589
0.254432 0.327639 -1.55526
0.264453 0.327651 -1.55473
0.275077 0.327321 -1.55433
0.284379 0.3276 -1.55451
0.29468 0.32753 -1.55474
0.304967 0.32695 -1.5533
0.31508 0.327532 -1.55473
0.324912 0.32685 -1.55384
0.33522 0.327085 -1.5546
0.344033 0.327582 -1.55365
0.355113 0.32763 -1.55521
0.365373 0.32735 -1.55444
0.374904 0.327566 -1.55431
0.38509 0.327446 -1.55491
0.395752 0.327698 -1.5555
0.40418 0.327073 -1.55313
0.414759 0.327442 -1.55529
0.423763 0.328023 -1.55445
-0.762905 0.331515 -1.55815
-0.74882 0.3321 -1.5573
-0.732883 0.331713 -1.5579
-0.7264 0.331858 -1.558
-0.714242 0.332 -1.55828
-0.705208 0.330776 -1.55688
-0.69431 0.330367 -1.55643
-0.684392 0.331916 -1.55794
-0.67783 0.330225 -1.5558
-0.662533 0.331387 -1.5576
-0.655153 0.33133 -1.55733
-0.645862 0.331338 -1.55808
-0.635154 0.331469 -1.55799
-0.623823 0.331043 -1.5572
-0.613527 0.330653 -1.5578
-0.60758 0.33051 -1.5571
-0.594822 0.331257 -1.55697
-0.585774 0.331167 -1.55706
-0.5743 0.330832 -1.55716
-0.564595 0.330878 -1.557
-0.554117 0.33086 -1.55695
-0.543964 0.33105 -1.5582
-0.53522 0.33083 -1.5586
-0.52831 0.33083 -1.5586
-0.51331 0.33108 -1.55735
-0.50534 0.330958 -1.55737
-0.495245 0.330685 -1.55795
-0.484726 0.331044 -1.55816
-0.46452 0.331027 -1.55953
-0.45486 0.33083 -1.5586
-0.444255 0.330938 -1.55912
-0.434303 0.330413 -1.55667
-0.42506 0.330478 -1.55695
-0.414503 0.330543 -1.55725
-0.40531 0.330617 -1.55763
-0.395755 0.330307 -1.55617
-0.385193 0.330278 -1.556
-0.37498 0.330582 -1.55748
-0.364665 0.330775 -1.55835
-0.354095 0.330645 -1.55775
-0.34624 0.330615 -1.5576
-0.33207 0.33079 -1.5584
-0.325585 0.330795 -1.55848
-0.31507 0.330605 -1.55755
-0.307335 0.33063 -1.5577
-0.296 0.33107 -1.5598
-0.286805 0.3308 -1.5585
-0.271415 0.33089 -1.5589
-0.26243 0.3309 -1.5589
-0.256487 0.330967 -1.55927
-0.247123 0.331037 -1.55957
-0.227785 0.33069 -1.558
-0.126175 0.330815 -1.55855
-0.11605 0.330955 -1.5592
-0.10591 0.330715 -1.5581
-0.0957795 0.33041 -1.55665
-0.088175 0.330975 -1.5593
-0.074238 0.33094 -1.55917
-0.0653818 0.330805 -1.55853
-0.055227 0.330907 -1.559
-0.046369 0.3308 -1.5585
-0.0222155 0.330995 -1.5594
-0.018414 0.33095 -1.5592
0.00578815 0.33106 -1.5597
0.019725 0.33084 -1.5587
0.024791 0.33075 -1.55827
0.058207 0.33113 -1.56
0.068345 0.3309 -1.559
0.08125 0.331 -1.5594
0.091512 0.33094 -1.5591
0.104353 0.33086 -1.5588
0.11487 0.33111 -1.5599
0.12784 0.33113 -1.56
0.15114 0.33097 -1.5593
0.204955 0.330965 -1.55925
0.21698 0.33107 -1.5598
0.27853 0.33103 -1.5596
0.28131 0.33109 -1.5599
0.30849 0.33108 -1.5598
0.32226 0.33113 -1.56
0.33577 0.330955 -1.5592
0.344243 0.331077 -1.5598
0.355163 0.330957 -1.55923
0.36377 0.33112 -1.56
0.374617 0.330907 -1.559
0.386055 0.331035 -1.5596
0.39424 0.330867 -1.5588
0.40732 0.33107 -1.55975
0.415915 0.331105 -1.5599
-0.995035 -0.490825 -1.5428
0.52695 -0.4665 -1.5432
0.45791 -0.45676 -1.5446
0.46083 -0.4459 -1.5477
-0.92942 -0.43098 -1.5423
-0.93805 -0.42101 -1.5423
-0.88961 -0.42799 -1.5435
0.47217 -0.41271 -1.548
0.54511 -0.39759 -1.5407
-0.965337 -0.347523 -1.54277
-0.95979 -0.34954 -1.5445
-0.95216 -0.33416 -1.5407
0.49491 -0.33448 -1.5497
0.49514 -0.32076 -1.5459
0.49535 -0.31191 -1.541
0.50532 -0.27847 -1.5432
-0.95904 -0.23963 -1.5469
-0.88195 -0.18824 -1.5466
0.70801 -0.058217 -1.541
0.815093 0.0489578 -1.5432
0.82462 0.0473655 -1.5418
0.834552 0.0482192 -1.54438
0.845733 0.046667 -1.5444
0.856414 0.0480021 -1.54367
0.865285 0.047867 -1.54548
0.873577 0.0458495 -1.54315
0.88116 0.046802 -1.5488
0.76666 0.058187 -1.5422
0.775412 0.0567939 -1.54453
0.785042 0.0562403 -1.54632
0.79521 0.0567313 -1.54522
0.803718 0.055111 -1.5442
0.814641 0.054186 -1.5458
0.82382 0.0536505 -1.5457
0.83107 0.0537525 -1.5487
0.84326 0.051421 -1.5485
0.85548 0.051408 -1.5481
0.86623 0.051406 -1.5481
0.72847 0.069037 -1.542
0.735622 0.0679516 -1.54536
0.745922 0.0647007 -1.5446
0.75459 0.0648485 -1.54696
0.763995 0.0624892 -1.54455
0.777135 0.0626625 -1.54935
0.783585 0.0622145 -1.54745
0.794328 0.0612207 -1.54817
0.8039 0.0605637 -1.54427
0.726077 0.0740073 -1.54143
0.733263 0.0748507 -1.548
0.74168 0.070079 -1.5475
0.68988 0.11137 -1.5404
0.66292 0.13503 -1.5476
-0.36363 0.31893 -1.5408
-0.3597 0.31887 -1.5405
-0.30843 0.31895 -1.5409
-0.294335 0.318845 -1.5404
-0.285525 0.318985 -1.54105
-0.244335 0.31894 -1.54087
-0.23622 0.319105 -1.54165
-0.22728 0.31887 -1.5405
-0.12828 0.318985 -1.54105
-0.11702 0.31883 -1.5403
-0.10454 0.31905 -1.5414
-0.097044 0.31906 -1.5414
-0.0883025 0.31885 -1.5404
-0.0758113 0.318873 -1.5405
-0.068324 0.318795 -1.54015
-0.053313 0.31892 -1.54075
-0.0358075 0.31889 -1.5406
-0.0257695 0.319003 -1.54115
-0.0019411 0.31903 -1.5412
0.00180718 0.318975 -1.541
0.0168725 0.31895 -1.5409
0.02062 0.31889 -1.5406
0.0319915 0.318995 -1.5411
0.058475 0.31897 -1.541
0.06858 0.31895 -1.5409
0.0737727 0.319163 -1.5419
0.08631 0.318917 -1.5407
0.09535 0.319135 -1.54177
0.1092 0.3189 -1.5406
0.115843 0.319265 -1.5424
0.12198 0.31892 -1.5408
0.136193 0.319085 -1.54153
0.1476 0.3189 -1.5407
0.154437 0.31887 -1.5405
0.164365 0.31892 -1.5407
0.17079 0.31889 -1.5406
0.18529 0.31915 -1.54185
0.19568 0.319138 -1.5418
0.20713 0.31886 -1.5405
0.21512 0.318997 -1.54113
0.222897 0.318923 -1.54073
0.236133 0.31901 -1.54117
0.24136 0.31897 -1.541
0.263905 0.318995 -1.5411
0.27052 0.31897 -1.541
0.283943 0.31903 -1.54123
0.29454 0.31894 -1.5408
0.30686 0.319085 -1.5415
0.315045 0.31914 -1.5418
0.32581 0.319088 -1.5415
0.33227 0.31885 -1.5404
-0.763376 0.32284 -1.54414
-0.755184 0.325083 -1.54477
-0.744499 0.324781 -1.54558
-0.734521 0.324344 -1.54352
-0.72718 0.323961 -1.54393
-0.715546 0.324016 -1.54458
-0.703903 0.323329 -1.54319
-0.694512 0.324861 -1.54597
-0.685013 0.325089 -1.54596
-0.674367 0.323764 -1.54369
-0.664304 0.323421 -1.54403
-0.6543 0.323527 -1.54386
-0.64584 0.32397 -1.54466
-0.634238 0.322793 -1.54392
-0.624747 0.323061 -1.54442
-0.615346 0.322886 -1.54436
-0.605561 0.323112 -1.54374
-0.594998 0.322976 -1.54392
-0.585031 0.322918 -1.54374
-0.575539 0.323154 -1.54567
-0.56516 0.323039 -1.5451
-0.555485 0.32363 -1.54502
-0.543871 0.323233 -1.54517
-0.534941 0.322832 -1.54497
-0.525845 0.322576 -1.54483
-0.514414 0.323073 -1.54525
-0.504947 0.323094 -1.54536
-0.495714 0.32339 -1.54504
-0.48531 0.322861 -1.54495
-0.475026 0.32288 -1.54435
-0.464747 0.323525 -1.54587
-0.455751 0.323017 -1.54498
-0.444982 0.323024 -1.54503
-0.434384 0.322526 -1.54374
-0.424729 0.322401 -1.54463
-0.414527 0.322167 -1.54426
-0.40527 0.321699 -1.54313
-0.395657 0.322096 -1.54447
-0.385063 0.32194 -1.54373
-0.375303 0.32242 -1.54473
-0.363487 0.322783 -1.54474
-0.3537 0.322433 -1.54479
-0.343894 0.322284 -1.54539
-0.33427 0.322567 -1.54619
-0.32517 0.321999 -1.54457
-0.315443 0.322087 -1.54445
-0.30538 0.322342 -1.54565
-0.295111 0.322129 -1.54406
-0.284462 0.322529 -1.54524
-0.275321 0.322953 -1.54581
-0.264291 0.323394 -1.54608
-0.253904 0.322456 -1.54489
-0.244562 0.322361 -1.54444
-0.233967 0.321987 -1.54396
-0.226178 0.322556 -1.54434
-0.126277 0.322324 -1.54427
-0.115836 0.322067 -1.54434
-0.105824 0.32247 -1.5463
-0.0957894 0.322475 -1.5463
-0.0855743 0.3224 -1.54647
-0.0765682 0.3225 -1.54512
-0.0662088 0.322673 -1.5449
-0.0556481 0.322381 -1.54585
-0.0455474 0.322722 -1.54746
-0.0355519 0.322414 -1.54599
-0.025458 0.322574 -1.54675
-0.0155421 0.322033 -1.54414
-0.00537676 0.322365 -1.54577
0.00479069 0.322636 -1.54707
0.01464 0.322344 -1.5462
0.0249241 0.322467 -1.54626
0.0344934 0.322353 -1.54626
0.0452809 0.322702 -1.54739
0.055267 0.322391 -1.54587
0.0653089 0.322192 -1.54491
0.0755587 0.322842 -1.54673
0.0856494 0.322679 -1.54598
0.0943109 0.322464 -1.54567
0.105035 0.322552 -1.54665
0.114248 0.322643 -1.5484
0.12405 0.322404 -1.54651
0.135182 0.321904 -1.54586
0.144915 0.322614 -1.54696
0.154974 0.3224 -1.54647
0.16553 0.322524 -1.54651
0.17457 0.321748 -1.5441
0.18442 0.322777 -1.5472
0.194374 0.322741 -1.54756
0.204971 0.322571 -1.54731
0.21436 0.322088 -1.54676
0.225809 0.322675 -1.54722
0.2362 0.322267 -1.54657
0.244696 0.322621 -1.54644
0.25476 0.322522 -1.54651
0.264844 0.322524 -1.54554
0.274549 0.322348 -1.54568
0.285115 0.322229 -1.5451
0.295261 0.322454 -1.54563
0.304902 0.32236 -1.5465
0.314226 0.322785 -1.5478
0.324697 0.322238 -1.54645
0.334977 0.322112 -1.54583
0.345237 0.322977 -1.54739
0.355816 0.322235 -1.54514
0.365812 0.323215 -1.54597
0.375625 0.321932 -1.54368
0.385643 0.322417 -1.54546
0.395287 0.321991 -1.54453
0.404415 0.322423 -1.54473
0.417697 0.322767 -1.54637
0.425287 0.323563 -1.54602
-0.23082 0.44341 -1.5498
-1.1235 -0.49142 -1.5367
0.52372 -0.465175 -1.5393
-0.92235 -0.44016 -1.5391
-0.88989 -0.43104 -1.5307
0.45875 -0.43928 -1.536
-0.89483 -0.42725 -1.5349
0.53298 -0.4282 -1.5323
0.47287 -0.39542 -1.5389
-0.92704 -0.38855 -1.5311
0.47318 -0.38158 -1.5356
-0.92005 -0.3656 -1.5302
0.55194 -0.36399 -1.5301
-0.81185 -0.35859 -1.5344
0.48022 -0.3544 -1.5304
-0.96172 -0.34467 -1.5373
-0.95458 -0.34178 -1.5316
0.48347 -0.34233 -1.534
-0.95113 -0.33529 -1.5387
-0.97565 -0.18318 -1.5372
0.81873 -0.10246 -1.5328
-1.0161 -0.094998 -1.5383
0.80897 -0.099706 -1.5394
-0.87518 -0.079364 -1.5323
0.55453 -0.076281 -1.5311
-0.18976 -0.0417995 -1.5374
0.82601 0.038614 -1.5309
0.83364 0.038637 -1.53183
0.84427 0.037878 -1.53195
0.855263 0.0368285 -1.53507
0.865493 0.0364862 -1.53348
0.7696 0.049421 -1.5336
0.773367 0.0488737 -1.53247
0.783658 0.04868 -1.53445
0.795705 0.0485995 -1.5319
0.802997 0.0473363 -1.5326
0.814773 0.0456584 -1.53434
0.823948 0.0467098 -1.53727
0.835612 0.0430164 -1.53469
0.845858 0.0430227 -1.53415
0.855813 0.04334 -1.53614
0.863527 0.042815 -1.53317
0.8726 0.0418193 -1.53667
0.735577 0.0580653 -1.5322
0.746923 0.0563876 -1.53303
0.754895 0.0569519 -1.53536
0.764732 0.0549994 -1.53644
0.775608 0.0533002 -1.5368
0.784077 0.0543122 -1.5344
0.797727 0.0517117 -1.535
0.80504 0.05256 -1.53825
0.725154 0.0648434 -1.53573
0.736053 0.0629384 -1.53833
0.745286 0.0608528 -1.53614
0.75759 0.060329 -1.5383
0.72273 0.072809 -1.5376
0.70015 0.10174 -1.5364
0.67186 0.11994 -1.5303
-1.0003 0.12169 -1.5335
-0.80694 0.28672 -1.5394
-0.7637 0.317915 -1.5359
-0.754062 0.318428 -1.53455
-0.745282 0.317083 -1.53313
-0.735843 0.317957 -1.53418
-0.72387 0.318292 -1.53462
-0.71548 0.317626 -1.5335
-0.706082 0.318027 -1.53385
-0.69531 0.316543 -1.53115
-0.684365 0.318368 -1.53552
-0.675238 0.317167 -1.5335
-0.666225 0.317805 -1.53341
-0.653775 0.316735 -1.5321
-0.645389 0.317916 -1.53477
-0.635076 0.317217 -1.5344
-0.624387 0.317753 -1.5351
-0.613907 0.316913 -1.53357
-0.604043 0.317241 -1.53429
-0.594105 0.317337 -1.53563
-0.583724 0.316079 -1.53243
-0.576386 0.317532 -1.53554
-0.565505 0.316846 -1.5345
-0.554124 0.316524 -1.53338
-0.54547 0.317155 -1.53473
-0.536067 0.317252 -1.53518
-0.524049 0.317379 -1.53544
-0.514539 0.316737 -1.53343
-0.504787 0.316917 -1.53433
-0.49481 0.316806 -1.53434
-0.484318 0.31663 -1.53347
-0.474782 0.316806 -1.53433
-0.464704 0.316374 -1.53451
-0.454447 0.317167 -1.53554
-0.4453 0.316413 -1.53431
-0.434869 0.316854 -1.53401
-0.424869 0.316376 -1.53351
-0.415331 0.316772 -1.53513
-0.403913 0.317203 -1.53495
-0.39475 0.316439 -1.53481
-0.384181 0.316728 -1.53519
-0.375412 0.316595 -1.53519
-0.365292 0.315578 -1.53367
-0.354503 0.31714 -1.5365
-0.345012 0.316774 -1.53543
-0.334651 0.316629 -1.53473
-0.324743 0.315979 -1.5341
-0.314585 0.316203 -1.53447
-0.304949 0.316354 -1.53495
-0.295351 0.315561 -1.53358
-0.2849 0.316036 -1.53438
-0.275248 0.315661 -1.53325
-0.265329 0.316214 -1.53455
-0.255972 0.316285 -1.53488
-0.24503 0.315927 -1.53494
-0.235341 0.315414 -1.53326
-0.226409 0.316487 -1.53466
-0.125501 0.315908 -1.53461
-0.115441 0.315968 -1.53406
-0.105504 0.316229 -1.5353
-0.0955522 0.315732 -1.53441
-0.0857124 0.31589 -1.53451
-0.0756612 0.315754 -1.53458
-0.0654624 0.315722 -1.53438
-0.0564803 0.315939 -1.53544
-0.0456724 0.316415 -1.53553
-0.0356094 0.315161 -1.53341
-0.0254519 0.315137 -1.53424
-0.0161548 0.317023 -1.53664
-0.00607902 0.316336 -1.53584
0.0048983 0.315797 -1.53529
0.0143785 0.315901 -1.53524
0.025132 0.316025 -1.535
0.035388 0.315804 -1.53478
0.0448559 0.316312 -1.53572
0.0546 0.316081 -1.53527
0.0645224 0.316785 -1.53612
0.0755091 0.315349 -1.53359
0.084145 0.315609 -1.53424
0.094352 0.315371 -1.53496
0.104238 0.31649 -1.53658
0.114689 0.315427 -1.53524
0.125271 0.316117 -1.53546
0.134869 0.315178 -1.53402
0.144631 0.315701 -1.53428
0.154781 0.315665 -1.53448
0.164419 0.316223 -1.53624
0.175381 0.317139 -1.53785
0.185009 0.315274 -1.53448
0.195646 0.315562 -1.53587
0.204929 0.316248 -1.5354
0.214745 0.315184 -1.53405
0.224918 0.315434 -1.53431
0.234092 0.315732 -1.53542
0.245542 0.315793 -1.53508
0.25499 0.31655 -1.53619
0.264773 0.315686 -1.53459
0.275296 0.316145 -1.53561
0.285646 0.315469 -1.53447
0.294832 0.31626 -1.53546
0.304241 0.315522 -1.53444
0.31418 0.316076 -1.53459
0.32544 0.314968 -1.53175
0.335896 0.31709 -1.53646
0.34478 0.317347 -1.53697
0.355481 0.316111 -1.53405
0.365526 0.316258 -1.53419
0.375155 0.315861 -1.53351
0.384954 0.316452 -1.53471
0.394909 0.316159 -1.53566
0.404022 0.316572 -1.53529
0.414993 0.315878 -1.535
0.42493 0.316403 -1.53488
-0.752895 0.321545 -1.538
-0.745757 0.3207 -1.53907
-0.73069 0.32015 -1.539
-0.72344 0.32178 -1.5391
-0.702405 0.320095 -1.53875
-0.69533 0.32022 -1.53933
-0.684933 0.320915 -1.5388
-0.67756 0.3201 -1.5387
-0.66359 0.32036 -1.54
-0.65178 0.32021 -1.5393
-0.64071 0.32196 -1.54
-0.63715 0.32004 -1.5385
-0.59777 0.32014 -1.539
-0.58963 0.32029 -1.5397
-0.55495 0.320275 -1.5396
-0.546555 0.32018 -1.5391
-0.49238 0.32025 -1.53945
-0.468355 0.320295 -1.5397
-0.4509 0.32015 -1.539
-0.436585 0.32033 -1.53985
-0.36737 0.32031 -1.5398
-0.29288 0.3201 -1.5388
-0.27397 0.3203 -1.5397
-0.26766 0.32035 -1.54
-0.22168 0.32295 -1.53295
-0.0733185 0.32034 -1.5399
0.364605 0.32003 -1.53845
0.37333 0.32031 -1.5398
0.40809 0.32027 -1.53955
0.413585 0.320195 -1.5392
0.42635 0.32177 -1.5391
-1.11305 -0.502905 -1.52015
-1.0629 -0.5016 -1.5208
-1.0422 -0.501275 -1.5226
0.51076 -0.47988 -1.5212
-0.93532 -0.457185 -1.5209
-0.91896 -0.45821 -1.5214
-0.77787 -0.45739 -1.52165
0.52206 -0.45034 -1.5286
-0.88461 -0.41925 -1.5239
0.45986 -0.40946 -1.5238
-0.78906 -0.38935 -1.52465
-0.8008 -0.37305 -1.5274
-0.79567 -0.37356 -1.523
-0.83554 -0.29129 -1.5271
0.59014 -0.22892 -1.5278
-0.86156 -0.21109 -1.5239
0.60081 -0.20229 -1.5284
0.59679 -0.19513 -1.5213
0.63145 -0.090847 -1.5211
0.70196 -0.059059 -1.5249
0.85601 0.029491 -1.5259
0.797955 0.03916 -1.5224
0.806253 0.037892 -1.522
0.815907 0.0394653 -1.5244
0.825988 0.0358123 -1.52438
0.835216 0.0357036 -1.52427
0.84463 0.0344267 -1.52149
0.855268 0.0335916 -1.52604
0.863899 0.03398 -1.52653
0.756063 0.0467707 -1.52268
0.765467 0.0476237 -1.52523
0.774264 0.0457404 -1.52396
0.786037 0.046462 -1.52636
0.795194 0.0454718 -1.52484
0.803668 0.042765 -1.52636
0.816918 0.0422865 -1.52585
0.82487 0.0411645 -1.52653
0.83821 0.0408305 -1.5281
0.844767 0.04111 -1.5291
0.8521 0.041579 -1.5277
0.86276 0.04006 -1.5277
0.718993 0.0566803 -1.52273
0.725169 0.0572194 -1.52394
0.735949 0.05559 -1.52467
0.746993 0.0515843 -1.52397
0.755031 0.0523834 -1.52621
0.762442 0.0517787 -1.52475
0.77392 0.050796 -1.5297
0.78628 0.050733 -1.52777
0.80137 0.050806 -1.53
0.71489 0.062049 -1.5247
0.72009 0.06142 -1.5281
0.7166 0.0774045 -1.52415
0.69854 0.096411 -1.5226
-0.80427 0.28192 -1.5223
-0.76538 0.307985 -1.52185
-0.64947 0.30855 -1.5207
-0.63536 0.30857 -1.5208
-0.62973 0.30857 -1.5208
-0.61849 0.30856 -1.5207
-0.59888 0.30849 -1.5204
-0.50113 0.30847 -1.5203
-0.494703 0.308627 -1.52105
-0.47466 0.30849 -1.5204
-0.45643 0.30861 -1.521
-0.43039 0.30866 -1.5212
-0.41595 0.308505 -1.52045
-0.403325 0.30876 -1.52165
-0.39514 0.308733 -1.52157
-0.385315 0.308748 -1.52165
-0.374457 0.308557 -1.5207
-0.364845 0.308743 -1.5216
-0.3545 0.308567 -1.52075
-0.34452 0.30877 -1.52175
-0.33536 0.30843 -1.5201
-0.324163 0.308648 -1.52115
-0.31524 0.308138 -1.5206
-0.304393 0.308597 -1.5209
-0.294497 0.308813 -1.52197
-0.284423 0.308753 -1.52167
-0.2626 0.308493 -1.5204
-0.25645 0.30864 -1.52105
-0.2428 0.30873 -1.52153
-0.234065 0.308655 -1.52118
-0.22406 0.30849 -1.5204
-0.12419 0.30938 -1.52473
-0.114786 0.308656 -1.52278
-0.106275 0.308335 -1.5216
-0.0958098 0.30878 -1.52183
-0.085216 0.308748 -1.52326
-0.0761185 0.3087 -1.5214
-0.0650265 0.308532 -1.52192
-0.053937 0.3088 -1.5219
-0.044046 0.308982 -1.52277
-0.0330125 0.308645 -1.5211
-0.0255563 0.30848 -1.5223
-0.010843 0.30851 -1.5205
-0.00459543 0.308728 -1.52155
0.00539387 0.308987 -1.52283
0.0159926 0.308536 -1.52222
0.024288 0.308205 -1.52163
0.035193 0.309045 -1.52313
0.0451747 0.309103 -1.52338
0.0543028 0.308622 -1.52258
0.0646894 0.308472 -1.5219
0.075356 0.3088 -1.5219
0.0856933 0.308157 -1.52138
0.0937523 0.308863 -1.5222
0.104975 0.308757 -1.52165
0.115035 0.30876 -1.5217
0.125465 0.309197 -1.52385
0.135485 0.309078 -1.52325
0.145805 0.309287 -1.5243
0.156508 0.308722 -1.5231
0.164847 0.30826 -1.5219
0.17426 0.308675 -1.5233
0.184947 0.308099 -1.52244
0.193943 0.308377 -1.52247
0.204208 0.308873 -1.52225
0.21486 0.309178 -1.52375
0.225155 0.309123 -1.52352
0.234955 0.308102 -1.52113
0.245792 0.308977 -1.52275
0.256022 0.308018 -1.52205
0.263968 0.308758 -1.5233
0.275372 0.308352 -1.52235
0.284956 0.308688 -1.52294
0.296046 0.30866 -1.5228
0.304948 0.308093 -1.52242
0.314305 0.30889 -1.52233
0.324313 0.307913 -1.5221
0.336667 0.30808 -1.521
0.344527 0.309305 -1.5244
0.35454 0.308782 -1.52183
0.366038 0.308368 -1.52296
0.373816 0.308754 -1.52326
0.383887 0.309173 -1.52373
0.39349 0.308632 -1.5237
0.404565 0.30915 -1.5236
0.414927 0.308725 -1.52155
0.42791 0.30894 -1.5226
0.43037 0.30876 -1.5217
-0.763667 0.31296 -1.52697
-0.754635 0.313002 -1.52531
-0.745772 0.313344 -1.52582
-0.734066 0.312946 -1.52581
-0.72457 0.31286 -1.52573
-0.714903 0.311859 -1.52373
-0.705154 0.313633 -1.52704
-0.694494 0.31312 -1.52561
-0.685288 0.312538 -1.5249
-0.674192 0.313193 -1.52687
-0.664503 0.312296 -1.52468
-0.65529 0.312405 -1.52495
-0.644469 0.312521 -1.52483
-0.635494 0.311804 -1.52383
-0.624971 0.312783 -1.52611
-0.615877 0.312343 -1.52564
-0.60506 0.311876 -1.52545
-0.594424 0.312467 -1.52541
-0.584751 0.311604 -1.52466
-0.574026 0.3125 -1.52567
-0.56481 0.311769 -1.52492
-0.55537 0.3116 -1.52533
-0.545136 0.312414 -1.52619
-0.533889 0.312484 -1.52548
-0.524954 0.3124 -1.52676
-0.514756 0.312277 -1.52579
-0.505354 0.311815 -1.52514
-0.495181 0.311527 -1.52427
-0.485153 0.312012 -1.52484
-0.474786 0.311826 -1.52519
-0.464924 0.311608 -1.52488
-0.4551 0.311895 -1.52552
-0.44533 0.311527 -1.52497
-0.435259 0.312097 -1.52524
-0.424989 0.311916 -1.52616
-0.414409 0.311751 -1.52539
-0.40509 0.312611 -1.52676
-0.394357 0.311632 -1.52547
-0.384681 0.312264 -1.52786
-0.373775 0.312303 -1.52753
-0.365825 0.311292 -1.52635
-0.355149 0.312034 -1.52676
-0.345213 0.311926 -1.52621
-0.335207 0.312123 -1.52719
-0.3248 0.31096 -1.5247
-0.314516 0.311364 -1.52518
-0.304123 0.311968 -1.52712
-0.294615 0.311105 -1.52543
-0.284738 0.311867 -1.52667
-0.27416 0.31054 -1.52265
-0.265512 0.311852 -1.52758
-0.2538 0.311518 -1.52592
-0.245393 0.311728 -1.52598
-0.233868 0.311608 -1.52636
-0.223832 0.31359 -1.52618
-0.124778 0.312154 -1.52906
-0.115842 0.311824 -1.52744
-0.106432 0.311522 -1.52594
-0.0958055 0.31135 -1.52663
-0.0851752 0.311798 -1.52732
-0.0762121 0.311984 -1.52649
-0.0662015 0.310835 -1.5241
-0.0550118 0.31139 -1.52682
-0.0442405 0.312148 -1.52803
-0.0339762 0.311375 -1.52675
-0.0240805 0.31133 -1.5265
-0.0136353 0.311954 -1.52633
-0.00420059 0.311448 -1.5271
0.00584445 0.31176 -1.52863
0.0156217 0.31131 -1.52643
0.0256157 0.311395 -1.52682
0.0355173 0.311265 -1.52622
0.045577 0.311425 -1.52697
0.055457 0.311217 -1.52595
0.0650581 0.312081 -1.52696
0.0755375 0.31131 -1.5264
0.0858647 0.311758 -1.5286
0.0958585 0.31164 -1.52805
0.105576 0.311766 -1.52716
0.11567 0.311125 -1.5255
0.12597 0.311363 -1.5267
0.134967 0.311513 -1.52743
0.144133 0.311835 -1.52898
0.15439 0.311904 -1.52782
0.165136 0.31192 -1.52792
0.173921 0.31211 -1.52711
0.184962 0.3117 -1.52835
0.1949 0.31135 -1.52663
0.205245 0.311375 -1.52673
0.215182 0.310995 -1.52487
0.224867 0.311533 -1.5275
0.233688 0.31128 -1.5263
0.242933 0.311373 -1.52677
0.255105 0.31169 -1.52828
0.265354 0.311974 -1.52816
0.27595 0.311503 -1.52737
0.28512 0.311427 -1.527
0.294093 0.311195 -1.52588
0.305057 0.31141 -1.5269
0.316172 0.312182 -1.52818
0.325663 0.311937 -1.52695
0.335169 0.312244 -1.52669
0.34488 0.312063 -1.52689
0.353435 0.311687 -1.5264
0.364477 0.311395 -1.52685
0.375695 0.311552 -1.5276
0.384392 0.312175 -1.5288
0.395348 0.311745 -1.52857
0.406295 0.31214 -1.52797
0.41642 0.31184 -1.529
0.426127 0.311765 -1.52615
0.43072 0.31047 -1.5223
-0.220805 0.325405 -1.5223
-0.1321 0.38199 -1.5297
-1.11247 -0.503738 -1.5161
0.50651 -0.47387 -1.5124
-0.93709 -0.45643 -1.51825
-0.91254 -0.45043 -1.5119
-0.927795 -0.441465 -1.51505
-0.8673 -0.431825 -1.51835
0.51829 -0.4399 -1.5152
0.5263 -0.41168 -1.5139
-0.907345 -0.4048 -1.5183
-0.89918 -0.40025 -1.5136
-0.91654 -0.39323 -1.5111
-0.90241 -0.393525 -1.5123
-0.78748 -0.37864 -1.5109
-0.90808 -0.35632 -1.511
-0.95023 -0.33929 -1.5133
-0.91058 -0.33908 -1.5194
-0.82522 -0.290965 -1.51315
0.50063 -0.24001 -1.5109
0.50503 -0.23019 -1.516
-0.95356 -0.20821 -1.5146
0.59259 -0.20402 -1.5177
0.51794 -0.18626 -1.5119
0.59788 -0.18853 -1.5182
0.60664 -0.15614 -1.5151
0.85479 -0.11164 -1.5126
0.81476 -0.1029 -1.5162
0.83642 -0.10753 -1.517
-1.0031 -0.064854 -1.5148
0.70237 -0.061838 -1.5199
0.55322 -0.053928 -1.5106
-1.0129 -0.046585 -1.5198
0.55279 -0.041813 -1.5101
0.82842 0.029258 -1.5139
0.83566 0.029315 -1.5168
0.84451 0.028551 -1.51562
0.85639 0.028792 -1.51533
0.73387 0.038177 -1.5136
0.75878 0.039627 -1.5112
0.765555 0.039701 -1.514
0.774923 0.0397423 -1.51557
0.782685 0.039302 -1.51322
0.793717 0.0366683 -1.5133
0.805668 0.0352244 -1.51545
0.815278 0.0349076 -1.51484
0.823287 0.0322405 -1.51565
0.834358 0.0318755 -1.51615
0.843347 0.034295 -1.51853
0.718215 0.048713 -1.51165
0.726335 0.0488005 -1.51435
0.735608 0.0477532 -1.51321
0.744426 0.0453239 -1.51255
0.755169 0.0442113 -1.51361
0.764087 0.0431354 -1.51347
0.775497 0.0421958 -1.51377
0.784232 0.0429915 -1.51507
0.79046 0.0433503 -1.5186
0.70614 0.0539026 -1.5145
0.713878 0.0543242 -1.51458
0.727128 0.0522572 -1.51632
0.73303 0.051841 -1.5172
0.741885 0.050419 -1.5183
0.70661 0.0631195 -1.5133
0.71451 0.064115 -1.5185
-1.0558 0.070413 -1.5199
0.71261 0.079438 -1.52
0.70869 0.086907 -1.5185
-0.78222 0.29374 -1.5187
-0.76721 0.30022 -1.5113
-0.755934 0.307528 -1.51649
-0.744792 0.307423 -1.51518
-0.735608 0.306779 -1.51486
-0.724648 0.306467 -1.51438
-0.71521 0.306663 -1.51479
-0.704712 0.307761 -1.51605
-0.695357 0.307603 -1.51692
-0.684391 0.30687 -1.51541
-0.675284 0.307672 -1.51639
-0.664719 0.306169 -1.51291
-0.65503 0.306811 -1.5155
-0.644992 0.306955 -1.51548
-0.636121 0.306411 -1.51467
-0.624321 0.306219 -1.51515
-0.614866 0.30658 -1.51572
-0.604627 0.306846 -1.51569
-0.594322 0.306198 -1.5144
-0.584986 0.306491 -1.51549
-0.575203 0.306779 -1.51589
-0.564771 0.30649 -1.51504
-0.555986 0.306496 -1.51552
-0.54519 0.306107 -1.5146
-0.535409 0.306488 -1.51446
-0.524983 0.306684 -1.51545
-0.515203 0.30702 -1.51656
-0.505949 0.306716 -1.51619
-0.495885 0.304902 -1.51332
-0.48462 0.30662 -1.5157
-0.475104 0.30681 -1.51666
-0.464907 0.306984 -1.51637
-0.455505 0.305729 -1.51476
-0.444339 0.306065 -1.51482
-0.435392 0.305923 -1.51483
-0.424737 0.306274 -1.51545
-0.414993 0.306628 -1.5165
-0.405134 0.306224 -1.51604
-0.394212 0.305893 -1.51557
-0.384346 0.305046 -1.51481
-0.374778 0.30483 -1.51435
-0.365238 0.305212 -1.5142
-0.355655 0.305 -1.51382
-0.345241 0.305113 -1.51513
-0.334935 0.305697 -1.51535
-0.325793 0.305106 -1.51513
-0.31544 0.305397 -1.51543
-0.30552 0.30536 -1.51494
-0.295207 0.305898 -1.51558
-0.285037 0.305579 -1.51519
-0.274794 0.30638 -1.51596
-0.266149 0.305477 -1.51512
-0.255816 0.305184 -1.5161
-0.24577 0.30566 -1.51588
-0.235416 0.304997 -1.51574
-0.225607 0.305822 -1.51604
-0.219845 0.306595 -1.515
-0.12481 0.305084 -1.51518
-0.116358 0.304259 -1.51467
-0.105725 0.304442 -1.51503
-0.0956831 0.304504 -1.51409
-0.0869263 0.304866 -1.51656
-0.0749806 0.305181 -1.51608
-0.0637484 0.305246 -1.51697
-0.0541666 0.30497 -1.51504
-0.0444956 0.304704 -1.51509
-0.0344472 0.304802 -1.51516
-0.0243133 0.304309 -1.51517
-0.0151912 0.305754 -1.51561
-0.00491423 0.305415 -1.51725
0.00505875 0.304166 -1.51439
0.0141266 0.304909 -1.51531
0.0253496 0.304329 -1.51474
0.034458 0.305144 -1.51589
0.0450481 0.303875 -1.51295
0.0550396 0.304462 -1.51454
0.0637829 0.304533 -1.51603
0.0745798 0.305226 -1.5155
0.0837288 0.304826 -1.5151
0.0951813 0.305317 -1.51675
0.104599 0.304544 -1.51454
0.114597 0.305891 -1.51646
0.125452 0.304334 -1.51528
0.135653 0.304126 -1.51493
0.145628 0.304361 -1.51529
0.153751 0.304784 -1.51615
0.166041 0.303888 -1.51466
0.175657 0.30395 -1.51481
0.184739 0.303053 -1.51311
0.195941 0.304571 -1.51596
0.205351 0.305213 -1.51624
0.215657 0.304277 -1.51495
0.225548 0.304087 -1.51473
0.233912 0.304508 -1.51548
0.245193 0.304389 -1.51474
0.254246 0.303363 -1.51347
0.265344 0.305014 -1.51583
0.274767 0.303578 -1.51425
0.284344 0.304652 -1.51549
0.295349 0.304514 -1.51482
0.305891 0.30357 -1.51449
0.315059 0.304096 -1.51478
0.324828 0.30412 -1.51355
0.333518 0.3049 -1.51513
0.345289 0.304894 -1.51569
0.354355 0.303946 -1.51478
0.364079 0.303537 -1.51363
0.37541 0.303962 -1.51412
0.384873 0.305017 -1.51527
0.395325 0.304457 -1.51383
0.405107 0.305341 -1.51631
0.414486 0.30484 -1.51494
0.425217 0.305633 -1.51592
0.432812 0.304588 -1.514
-0.73037 0.31 -1.52
-0.53597 0.31 -1.52
-0.220235 0.31198 -1.51845
-0.22054 0.32259 -1.5198
-0.93355 -0.46276 -1.504
-0.92954 -0.46242 -1.5029
-0.89713 -0.46431 -1.5036
-0.74488 -0.467102 -1.50435
0.44805 -0.42858 -1.5099
-0.89918 -0.41833 -1.5087
-0.77013 -0.41538 -1.5099
-0.87996 -0.40041 -1.508
-0.946275 -0.338755 -1.50385
-0.93707 -0.33994 -1.5021
0.54773 -0.33174 -1.5079
0.48209 -0.30099 -1.5035
0.55993 -0.2959 -1.5095
0.52064 -0.15029 -1.5026
0.53113 -0.12511 -1.5089
0.81973 -0.10385 -1.508
0.82156 -0.10518 -1.5055
0.83979 -0.10933 -1.5012
0.8408 -0.10837 -1.5079
0.78745 -0.097218 -1.501
0.80006 -0.098982 -1.5046
0.717157 -0.070751 -1.50263
0.723438 -0.0730404 -1.50368
0.733505 -0.0785033 -1.50203
0.707495 -0.063447 -1.5012
0.714786 -0.0680314 -1.50348
0.68996 -0.056823 -1.5041
0.6991 -0.05968 -1.5033
0.70097 -0.059591 -1.5011
0.55279 -0.043302 -1.51
0.67459 -0.045405 -1.50525
0.68331 -0.049302 -1.5094
-1.0134 -0.026672 -1.5055
0.6478 -0.0130385 -1.50535
0.804708 0.0287774 -1.50422
0.815045 0.027511 -1.503
0.82685 0.0245115 -1.50262
0.836283 0.0247653 -1.50497
0.8455 0.0244336 -1.50449
0.8532 0.026179 -1.5091
0.73283 0.038408 -1.50293
0.746317 0.03645 -1.50385
0.754686 0.036974 -1.50528
0.76375 0.036752 -1.50436
0.775334 0.0351956 -1.50503
0.784011 0.0348504 -1.5057
0.79743 0.031531 -1.5052
0.804733 0.0337888 -1.50675
0.811973 0.0310257 -1.5048
0.82801 0.030602 -1.5081
0.676142 0.0476638 -1.50238
0.685317 0.0488407 -1.50266
0.694034 0.0474738 -1.50164
0.706131 0.0471087 -1.50364
0.713734 0.0454672 -1.50472
0.724933 0.0445014 -1.50627
0.7334 0.042394 -1.50287
0.745129 0.0438464 -1.50809
0.753747 0.041452 -1.50483
0.7601 0.042528 -1.5079
0.696292 0.055027 -1.50308
0.703613 0.0542908 -1.50672
0.71813 0.051549 -1.5087
0.7318 0.050137 -1.5098
0.70011 0.060494 -1.505
0.69284 0.090456 -1.502
-0.768265 0.29666 -1.50465
-0.755662 0.298764 -1.5009
-0.745312 0.298975 -1.5012
-0.735823 0.29925 -1.5013
-0.72508 0.299066 -1.5009
-0.715013 0.298123 -1.5007
-0.69652 0.2997 -1.50105
-0.685055 0.29825 -1.50133
-0.675407 0.298407 -1.5021
-0.66549 0.298415 -1.50218
-0.65643 0.298135 -1.50075
-0.63332 0.298963 -1.5024
-0.62491 0.29989 -1.50205
-0.617965 0.29988 -1.50195
-0.59364 0.298798 -1.50106
-0.585502 0.298534 -1.50126
-0.574172 0.29917 -1.50217
-0.564423 0.298283 -1.50153
-0.55536 0.29922 -1.50245
-0.544115 0.298548 -1.50095
-0.53381 0.298777 -1.50207
-0.527297 0.298507 -1.50263
-0.515143 0.298362 -1.5019
-0.504803 0.298503 -1.50263
-0.495427 0.29839 -1.50207
-0.48577 0.29805 -1.50035
-0.465457 0.29842 -1.5022
-0.455252 0.298535 -1.50277
-0.446303 0.298613 -1.50317
-0.43017 0.29735 -1.50045
-0.424225 0.298072 -1.5023
-0.414864 0.298794 -1.50254
-0.406465 0.298165 -1.50273
-0.397477 0.298433 -1.50227
-0.38621 0.298568 -1.50292
-0.3765 0.298953 -1.50488
-0.366372 0.29839 -1.5035
-0.354832 0.298696 -1.5036
-0.344016 0.298024 -1.50331
-0.335953 0.298243 -1.5031
-0.326037 0.298672 -1.50342
-0.31472 0.298009 -1.50285
-0.306005 0.2985 -1.5026
-0.294894 0.298556 -1.5029
-0.284573 0.29807 -1.50287
-0.274038 0.29877 -1.50398
-0.263758 0.298212 -1.50258
-0.254088 0.298355 -1.50188
-0.244495 0.298757 -1.5039
-0.235099 0.297954 -1.50299
-0.224986 0.298186 -1.5025
-0.21863 0.29991 -1.5021
-0.124968 0.29876 -1.5039
-0.114724 0.298011 -1.50327
-0.105536 0.297919 -1.5033
-0.096348 0.29798 -1.5031
-0.0854458 0.298066 -1.50364
-0.0732384 0.298592 -1.50454
-0.0650593 0.298345 -1.50423
-0.0537112 0.298413 -1.50458
-0.04561 0.298358 -1.5043
-0.0358286 0.29841 -1.5036
-0.0258797 0.298126 -1.50383
-0.0156447 0.298643 -1.50332
-0.00438631 0.297845 -1.50173
0.00544036 0.29828 -1.50357
0.0161161 0.297751 -1.50197
0.0252954 0.297991 -1.50314
0.035735 0.29885 -1.50435
0.044702 0.29836 -1.50334
0.054805 0.29818 -1.50411
0.0657014 0.298193 -1.50419
0.0743727 0.29799 -1.50314
0.085484 0.298277 -1.50459
0.094016 0.298466 -1.50388
0.105167 0.29811 -1.50377
0.114954 0.297739 -1.5037
0.124646 0.29818 -1.50463
0.135099 0.298214 -1.50429
0.144592 0.298154 -1.50449
0.154372 0.297891 -1.50316
0.164216 0.298892 -1.50602
0.175067 0.298047 -1.50344
0.184948 0.298261 -1.50504
0.19476 0.297965 -1.50355
0.205849 0.297761 -1.50353
0.215291 0.298393 -1.50517
0.224946 0.298023 -1.50436
0.234141 0.298456 -1.50444
0.2453 0.297879 -1.50361
0.255702 0.298515 -1.50512
0.264343 0.297547 -1.50362
0.274542 0.298142 -1.50444
0.284941 0.298124 -1.50435
0.295323 0.298415 -1.504
0.304924 0.298028 -1.50347
0.31554 0.297805 -1.50275
0.324861 0.298149 -1.50396
0.335465 0.29909 -1.50558
0.344872 0.297885 -1.50315
0.355316 0.29826 -1.50505
0.364592 0.298407 -1.50457
0.375747 0.298087 -1.50292
0.386142 0.298094 -1.50346
0.395434 0.298686 -1.505
0.405845 0.29911 -1.50565
0.41394 0.297598 -1.50168
0.425198 0.299128 -1.50572
0.43065 0.29836 -1.5019
-0.761965 0.30155 -1.5062
-0.75423 0.30203 -1.50612
-0.744678 0.301862 -1.5057
-0.73534 0.30184 -1.50627
-0.72512 0.3022 -1.50698
-0.715404 0.301339 -1.50573
-0.704961 0.301929 -1.50604
-0.694092 0.301772 -1.50646
-0.685662 0.301435 -1.50565
-0.675585 0.301403 -1.50545
-0.665321 0.301759 -1.50664
-0.655107 0.301283 -1.50546
-0.645076 0.301706 -1.50696
-0.635073 0.302112 -1.50763
-0.625813 0.301897 -1.50657
-0.614443 0.301998 -1.50707
-0.605471 0.301751 -1.50618
-0.595462 0.30193 -1.50562
-0.584992 0.301422 -1.50555
-0.573688 0.301652 -1.50588
-0.565491 0.301711 -1.50641
-0.555287 0.3015 -1.50593
-0.544888 0.301717 -1.507
-0.53511 0.301467 -1.50578
-0.524612 0.301576 -1.50632
-0.514704 0.301787 -1.5068
-0.505238 0.301921 -1.50805
-0.495102 0.30137 -1.50776
-0.485187 0.301717 -1.50701
-0.475547 0.302027 -1.50799
-0.465394 0.301578 -1.50631
-0.455004 0.301104 -1.50642
-0.445778 0.301522 -1.50745
-0.43444 0.300778 -1.50478
-0.425824 0.301727 -1.50767
-0.414583 0.301744 -1.50659
-0.40564 0.301683 -1.50744
-0.395446 0.30169 -1.50746
-0.38565 0.301478 -1.50832
-0.375193 0.30119 -1.50853
-0.364494 0.301887 -1.50849
-0.354385 0.301535 -1.50748
-0.345122 0.301368 -1.50776
-0.334157 0.30085 -1.50682
-0.323768 0.301004 -1.50594
-0.313422 0.301172 -1.50676
-0.303274 0.300918 -1.5055
-0.294281 0.301796 -1.508
-0.284455 0.301535 -1.50752
-0.27493 0.301459 -1.50631
-0.264355 0.300505 -1.5051
-0.253697 0.301257 -1.50883
-0.24489 0.300938 -1.50725
-0.235245 0.301325 -1.5092
-0.225355 0.301217 -1.50865
-0.2188 0.30188 -1.5037
-0.126898 0.301578 -1.5084
-0.11289 0.301325 -1.5092
-0.10192 0.30134 -1.5093
-0.0962313 0.30121 -1.50863
-0.0848607 0.301137 -1.50823
-0.0751024 0.30127 -1.5089
-0.064119 0.301365 -1.5094
-0.0543647 0.301313 -1.50912
-0.0442157 0.301213 -1.50863
-0.038501 0.3013 -1.5091
-0.0152775 0.301315 -1.50915
-0.00549495 0.301295 -1.50902
0.00061605 0.30126 -1.5089
0.0140768 0.301212 -1.50865
0.0235537 0.30137 -1.50943
0.0348972 0.3011 -1.50806
0.042203 0.30096 -1.5074
0.053477 0.301325 -1.5092
0.0670343 0.301293 -1.509
0.075554 0.30107 -1.5079
0.0856157 0.301315 -1.50912
0.094316 0.301333 -1.50923
0.105787 0.301147 -1.5083
0.115435 0.30128 -1.50895
0.12172 0.30134 -1.5093
0.14187 0.30149 -1.51
0.156797 0.301303 -1.50907
0.16191 0.30138 -1.5095
0.18969 0.30132 -1.5092
0.196463 0.301307 -1.5091
0.20473 0.3011 -1.50807
0.21003 0.30127 -1.5089
0.22044 0.30142 -1.5097
0.235747 0.301327 -1.5092
0.241725 0.300945 -1.5073
0.25864 0.30103 -1.5077
0.26535 0.301195 -1.50852
0.285223 0.301407 -1.5096
0.29289 0.301263 -1.5089
0.30617 0.30134 -1.5093
0.31433 0.30149 -1.51
0.32616 0.301405 -1.5096
0.33538 0.301333 -1.50923
0.34182 0.30118 -1.5085
0.37798 0.30102 -1.5077
0.384797 0.30103 -1.50775
0.396025 0.301197 -1.50855
0.40587 0.301323 -1.5092
0.414852 0.300963 -1.50735
0.423112 0.301733 -1.5071
0.43349 0.30127 -1.5089
-0.21924 0.32688 -1.5036
0.49133 -0.48715 -1.4921
-0.93099 -0.47037 -1.491
-0.73983 -0.47822 -1.4908
-0.73777 -0.46524 -1.4902
-0.93052 -0.45972 -1.4995
-0.91854 -0.45567 -1.4971
-0.84653 -0.45091 -1.4971
0.43562 -0.45478 -1.4993
-0.89772 -0.44312 -1.4929
-0.76757 -0.43054 -1.5
0.43918 -0.43966 -1.498
0.51002 -0.43747 -1.4958
-0.85938 -0.42379 -1.4991
-0.76329 -0.42055 -1.4934
-0.90754 -0.41154 -1.4901
-0.86343 -0.41354 -1.4914
-0.76244 -0.41857 -1.4921
0.44691 -0.41012 -1.4966
-0.89231 -0.40163 -1.4946
-0.88887 -0.40894 -1.4923
-0.76159 -0.4091 -1.4929
-0.89329 -0.39611 -1.4979
0.52321 -0.39288 -1.4977
-0.89156 -0.37966 -1.49605
0.52729 -0.37085 -1.4924
-0.79023 -0.3531 -1.4974
0.45964 -0.35645 -1.4919
-0.93486 -0.33791 -1.4931
0.52571 -0.12992 -1.4967
0.80277 -0.10133 -1.493
0.767608 -0.0916595 -1.4965
0.77439 -0.094601 -1.4913
0.787337 -0.0962697 -1.4939
0.79529 -0.099736 -1.4921
0.737862 -0.081674 -1.4983
0.744241 -0.0822584 -1.49538
0.754698 -0.0866805 -1.49476
0.763875 -0.089193 -1.4934
-0.87095 -0.074579 -1.497
0.71589 -0.07312 -1.4986
0.725719 -0.0742429 -1.49636
0.734331 -0.0776334 -1.49524
0.697515 -0.0611605 -1.49378
0.70532 -0.063507 -1.4944
0.715843 -0.0682545 -1.49518
0.685757 -0.0540438 -1.49243
0.692835 -0.0567777 -1.49407
0.701593 -0.058865 -1.49493
0.64823 -0.0243625 -1.49755
0.815 0.019747 -1.4941
0.822857 0.0197322 -1.49303
0.83597 0.017562 -1.49195
0.7437 0.028846 -1.4925
0.75567 0.0288605 -1.49325
0.76896 0.024485 -1.4908
0.77213 0.0251695 -1.4906
0.78845 0.0273685 -1.49245
0.79761 0.0255025 -1.49482
0.805275 0.0241308 -1.49446
0.815918 0.0243885 -1.49542
0.824328 0.0241953 -1.49682
0.837033 0.0217873 -1.49767
0.84284 0.026008 -1.4992
0.695328 0.0387902 -1.4935
0.705913 0.038802 -1.4939
0.716998 0.0380515 -1.4937
0.724882 0.0381472 -1.49742
0.735117 0.0355754 -1.49576
0.743677 0.0337249 -1.49614
0.754874 0.0345254 -1.49453
0.764582 0.0321282 -1.49479
0.774772 0.033062 -1.49625
0.785583 0.0308727 -1.49743
0.791713 0.031376 -1.49823
0.666031 0.0451205 -1.49343
0.674916 0.044872 -1.49432
0.685599 0.0444795 -1.4949
0.695405 0.0446264 -1.49585
0.703597 0.0425857 -1.49663
0.714246 0.0431354 -1.49704
0.72366 0.0406615 -1.494
0.685675 0.0526155 -1.4955
0.692445 0.054946 -1.49755
-0.77564 0.28519 -1.49415
-0.2929 0.28979 -1.4903
-0.11145 0.28975 -1.4901
-0.105455 0.289855 -1.4906
-0.017662 0.2899 -1.4909
0.0246085 0.28988 -1.4908
0.037915 0.28984 -1.4906
0.069587 0.28995 -1.4911
0.089064 0.28985 -1.4906
0.0952065 0.289885 -1.4908
0.11607 0.28988 -1.4908
0.12103 0.28992 -1.491
0.13834 0.28996 -1.4912
0.14331 0.28999 -1.4913
0.225735 0.289795 -1.4903
0.23336 0.28981 -1.4904
0.28484 0.28996 -1.4912
0.29499 0.28981 -1.4904
0.31321 0.28979 -1.4903
0.33297 0.28984 -1.49055
-0.764457 0.294153 -1.49607
-0.7543 0.295395 -1.4942
-0.744843 0.29601 -1.49487
-0.735507 0.29549 -1.4949
-0.72689 0.295795 -1.49515
-0.715745 0.29516 -1.49305
-0.705793 0.29656 -1.49645
-0.694785 0.295528 -1.49441
-0.685029 0.294614 -1.4937
-0.673914 0.293814 -1.49333
-0.665515 0.294748 -1.4936
-0.654828 0.294711 -1.49383
-0.645746 0.295687 -1.49504
-0.635381 0.295136 -1.49394
-0.624533 0.29583 -1.49588
-0.614849 0.295045 -1.49413
-0.604554 0.296317 -1.49651
-0.595554 0.294952 -1.49506
-0.584906 0.294509 -1.49313
-0.575389 0.295275 -1.49534
-0.564861 0.294289 -1.49319
-0.554784 0.295754 -1.49536
-0.545095 0.294984 -1.49423
-0.534527 0.29483 -1.49479
-0.523941 0.294723 -1.49493
-0.51426 0.294794 -1.49516
-0.50442 0.29463 -1.49491
-0.494208 0.29436 -1.49436
-0.485023 0.29428 -1.49435
-0.475139 0.294807 -1.49473
-0.46484 0.293704 -1.49379
-0.455446 0.294595 -1.49418
-0.444838 0.295121 -1.49557
-0.435422 0.29493 -1.49611
-0.425364 0.294626 -1.49546
-0.414968 0.294311 -1.49411
-0.40384 0.294436 -1.49394
-0.394012 0.294923 -1.49457
-0.385455 0.293743 -1.49402
-0.375419 0.294232 -1.49397
-0.36435 0.29481 -1.49581
-0.354768 0.294165 -1.49539
-0.345919 0.293201 -1.49328
-0.334051 0.294781 -1.49569
-0.32452 0.294304 -1.49404
-0.314364 0.293616 -1.49449
-0.304688 0.294233 -1.49451
-0.294774 0.294089 -1.4941
-0.285015 0.293552 -1.49469
-0.275507 0.293969 -1.49439
-0.266219 0.295006 -1.4968
-0.2554 0.294176 -1.49545
-0.245415 0.294019 -1.49478
-0.236001 0.293759 -1.49521
-0.224537 0.294232 -1.49563
-0.21858 0.294607 -1.49327
-0.124452 0.294133 -1.49522
-0.115426 0.293496 -1.49479
-0.105878 0.292723 -1.49431
-0.0954344 0.293313 -1.49453
-0.0845473 0.293325 -1.49487
-0.0744758 0.293655 -1.4943
-0.0640027 0.293599 -1.49492
-0.0553336 0.293516 -1.49449
-0.044625 0.293963 -1.49679
-0.0351953 0.293756 -1.49481
-0.0249533 0.293038 -1.49373
-0.0149187 0.294091 -1.49576
-0.00499307 0.294073 -1.49567
0.00552065 0.293394 -1.49521
0.0156772 0.293828 -1.49437
0.0253843 0.293276 -1.49439
0.0348524 0.294423 -1.49579
0.0449635 0.294024 -1.49617
0.0546859 0.293447 -1.49524
0.0636391 0.293447 -1.49523
0.0747281 0.293361 -1.49481
0.0848504 0.293616 -1.49514
0.0955568 0.293796 -1.49503
0.105178 0.293583 -1.49594
0.115321 0.292473 -1.49464
0.12479 0.293246 -1.49511
0.134742 0.29347 -1.49536
0.145036 0.293046 -1.49594
0.155675 0.293581 -1.49729
0.165769 0.294464 -1.49767
0.175138 0.293042 -1.49455
0.185398 0.293261 -1.49566
0.195351 0.293156 -1.49511
0.204774 0.293596 -1.49638
0.215029 0.29343 -1.49551
0.224489 0.293193 -1.4953
0.235439 0.294065 -1.49729
0.245011 0.293281 -1.49577
0.254652 0.293865 -1.49628
0.26636 0.292652 -1.49398
0.274492 0.29347 -1.49532
0.285376 0.293521 -1.49561
0.294492 0.293799 -1.49613
0.304772 0.293451 -1.49665
0.314586 0.293463 -1.49531
0.325766 0.293506 -1.49554
0.335254 0.293842 -1.49525
0.345583 0.293787 -1.49626
0.354475 0.293137 -1.49503
0.365252 0.293674 -1.49592
0.374264 0.293356 -1.49407
0.384263 0.29359 -1.49488
0.39513 0.293906 -1.49566
0.404896 0.294189 -1.49626
0.41514 0.293219 -1.49408
0.425035 0.294236 -1.49436
0.431105 0.29503 -1.49635
0.42192 0.3043 -1.4921
-0.21868 0.32643 -1.49716
0.48714 -0.48684 -1.4815
-0.92896 -0.47516 -1.4859
-0.83244 -0.47396 -1.4871
-0.82767 -0.47576 -1.4832
0.42051 -0.47856 -1.481
-0.93347 -0.46993 -1.4896
-0.751755 -0.46482 -1.48125
0.42683 -0.4659 -1.487
-0.925705 -0.45949 -1.48795
-0.73529 -0.45706 -1.4801
0.49624 -0.45685 -1.4848
-0.91154 -0.4478 -1.4868
0.49715 -0.44955 -1.4821
-0.76201 -0.42877 -1.4883
-0.90354 -0.4008 -1.4858
-0.87031 -0.40771 -1.482
-0.86252 -0.39828 -1.4878
0.44602 -0.39242 -1.484
-0.88249 -0.37481 -1.4896
-0.78235 -0.364915 -1.48135
0.52969 -0.35558 -1.4883
0.45946 -0.34737 -1.4864
0.53288 -0.34095 -1.4857
-0.92711 -0.33064 -1.4816
-0.92951 -0.32884 -1.4805
0.54576 -0.30596 -1.4895
-0.80989 -0.29484 -1.4884
0.54998 -0.28453 -1.4838
0.48476 -0.26561 -1.4892
0.48636 -0.25345 -1.4884
0.50574 -0.17701 -1.4855
0.52433 -0.12027 -1.4882
0.805885 -0.102255 -1.4848
0.813375 -0.10381 -1.4857
-0.86068 -0.091614 -1.4835
0.767205 -0.091363 -1.4855
0.775657 -0.0932548 -1.48557
0.78352 -0.095265 -1.4821
0.794724 -0.098577 -1.48408
0.73688 -0.083165 -1.49
0.746299 -0.0822659 -1.48571
0.75634 -0.085217 -1.48697
0.762902 -0.0875566 -1.48524
-0.84794 -0.078529 -1.4891
0.725476 -0.0721182 -1.4847
0.73381 -0.0763555 -1.48365
0.744585 -0.079739 -1.4842
0.68952 -0.065209 -1.4867
0.697575 -0.0672455 -1.4842
0.706723 -0.063062 -1.48553
0.714958 -0.0677128 -1.48448
0.67646 -0.052868 -1.4809
0.684315 -0.0545267 -1.48495
0.69203 -0.0561063 -1.486
0.66993 -0.04555 -1.486
0.674576 -0.0476188 -1.4854
0.63935 -0.0210445 -1.4842
0.6452 -0.026236 -1.4809
0.63564 -0.012395 -1.4822
0.64052 -0.012851 -1.4837
0.7659 0.0195733 -1.481
0.794362 0.0170776 -1.48368
0.80416 0.0166039 -1.48459
0.81544 0.0154425 -1.483
0.826645 0.0164106 -1.48471
0.834238 0.0161113 -1.48444
0.67646 0.0271675 -1.4816
0.71964 0.028701 -1.485
0.72537 0.0286783 -1.48387
0.73615 0.0286783 -1.4839
0.744615 0.026818 -1.48228
0.756817 0.0275728 -1.48343
0.765246 0.026915 -1.48695
0.77407 0.0253642 -1.48584
0.784893 0.024835 -1.48608
0.794153 0.024903 -1.48833
0.81512 0.025833 -1.4891
0.82207 0.021153 -1.4893
0.65574 0.0375772 -1.48238
0.665333 0.0359569 -1.48368
0.67417 0.0358584 -1.4848
0.684375 0.036748 -1.48561
0.694698 0.0351145 -1.48525
0.706065 0.0358822 -1.48676
0.714376 0.0337652 -1.48417
0.723653 0.0323251 -1.4852
0.735133 0.0302183 -1.4892
0.745502 0.0307322 -1.48594
0.75443 0.0311397 -1.48693
0.763275 0.03168 -1.4896
0.656989 0.0435908 -1.48579
0.666103 0.0409027 -1.4849
0.674695 0.0404525 -1.48635
0.684597 0.0414797 -1.4881
0.694815 0.0412465 -1.4885
0.705503 0.0404927 -1.4878
0.7126 0.040525 -1.489
0.66326 0.050742 -1.4851
0.69002 0.064329 -1.4876
-0.77538 0.28185 -1.4881
-0.764197 0.287385 -1.48385
-0.75486 0.287652 -1.48246
-0.746453 0.288163 -1.48193
-0.73393 0.28781 -1.4801
-0.725377 0.287377 -1.4805
-0.715507 0.287957 -1.48088
-0.70504 0.288383 -1.48308
-0.694165 0.28799 -1.48105
-0.684422 0.28807 -1.4815
-0.674893 0.28822 -1.48223
-0.663683 0.28752 -1.48127
-0.655747 0.288433 -1.48333
-0.64282 0.287532 -1.48065
-0.635174 0.287844 -1.48188
-0.62552 0.28853 -1.48383
-0.616078 0.288607 -1.48423
-0.604327 0.288175 -1.482
-0.594797 0.28815 -1.48187
-0.585312 0.288125 -1.48175
-0.576472 0.287695 -1.48152
-0.56521 0.288117 -1.4817
-0.554884 0.287698 -1.48114
-0.546563 0.287847 -1.48293
-0.534493 0.287664 -1.48274
-0.524448 0.28824 -1.48233
-0.51647 0.28816 -1.4819
-0.505518 0.288652 -1.48446
-0.494673 0.287618 -1.48308
-0.484864 0.287778 -1.48312
-0.475229 0.287555 -1.48274
-0.465692 0.288815 -1.48528
-0.454852 0.288375 -1.48305
-0.443937 0.287977 -1.4836
-0.435203 0.28777 -1.48255
-0.424778 0.288192 -1.48366
-0.413385 0.287818 -1.48278
-0.404647 0.287621 -1.48257
-0.395549 0.2877 -1.48351
-0.385056 0.287671 -1.4838
-0.375297 0.288452 -1.48605
-0.364394 0.28762 -1.48253
-0.354825 0.288035 -1.48524
-0.34446 0.288197 -1.48551
-0.334871 0.287826 -1.48416
-0.324935 0.287716 -1.4836
-0.31482 0.287666 -1.48277
-0.305384 0.287776 -1.48391
-0.295388 0.287892 -1.4845
-0.285357 0.288465 -1.48613
-0.274351 0.288091 -1.48496
-0.264403 0.288055 -1.48402
-0.254733 0.287417 -1.48363
-0.244605 0.287767 -1.48388
-0.235184 0.28802 -1.48456
-0.22551 0.287769 -1.48443
-0.21807 0.286834 -1.4814
-0.123656 0.287786 -1.48493
-0.115491 0.2878 -1.4846
-0.10421 0.286912 -1.4834
-0.0963242 0.287206 -1.4833
-0.0855618 0.287776 -1.48468
-0.0738343 0.287588 -1.48529
-0.0651557 0.287623 -1.48442
-0.0550353 0.287741 -1.48504
-0.0456227 0.287067 -1.4842
-0.035314 0.288014 -1.48559
-0.0246873 0.288039 -1.48482
-0.0144168 0.287973 -1.48492
-0.00472749 0.28759 -1.48424
0.00519312 0.287945 -1.48475
0.0144116 0.287487 -1.48479
0.0255742 0.286708 -1.48314
0.0354901 0.287702 -1.48588
0.0459214 0.288199 -1.48608
0.055203 0.287469 -1.48555
0.0651436 0.287566 -1.4848
0.0748247 0.287158 -1.48464
0.0840361 0.286761 -1.48332
0.094118 0.28618 -1.48356
0.104106 0.28796 -1.48484
0.115129 0.287244 -1.48511
0.126364 0.287222 -1.48425
0.13522 0.28778 -1.48525
0.146746 0.287575 -1.48485
0.155557 0.287059 -1.48414
0.164839 0.287739 -1.48568
0.174935 0.287309 -1.4847
0.185129 0.288331 -1.48632
0.195245 0.287164 -1.48539
0.204645 0.287755 -1.48559
0.215204 0.287997 -1.48561
0.224975 0.286994 -1.4854
0.235848 0.287378 -1.48424
0.245139 0.287878 -1.48572
0.25519 0.287178 -1.48477
0.264708 0.287465 -1.48465
0.275026 0.287037 -1.48402
0.285727 0.286485 -1.48418
0.295217 0.28727 -1.48523
0.304622 0.287341 -1.48487
0.315467 0.287004 -1.48473
0.324449 0.28716 -1.48466
0.335582 0.287086 -1.48587
0.345025 0.287148 -1.4846
0.355365 0.287036 -1.48475
0.364291 0.288037 -1.48524
0.375466 0.28723 -1.48442
0.385441 0.287158 -1.48464
0.394852 0.287149 -1.48461
0.406068 0.287719 -1.48559
0.415153 0.287129 -1.4845
0.424456 0.286998 -1.48383
0.43179 0.287832 -1.48496
-0.762625 0.290855 -1.48765
-0.754458 0.29142 -1.48712
-0.745757 0.291844 -1.48786
-0.734537 0.291113 -1.48613
-0.724198 0.290803 -1.48525
-0.715124 0.291334 -1.48585
-0.704997 0.291773 -1.48749
-0.695328 0.290844 -1.48588
-0.684687 0.290973 -1.48828
-0.677203 0.291753 -1.48943
-0.662525 0.291235 -1.48745
-0.65511 0.29097 -1.48823
-0.644452 0.291256 -1.488
-0.634858 0.291446 -1.48896
-0.624625 0.291033 -1.48645
-0.615733 0.29111 -1.48897
-0.604957 0.291525 -1.48682
-0.595028 0.2905 -1.48585
-0.584347 0.290572 -1.4862
-0.575323 0.29079 -1.48733
-0.565445 0.290515 -1.48593
-0.554644 0.291224 -1.48784
-0.545866 0.291376 -1.4886
-0.536213 0.291308 -1.4878
-0.526163 0.290808 -1.48743
-0.514493 0.290897 -1.48787
-0.50559 0.291062 -1.4887
-0.496373 0.291 -1.48837
-0.47092 0.29131 -1.49
-0.468 0.29106 -1.4887
-0.453905 0.29108 -1.48882
-0.445053 0.291157 -1.48917
-0.4396 0.29089 -1.4878
-0.42473 0.29119 -1.48937
-0.415173 0.290963 -1.48823
-0.405608 0.291055 -1.4887
-0.395472 0.290992 -1.48835
-0.374227 0.291027 -1.48853
-0.365232 0.290767 -1.48723
-0.35938 0.29113 -1.4891
-0.34203 0.29116 -1.4892
-0.335597 0.290892 -1.48783
-0.326153 0.290903 -1.48793
-0.317253 0.291057 -1.4887
-0.30024 0.2913 -1.4899
-0.29395 0.29109 -1.48885
-0.27075 0.29111 -1.4889
-0.26472 0.291202 -1.4894
-0.25863 0.2912 -1.4894
-0.23315 0.291245 -1.48965
-0.22821 0.29105 -1.4886
-0.217185 0.29156 -1.48705
-0.12824 0.29103 -1.4885
-0.11625 0.29126 -1.4897
-0.0056507 0.29128 -1.4898
0.013632 0.2912 -1.4894
0.0342155 0.29124 -1.4896
0.074269 0.29117 -1.4893
0.084128 0.29131 -1.49
0.27684 0.29131 -1.49
0.42754 0.29166 -1.4875
0.432035 0.29104 -1.4886
-0.21749 0.32859 -1.4828
0.58573 0.34001 -1.4852
-0.13095 0.3655 -1.4853
-0.13108 0.37887 -1.4872
-0.13108 0.38005 -1.4868
0.40995 -0.50561 -1.4737
0.41489 -0.49188 -1.4765
-0.74725 -0.4812 -1.4794
-0.732833 -0.475273 -1.4778
-0.92484 -0.46989 -1.4743
-0.91942 -0.46324 -1.4785
-0.90804 -0.46095 -1.4765
-0.7316 -0.46551 -1.4758
0.48785 -0.46697 -1.4751
-0.88788 -0.43516 -1.4771
-0.75147 -0.43025 -1.4711
-0.86448 -0.42149 -1.4791
-0.75147 -0.42735 -1.472
-0.90054 -0.41723 -1.4759
-0.882 -0.41463 -1.4781
-0.86595 -0.41605 -1.4774
-0.85964 -0.41311 -1.4783
-0.86644 -0.40438 -1.4757
-0.85286 -0.40841 -1.4787
-0.87856 -0.39973 -1.4758
-0.77804 -0.35321 -1.4783
-0.77956 -0.34962 -1.4761
-0.88764 -0.33483 -1.4795
-0.80061 -0.3043 -1.4741
-0.7964 -0.30532 -1.4715
-0.80767 -0.2914 -1.4787
-0.89827 -0.27176 -1.472
-0.90453 -0.25696 -1.4744
0.55711 -0.24331 -1.4753
0.50198 -0.16487 -1.472
0.79915 -0.10027 -1.4774
0.805773 -0.10186 -1.472
0.81399 -0.104457 -1.47393
0.825347 -0.106853 -1.47363
0.83208 -0.10886 -1.4749
0.775835 -0.0918832 -1.47568
0.785033 -0.095122 -1.47423
0.796546 -0.0980088 -1.4757
0.747595 -0.0807115 -1.4734
0.755342 -0.0841777 -1.4751
0.763128 -0.0880165 -1.47333
0.77057 -0.089616 -1.4754
0.726032 -0.072452 -1.47475
0.735303 -0.0767855 -1.476
0.74447 -0.0791725 -1.4737
-0.97451 -0.068789 -1.4712
0.68731 -0.063262 -1.4776
0.70875 -0.064759 -1.4765
0.714193 -0.0669968 -1.47742
0.72042 -0.069187 -1.4797
0.672205 -0.0510935 -1.47355
0.68397 -0.052754 -1.4777
0.66349 -0.046675 -1.4747
0.648405 -0.0341745 -1.4755
0.63663 -0.022405 -1.4737
0.640645 -0.026122 -1.47545
0.635855 -0.0152438 -1.47309
0.64132 -0.017291 -1.474
0.632897 -0.00997837 -1.47533
0.81714 0.008739 -1.47223
0.82346 0.00924965 -1.4739
0.63963 0.0143365 -1.471
0.644112 0.0162682 -1.4725
0.71753 0.016618 -1.4713
0.72659 0.019433 -1.4703
0.74849 0.019485 -1.4743
0.75571 0.0185253 -1.47367
0.765799 0.0173647 -1.47319
0.774867 0.0153366 -1.47342
0.784 0.0178228 -1.47614
0.796122 0.0162111 -1.47453
0.806651 0.015417 -1.47533
0.815559 0.0138601 -1.47344
0.823445 0.012519 -1.47512
0.64612 0.02505 -1.47298
0.65269 0.029987 -1.4778
0.66671 0.0275796 -1.4722
0.675816 0.0271929 -1.47458
0.68545 0.0277784 -1.4749
0.696251 0.0282646 -1.4741
0.704933 0.0270452 -1.47422
0.71323 0.0260117 -1.47453
0.725166 0.0250154 -1.47678
0.734372 0.0250569 -1.47709
0.745349 0.024587 -1.47558
0.752928 0.0247512 -1.4771
0.76423 0.0218832 -1.47632
0.774212 0.0225104 -1.47436
0.645918 0.033661 -1.47328
0.654605 0.0338905 -1.47676
0.664232 0.0328562 -1.47637
0.676944 0.0336193 -1.47779
0.68463 0.0328653 -1.47672
0.695232 0.0323652 -1.47608
0.705997 0.032373 -1.47643
0.714325 0.0321815 -1.4788
0.64695 0.047453 -1.4725
0.65343 0.0454015 -1.4787
0.66165 0.040201 -1.4771
0.657105 0.0503705 -1.4742
0.66614 0.05045 -1.4765
0.68832 0.078746 -1.4786
-0.91009 0.15666 -1.471
-0.81486 0.23804 -1.473
-0.51133 0.27999 -1.4707
-0.44235 0.27991 -1.4703
-0.385 0.27992 -1.4704
-0.3702 0.27992 -1.4704
-0.36036 0.27991 -1.4703
-0.34325 0.27994 -1.4705
-0.33108 0.27996 -1.4706
-0.297105 0.27994 -1.47045
-0.27541 0.279935 -1.47045
-0.264575 0.279915 -1.47035
-0.255 0.279945 -1.47045
-0.22749 0.27993 -1.4704
-0.12069 0.27856 -1.4707
-0.10532 0.27997 -1.4706
-0.094677 0.279977 -1.47067
-0.0887645 0.27997 -1.4706
-0.0757585 0.279945 -1.4705
-0.014199 0.27988 -1.4701
-0.0069755 0.27878 -1.4719
0.059733 0.27859 -1.4709
0.06931 0.27994 -1.4705
0.0945995 0.2786 -1.4709
0.12602 0.27855 -1.4707
0.13328 0.278515 -1.4705
0.1419 0.27861 -1.471
0.18105 0.27855 -1.4707
0.22586 0.27867 -1.47133
0.232165 0.278705 -1.4715
0.24329 0.27996 -1.4706
0.28369 0.2785 -1.4704
0.294153 0.27866 -1.47123
0.30427 0.27856 -1.47075
0.33529 0.27854 -1.4706
0.343103 0.278523 -1.47057
0.35371 0.27998 -1.4707
0.36571 0.278675 -1.4714
0.37455 0.27845 -1.4702
0.39852 0.27844 -1.4701
0.40428 0.278645 -1.4712
0.41142 0.278845 -1.47225
-0.76104 0.282745 -1.47355
-0.755652 0.28459 -1.4773
-0.744923 0.284758 -1.47618
-0.735148 0.284511 -1.47518
-0.725017 0.284008 -1.47464
-0.71484 0.28442 -1.475
-0.705534 0.285006 -1.47693
-0.694594 0.284392 -1.47471
-0.684823 0.28463 -1.47496
-0.674856 0.283754 -1.47403
-0.665742 0.28441 -1.47438
-0.654588 0.284194 -1.47522
-0.645573 0.285054 -1.47673
-0.634165 0.283446 -1.47429
-0.624839 0.283647 -1.47434
-0.615266 0.283845 -1.47466
-0.604836 0.284838 -1.4766
-0.593685 0.284301 -1.4748
-0.584425 0.283768 -1.47497
-0.575197 0.283764 -1.47494
-0.566083 0.284556 -1.47643
-0.554095 0.284337 -1.47596
-0.544331 0.283226 -1.47439
-0.53572 0.283436 -1.47412
-0.525519 0.283894 -1.47561
-0.514494 0.284232 -1.4754
-0.504793 0.283878 -1.47554
-0.49492 0.283163 -1.47578
-0.484674 0.283803 -1.47674
-0.474717 0.282794 -1.47439
-0.464586 0.28296 -1.47464
-0.455395 0.283985 -1.4761
-0.444876 0.283344 -1.47471
-0.434256 0.283143 -1.47437
-0.425014 0.283716 -1.47543
-0.41508 0.283615 -1.47488
-0.404918 0.283159 -1.47574
-0.395036 0.283234 -1.47613
-0.384561 0.282647 -1.47436
-0.374908 0.283356 -1.47547
-0.365388 0.283205 -1.4749
-0.354961 0.282758 -1.47368
-0.345785 0.283175 -1.47577
-0.335533 0.282857 -1.47544
-0.325737 0.283059 -1.47599
-0.315002 0.283432 -1.47587
-0.30498 0.282257 -1.47418
-0.294631 0.282651 -1.47462
-0.284685 0.283288 -1.47532
-0.27523 0.282856 -1.47415
-0.265205 0.283374 -1.47575
-0.256625 0.282887 -1.47624
-0.245804 0.282724 -1.47478
-0.235355 0.282999 -1.4749
-0.225047 0.283538 -1.4769
-0.21677 0.28269 -1.47463
-0.124355 0.283395 -1.47567
-0.114372 0.282619 -1.47524
-0.106245 0.282849 -1.47605
-0.0950622 0.283085 -1.47668
-0.0842585 0.282744 -1.47562
-0.0747874 0.282345 -1.47536
-0.0642911 0.282239 -1.47481
-0.0551629 0.282874 -1.47619
-0.0448347 0.281726 -1.47439
-0.0345298 0.282554 -1.47582
-0.0240714 0.282723 -1.47578
-0.0147613 0.282982 -1.47672
-0.00563694 0.282175 -1.47515
0.00438461 0.282499 -1.47556
0.015272 0.28249 -1.4761
0.0250597 0.281706 -1.47461
0.0351563 0.282142 -1.47585
0.044365 0.282878 -1.47658
0.0557718 0.281856 -1.4754
0.0639242 0.282335 -1.47531
0.0752049 0.281552 -1.47467
0.0853695 0.281251 -1.47351
0.0956884 0.28183 -1.47524
0.105121 0.282491 -1.47612
0.114224 0.282048 -1.47535
0.124171 0.282007 -1.47617
0.134807 0.282374 -1.47608
0.144666 0.282335 -1.47601
0.155414 0.281543 -1.47463
0.165752 0.28221 -1.47534
0.175303 0.281902 -1.47561
0.184958 0.282288 -1.47503
0.195067 0.281376 -1.47471
0.205519 0.282232 -1.4754
0.215419 0.282263 -1.47563
0.225727 0.281635 -1.47555
0.235105 0.282488 -1.47608
0.244776 0.282496 -1.47612
0.25477 0.281687 -1.47583
0.265367 0.282253 -1.47642
0.274789 0.281465 -1.47464
0.284107 0.280917 -1.47305
0.294916 0.281817 -1.47593
0.305142 0.282162 -1.47699
0.314301 0.281778 -1.47498
0.325198 0.281586 -1.47528
0.334908 0.28116 -1.47302
0.345267 0.281324 -1.47446
0.354517 0.281618 -1.47418
0.365228 0.282215 -1.47536
0.375333 0.281464 -1.47411
0.384843 0.281263 -1.47413
0.394979 0.281999 -1.47549
0.40442 0.282189 -1.47609
0.41471 0.281223 -1.47337
0.425216 0.281236 -1.474
0.432776 0.282661 -1.47505
-0.13073 0.37309 -1.4742
0.46936 -0.50104 -1.4604
0.47027 -0.50988 -1.4673
-0.93167 -0.48873 -1.4627
-0.912 -0.48487 -1.47
-0.73078 -0.48982 -1.4659
-0.928005 -0.477685 -1.4686
-0.737285 -0.478775 -1.46415
-0.727295 -0.472305 -1.467
-0.91824 -0.46789 -1.4632
-0.91378 -0.45868 -1.464
-0.90004 -0.45229 -1.4646
-0.90389 -0.44502 -1.4621
-0.734575 -0.447615 -1.4678
-0.72296 -0.44797 -1.4612
-0.90096 -0.43206 -1.4666
-0.88389 -0.43456 -1.464
-0.865215 -0.43171 -1.46265
0.49382 -0.43014 -1.4655
-0.85821 -0.42104 -1.4615
-0.89554 -0.41045 -1.4688
0.50106 -0.41169 -1.4676
-0.87458 -0.39641 -1.4636
-0.853625 -0.39841 -1.46505
-0.75924 -0.38661 -1.4679
-0.873805 -0.365385 -1.46735
0.44723 -0.36261 -1.4656
-0.88316 -0.35511 -1.4668
-0.77078 -0.35561 -1.4688
-0.87867 -0.34019 -1.4623
-0.9175 -0.33423 -1.47
0.466 -0.28024 -1.4614
0.5378 -0.28536 -1.4636
0.48947 -0.20961 -1.4697
0.48779 -0.19926 -1.4609
0.80573 -0.101412 -1.462
0.81258 -0.103805 -1.4644
0.824925 -0.106155 -1.4673
-0.84454 -0.090194 -1.4605
0.775424 -0.091036 -1.46444
0.78368 -0.0936573 -1.46472
0.794833 -0.0974368 -1.4636
0.74944 -0.0808613 -1.4669
0.755508 -0.0835432 -1.466
0.765104 -0.0871101 -1.46491
0.60579 -0.078834 -1.4674
0.726965 -0.0723175 -1.4667
0.734297 -0.0759288 -1.46627
0.7467 -0.0788105 -1.46695
0.68355 -0.068531 -1.4657
0.69766 -0.06105 -1.4634
0.71373 -0.0672163 -1.46707
0.72059 -0.0699 -1.4643
0.65721 -0.050653 -1.46085
0.69458 -0.059761 -1.4688
-0.18055 -0.043571 -1.4688
0.64898 -0.04187 -1.4601
0.664414 -0.0454884 -1.46452
0.67278 -0.047993 -1.4693
0.647896 -0.0320058 -1.4616
0.6582 -0.036113 -1.46305
0.635523 -0.022375 -1.46429
0.642633 -0.026174 -1.46537
0.635958 -0.0147765 -1.46489
0.642 -0.0141665 -1.46165
0.627715 -0.00688557 -1.4645
0.633977 -0.00546152 -1.46255
0.64097 -0.0031896 -1.468
0.635906 0.00379008 -1.46356
0.644007 0.00493166 -1.46321
0.79089 0.0076914 -1.4635
0.80689 0.0077679 -1.46387
0.814327 0.007384 -1.46567
0.82352 0.0092036 -1.4666
0.637421 0.0147143 -1.4658
0.642914 0.0152848 -1.46274
0.655152 0.0177045 -1.46339
0.66342 0.0169857 -1.46273
0.6777 0.019329 -1.4625
0.686037 0.0176595 -1.46276
0.691375 0.0186125 -1.46195
0.715986 0.0179539 -1.46457
0.726795 0.017965 -1.46555
0.73564 0.0183373 -1.46353
0.745524 0.0160537 -1.464
0.754494 0.014526 -1.4644
0.766177 0.0158445 -1.46745
0.774809 0.0154025 -1.46613
0.784181 0.0119206 -1.46538
0.794235 0.0113025 -1.46845
0.805478 0.012102 -1.46706
0.81086 0.011959 -1.468
0.637025 0.0264963 -1.4634
0.645533 0.0251169 -1.46483
0.654642 0.0253176 -1.46621
0.66344 0.0240869 -1.46556
0.674524 0.0244974 -1.46334
0.687766 0.0258269 -1.4659
0.694817 0.0244187 -1.46545
0.7059 0.0233165 -1.46771
0.713009 0.0231592 -1.46574
0.725988 0.0218428 -1.46675
0.734958 0.0214002 -1.46416
0.74322 0.0207855 -1.4634
0.75179 0.021627 -1.4692
0.64335 0.0370625 -1.4691
0.68841 0.031261 -1.4699
0.69407 0.031239 -1.4689
0.70075 0.031253 -1.4695
0.644685 0.0464825 -1.4658
0.64682 0.050118 -1.4668
0.66896 0.051626 -1.4679
-0.91242 0.15651 -1.4695
-0.763855 0.27529 -1.46565
-0.753866 0.27809 -1.46374
-0.745447 0.277803 -1.46395
-0.734416 0.277623 -1.46253
-0.724804 0.278073 -1.46384
-0.715462 0.277932 -1.46292
-0.70557 0.277926 -1.46362
-0.694547 0.277604 -1.46246
-0.68563 0.27826 -1.46412
-0.675199 0.278154 -1.46481
-0.66496 0.277925 -1.46362
-0.654852 0.277929 -1.46407
-0.644825 0.278168 -1.4649
-0.635275 0.278181 -1.46498
-0.624181 0.277739 -1.46364
-0.61549 0.278023 -1.46413
-0.605311 0.278098 -1.46452
-0.594764 0.277421 -1.46415
-0.585065 0.277995 -1.46498
-0.574344 0.277951 -1.46374
-0.564549 0.277339 -1.46356
-0.555215 0.278299 -1.4656
-0.54522 0.278359 -1.46537
-0.53507 0.278001 -1.46401
-0.524855 0.278096 -1.46454
-0.515676 0.278254 -1.46587
-0.504101 0.277296 -1.4633
-0.495037 0.278492 -1.46617
-0.484729 0.277137 -1.46405
-0.474747 0.277692 -1.46368
-0.465936 0.277355 -1.46448
-0.454836 0.277597 -1.46492
-0.44542 0.277906 -1.46544
-0.434806 0.277188 -1.46491
-0.424576 0.277615 -1.46516
-0.414925 0.277679 -1.46551
-0.405125 0.277597 -1.46508
-0.394947 0.277515 -1.46536
-0.385136 0.276939 -1.46516
-0.374901 0.276472 -1.46382
-0.364508 0.277123 -1.46413
-0.354793 0.277908 -1.46585
-0.344843 0.277195 -1.46505
-0.335589 0.277006 -1.46436
-0.324792 0.277678 -1.46539
-0.315465 0.277252 -1.46466
-0.304966 0.276853 -1.46441
-0.294604 0.276398 -1.46445
-0.28511 0.27647 -1.4646
-0.275185 0.277355 -1.46588
-0.265349 0.277004 -1.4652
-0.254645 0.276385 -1.46462
-0.24568 0.277431 -1.46635
-0.235023 0.277489 -1.4659
-0.224591 0.277255 -1.46542
-0.217548 0.276488 -1.46347
-0.124535 0.277402 -1.4661
-0.115248 0.277045 -1.46572
-0.104955 0.276416 -1.46455
-0.0958662 0.27687 -1.46585
-0.0848524 0.27632 -1.46398
-0.0751749 0.275942 -1.4633
-0.0659725 0.276618 -1.4645
-0.0554748 0.277513 -1.46604
-0.0447498 0.277708 -1.46702
-0.0342692 0.276276 -1.464
-0.0258449 0.277175 -1.4664
-0.016217 0.276211 -1.46473
-0.00457834 0.275882 -1.4646
0.00521355 0.276051 -1.46479
0.0157433 0.276896 -1.46557
0.0241956 0.276611 -1.46576
0.0353691 0.276029 -1.46472
0.0455732 0.276553 -1.46555
0.0542717 0.276272 -1.46525
0.0650239 0.276327 -1.46536
0.0744944 0.276188 -1.46551
0.0837797 0.276084 -1.46495
0.0953356 0.275746 -1.46468
0.104919 0.276578 -1.46611
0.115212 0.275415 -1.46283
0.124984 0.275614 -1.46481
0.135081 0.275759 -1.46484
0.145984 0.275536 -1.46483
0.154357 0.275765 -1.46402
0.16533 0.275771 -1.46403
0.175376 0.276014 -1.46533
0.185462 0.275689 -1.46434
0.194467 0.276607 -1.46574
0.204642 0.275588 -1.46434
0.214626 0.275865 -1.46452
0.224809 0.27529 -1.46346
0.235654 0.275791 -1.46575
0.244427 0.275797 -1.46416
0.254275 0.275959 -1.46504
0.264145 0.275557 -1.46562
0.274597 0.275772 -1.46403
0.285314 0.275835 -1.46509
0.295998 0.274529 -1.46355
0.305637 0.275652 -1.46523
0.314859 0.275951 -1.46498
0.324478 0.276343 -1.46544
0.335288 0.275566 -1.46457
0.345497 0.275455 -1.46435
0.354384 0.275743 -1.46501
0.365475 0.274916 -1.46352
0.37522 0.27612 -1.46486
0.385005 0.276362 -1.46553
0.39484 0.275762 -1.46559
0.404498 0.275219 -1.46415
0.415117 0.275744 -1.46461
0.424234 0.276417 -1.46543
0.432208 0.27692 -1.46526
-0.7537 0.280873 -1.46773
-0.74503 0.280893 -1.46787
-0.73916 0.28087 -1.4677
-0.72523 0.28106 -1.4687
-0.713277 0.28085 -1.46763
-0.70414 0.280593 -1.46627
-0.695867 0.28108 -1.46883
-0.684417 0.281205 -1.4695
-0.67732 0.28117 -1.4693
-0.664057 0.280845 -1.4676
-0.65649 0.28118 -1.46935
-0.645617 0.281257 -1.46975
-0.63887 0.28131 -1.47
-0.62757 0.28114 -1.4692
-0.60427 0.28101 -1.46845
-0.59508 0.281113 -1.469
-0.571 0.28108 -1.4688
-0.563095 0.281095 -1.4689
-0.554667 0.28081 -1.4674
-0.54243 0.28131 -1.47
-0.52138 0.2812 -1.4695
-0.51636 0.2813 -1.47
-0.12778 0.282035 -1.4699
0.42116 0.28936 -1.4637
0.39984 0.30399 -1.4613
-0.12831 0.41769 -1.4612
0.45809 -0.52281 -1.453
0.400948 -0.516064 -1.45322
0.401818 -0.506385 -1.45347
0.46786 -0.50267 -1.4559
-0.93052 -0.49512 -1.4526
-0.91226 -0.4912 -1.4506
0.40344 -0.49433 -1.45035
-0.92208 -0.48828 -1.4516
-0.92412 -0.47774 -1.4588
-0.91609 -0.47831 -1.4501
-0.72458 -0.47511 -1.45295
0.47214 -0.47922 -1.4529
-0.721335 -0.463985 -1.4558
0.41124 -0.46681 -1.4503
-0.72378 -0.45876 -1.4597
0.41571 -0.45024 -1.4527
-0.86594 -0.44361 -1.4575
-0.82034 -0.44251 -1.4539
-0.81987 -0.44087 -1.4534
-0.72696 -0.44245 -1.4587
0.41741 -0.44203 -1.4523
-0.893745 -0.43961 -1.4542
-0.74705 -0.43023 -1.4549
-0.736595 -0.43462 -1.4564
0.41946 -0.43571 -1.4523
-0.74774 -0.39539 -1.4598
0.49908 -0.39385 -1.4542
-0.86285 -0.38817 -1.4501
-0.8658 -0.3764 -1.4586
0.43805 -0.37057 -1.454
0.50142 -0.37893 -1.4503
-0.76355 -0.36087 -1.4586
-0.764735 -0.35926 -1.45835
-0.76431 -0.34818 -1.451
-0.9176 -0.33336 -1.4594
-0.9119 -0.3298 -1.4505
-0.87319 -0.31621 -1.4579
0.45469 -0.31084 -1.4545
-0.7868 -0.30299 -1.4529
0.46641 -0.26056 -1.4528
-0.805 -0.23847 -1.4541
0.48035 -0.21928 -1.4535
0.57211 -0.15554 -1.4528
0.808263 -0.10026 -1.45587
0.813106 -0.102376 -1.45684
0.82067 -0.10484 -1.4587
0.785133 -0.0926166 -1.45505
0.795804 -0.09744 -1.45509
0.74682 -0.08117 -1.4543
0.75357 -0.082665 -1.4546
0.76581 -0.0865392 -1.4581
0.773517 -0.0889503 -1.45633
0.72362 -0.071177 -1.4588
0.73433 -0.076189 -1.45775
0.69865 -0.063798 -1.4545
0.70918 -0.066735 -1.4562
0.71639 -0.0688635 -1.4575
0.66856 -0.050506 -1.4566
0.67606 -0.053497 -1.4562
0.683325 -0.0570685 -1.45525
-0.17762 -0.0404 -1.459
0.653318 -0.0412374 -1.4581
0.665 -0.0461296 -1.45698
0.63524 -0.030002 -1.452
0.646379 -0.0326099 -1.45571
0.654418 -0.0366848 -1.45641
0.61212 -0.024316 -1.4534
0.636372 -0.0250114 -1.4555
0.644568 -0.026498 -1.45322
0.637085 -0.0157343 -1.45598
0.642498 -0.0146552 -1.45367
0.624674 -0.00305386 -1.45704
0.635184 -0.00539092 -1.45574
0.643552 -0.00577811 -1.45303
0.654898 -0.00229815 -1.4533
0.625388 0.00385037 -1.45438
0.635292 0.00509216 -1.45681
0.644183 0.00544134 -1.45418
0.656065 0.00666498 -1.45282
0.663938 0.00618563 -1.45132
0.673975 0.0083732 -1.4523
0.69682 0.0072052 -1.45117
0.70219 0.0076282 -1.4514
0.72679 0.0091013 -1.4503
0.73349 0.0076248 -1.4508
0.74802 0.0076384 -1.4534
0.756123 0.0057899 -1.45247
0.764695 0.00736543 -1.45148
0.774391 0.00639876 -1.45319
0.784765 0.00578322 -1.4532
0.794774 0.00625824 -1.45435
0.805284 0.00322112 -1.45537
0.814599 0.00429546 -1.4556
0.62982 0.016476 -1.4587
0.63489 0.0105585 -1.45705
0.645055 0.0144829 -1.45681
0.654548 0.0137831 -1.45437
0.664886 0.0148671 -1.45445
0.674637 0.0144326 -1.45545
0.685732 0.0130967 -1.45377
0.695055 0.0155913 -1.45403
0.704497 0.0138119 -1.45387
0.715772 0.0141934 -1.45467
0.726544 0.0147268 -1.45494
0.734994 0.0128227 -1.45495
0.744725 0.0129818 -1.45742
0.753109 0.0116137 -1.45554
0.764758 0.011083 -1.45702
0.7978 0.010571 -1.4588
0.62969 0.023863 -1.453
0.634453 0.023226 -1.45793
0.64193 0.022226 -1.4587
0.666203 0.020642 -1.45333
0.674671 0.0224366 -1.45426
0.68256 0.021888 -1.45753
0.63198 0.040932 -1.4513
0.646435 0.0510865 -1.4526
0.65917 0.051216 -1.4563
0.66576 0.052758 -1.457
0.67466 0.065933 -1.4559
-0.765275 0.26939 -1.45465
-0.58736 0.26854 -1.4501
-0.54582 0.26869 -1.4509
-0.51247 0.26875 -1.4512
-0.50592 0.268635 -1.4506
-0.498355 0.268675 -1.4508
-0.47312 0.26869 -1.45085
-0.465735 0.268775 -1.45135
-0.455507 0.26891 -1.45203
-0.448265 0.26879 -1.4514
-0.40361 0.26864 -1.4506
-0.395112 0.26869 -1.45088
-0.383593 0.268577 -1.45027
-0.374553 0.268818 -1.45158
-0.367615 0.269125 -1.45325
-0.35267 0.26873 -1.4511
-0.34648 0.26858 -1.4503
-0.332333 0.268857 -1.4518
-0.32268 0.26879 -1.4514
-0.314647 0.26873 -1.45107
-0.303645 0.268895 -1.45195
-0.29861 0.26857 -1.4502
-0.283345 0.26879 -1.45145
-0.275242 0.269068 -1.4529
-0.26448 0.268928 -1.45218
-0.254985 0.26886 -1.4518
-0.24896 0.26867 -1.4508
-0.234966 0.26891 -1.45206
-0.225573 0.26893 -1.4522
-0.12388 0.269372 -1.45457
-0.114525 0.269082 -1.453
-0.10519 0.268915 -1.4521
-0.0947142 0.268748 -1.4512
-0.0842355 0.268775 -1.45133
-0.0749225 0.268753 -1.4512
-0.0655807 0.268945 -1.45225
-0.0547143 0.268632 -1.45192
-0.043826 0.268407 -1.45208
-0.0352094 0.26841 -1.45345
-0.0239975 0.268602 -1.45177
-0.0141625 0.269138 -1.4533
-0.00485538 0.26898 -1.45245
0.0044816 0.268902 -1.45205
0.0138397 0.268372 -1.4519
0.0259897 0.26891 -1.45203
0.0353326 0.268796 -1.45308
0.0445073 0.269065 -1.4529
0.0550134 0.268594 -1.45202
0.0641335 0.268748 -1.45257
0.0745336 0.26879 -1.45306
0.0846199 0.268204 -1.45235
0.0935416 0.26822 -1.45183
0.10411 0.269507 -1.4553
0.115446 0.268594 -1.45341
0.12603 0.268844 -1.45332
0.135183 0.268254 -1.452
0.144774 0.268234 -1.45191
0.156049 0.268696 -1.45324
0.16552 0.267629 -1.45125
0.174375 0.268913 -1.45345
0.186183 0.268477 -1.45321
0.194554 0.268698 -1.45256
0.205462 0.268818 -1.45318
0.215129 0.26842 -1.4529
0.22482 0.268333 -1.45304
0.234078 0.268852 -1.4534
0.244335 0.268129 -1.45194
0.253705 0.26855 -1.45285
0.264921 0.268001 -1.45327
0.27507 0.267858 -1.45182
0.284743 0.26838 -1.4527
0.29502 0.268487 -1.45329
0.305212 0.269248 -1.4539
0.315925 0.268817 -1.4543
0.324529 0.268084 -1.45226
0.334267 0.268407 -1.45286
0.344823 0.268436 -1.45356
0.355064 0.268364 -1.4532
0.366164 0.268633 -1.45407
0.375297 0.26872 -1.45375
0.383907 0.268422 -1.45213
0.395139 0.268076 -1.45164
0.405362 0.268716 -1.45266
0.416106 0.268458 -1.4529
0.425305 0.269205 -1.45367
0.43312 0.269085 -1.45305
-0.754991 0.273145 -1.45496
-0.74465 0.272696 -1.45464
-0.734659 0.27297 -1.45419
-0.724496 0.273083 -1.45437
-0.715213 0.272975 -1.45507
-0.705386 0.273376 -1.45593
-0.695752 0.273136 -1.45508
-0.684501 0.273519 -1.45612
-0.674416 0.273281 -1.4554
-0.664471 0.272869 -1.4549
-0.655516 0.272559 -1.4551
-0.645102 0.272542 -1.45426
-0.634584 0.272345 -1.45395
-0.624791 0.272879 -1.45475
-0.615058 0.272693 -1.45513
-0.605309 0.272755 -1.45536
-0.59581 0.27202 -1.45531
-0.585392 0.272783 -1.45629
-0.574475 0.272255 -1.45421
-0.565487 0.272422 -1.45528
-0.554665 0.272557 -1.45573
-0.54478 0.273013 -1.45569
-0.534869 0.27265 -1.45483
-0.525112 0.272431 -1.45516
-0.515426 0.27271 -1.45589
-0.505513 0.272559 -1.45584
-0.494778 0.272579 -1.4552
-0.485798 0.272021 -1.45496
-0.474833 0.272151 -1.45515
-0.464782 0.2725 -1.45642
-0.455086 0.272734 -1.45768
-0.445073 0.272814 -1.4572
-0.435106 0.272011 -1.4557
-0.425012 0.271954 -1.45517
-0.414369 0.272166 -1.45574
-0.405067 0.272034 -1.45641
-0.395702 0.272326 -1.45661
-0.385229 0.271855 -1.45546
-0.375473 0.27111 -1.45562
-0.364706 0.272279 -1.45633
-0.354674 0.272408 -1.45594
-0.345065 0.271786 -1.4551
-0.334826 0.271653 -1.45483
-0.324865 0.272542 -1.45664
-0.314703 0.272339 -1.45701
-0.30624 0.272551 -1.45782
-0.296551 0.271919 -1.45639
-0.285008 0.270904 -1.45452
-0.274534 0.271964 -1.45605
-0.265149 0.27214 -1.45699
-0.255233 0.272164 -1.45773
-0.243613 0.27212 -1.45642
-0.234334 0.272116 -1.45685
-0.225209 0.272352 -1.45709
-0.215634 0.27215 -1.45622
-0.123787 0.272146 -1.4576
-0.114426 0.272174 -1.45776
-0.105233 0.271955 -1.45738
-0.0949639 0.271851 -1.4559
-0.0846823 0.271923 -1.45641
-0.0740547 0.27171 -1.45607
-0.0649451 0.272124 -1.45749
-0.0551143 0.272487 -1.4577
-0.0443787 0.272181 -1.4572
-0.0355089 0.272067 -1.45716
-0.025175 0.271896 -1.45624
-0.0142356 0.271831 -1.45636
-0.00445925 0.271518 -1.45782
0.00549584 0.27143 -1.45566
0.0138039 0.2725 -1.4579
0.0254184 0.27201 -1.45676
0.0347918 0.27162 -1.45668
0.0449812 0.27137 -1.457
0.0553376 0.271958 -1.4585
0.064153 0.272208 -1.45875
0.0746447 0.271658 -1.45717
0.086327 0.27215 -1.45843
0.094094 0.271604 -1.4566
0.105365 0.272048 -1.45787
0.11372 0.272123 -1.45897
0.124854 0.271438 -1.45736
0.13626 0.27212 -1.45825
0.14397 0.27128 -1.4565
0.156752 0.272076 -1.4575
0.165015 0.27172 -1.4589
0.17457 0.271558 -1.45805
0.18525 0.271292 -1.45662
0.195343 0.272302 -1.45788
0.20572 0.271505 -1.45775
0.216115 0.271448 -1.45742
0.224878 0.271836 -1.45786
0.236068 0.271555 -1.458
0.24604 0.271567 -1.45807
0.25492 0.271667 -1.45857
0.268443 0.27176 -1.4591
0.274734 0.271289 -1.45896
0.284767 0.271437 -1.45737
0.29037 0.27178 -1.4592
0.304022 0.271565 -1.45805
0.314623 0.27179 -1.4593
0.325663 0.27224 -1.45888
0.335007 0.271677 -1.45865
0.344183 0.27174 -1.45897
0.357053 0.27166 -1.4586
0.365053 0.27174 -1.459
0.375097 0.272126 -1.4587
0.38533 0.27205 -1.4586
0.39522 0.271657 -1.45855
0.40446 0.271613 -1.45833
0.415232 0.27165 -1.45854
0.425862 0.272335 -1.45805
0.433217 0.272448 -1.45727
-0.2154 0.32488 -1.4592
-0.130135 0.351645 -1.45425
-0.12828 0.41812 -1.46
0.39888 -0.520935 -1.4478
0.400832 -0.525127 -1.44474
0.45367 -0.522 -1.4414
0.39976 -0.51178 -1.4496
0.401646 -0.516237 -1.44544
0.399387 -0.50419 -1.44297
0.401206 -0.505 -1.44488
0.46132 -0.50105 -1.4468
-0.795 -0.49304 -1.4418
0.402486 -0.49523 -1.44418
-0.72049 -0.4813 -1.4448
0.40418 -0.4812 -1.44495
0.4667 -0.48281 -1.445
-0.72209 -0.478553 -1.44493
0.40607 -0.47749 -1.4477
-0.90504 -0.46309 -1.4412
-0.80189 -0.46539 -1.4402
0.4102 -0.46319 -1.4485
0.47392 -0.46443 -1.4479
-0.715187 -0.456813 -1.44487
0.41431 -0.45212 -1.4481
-0.74055 -0.44725 -1.4483
-0.87154 -0.43562 -1.441
-0.72551 -0.43347 -1.4448
0.41524 -0.4355 -1.4406
-0.74107 -0.42956 -1.4419
-0.73801 -0.42978 -1.4479
0.41832 -0.42558 -1.4446
-0.7413 -0.41214 -1.4411
-0.73808 -0.41058 -1.4408
-0.84235 -0.40606 -1.4475
-0.83613 -0.398685 -1.4407
-0.86375 -0.38132 -1.4478
0.49664 -0.38923 -1.4429
-0.86079 -0.36407 -1.4469
-0.75591 -0.36002 -1.4489
-0.74962 -0.36261 -1.4411
0.44427 -0.33145 -1.4443
-0.90645 -0.32897 -1.4469
0.46369 -0.2668 -1.4451
0.46639 -0.25525 -1.4471
0.53323 -0.25989 -1.4402
-0.7966 -0.2469 -1.4423
-0.81795 -0.20532 -1.4498
0.48312 -0.18029 -1.4401
0.55619 -0.18332 -1.4407
0.49161 -0.15312 -1.4438
0.813535 -0.10195 -1.44865
-0.95297 -0.090535 -1.4422
0.785945 -0.0929245 -1.4457
0.796897 -0.0961133 -1.44449
0.80299 -0.0981315 -1.4459
0.811535 -0.0997405 -1.4484
0.71358 -0.081955 -1.4421
0.755425 -0.083644 -1.44735
0.76501 -0.086415 -1.4469
0.77068 -0.089262 -1.4454
0.71692 -0.071885 -1.4429
0.72252 -0.073268 -1.4417
0.74108 -0.0785545 -1.448
0.69471 -0.063288 -1.4429
0.66581 -0.05016 -1.4467
0.670485 -0.0524225 -1.44675
0.68252 -0.058728 -1.4434
0.60186 -0.041436 -1.4449
0.656152 -0.0432172 -1.4447
0.665555 -0.0479705 -1.4463
0.63214 -0.03273 -1.4411
0.645913 -0.0344521 -1.44621
0.652069 -0.0365357 -1.44307
-0.97042 -0.026967 -1.4464
0.636865 -0.0227787 -1.44702
0.64617 -0.0258174 -1.44546
0.651313 -0.0216013 -1.44337
0.63441 -0.018416 -1.4401
0.645072 -0.0159685 -1.44461
0.652138 -0.0154474 -1.44224
0.66606 -0.011035 -1.4427
0.646199 -0.00583468 -1.44476
0.656198 -0.00410632 -1.44512
0.663679 -0.00311594 -1.44464
0.675753 -0.0024144 -1.4436
0.68453 -0.0024511 -1.44285
0.72986 -0.0011221 -1.4401
0.73321 -0.0011223 -1.4403
0.75614 -0.0024099 -1.4409
0.763593 -0.00155577 -1.444
0.771875 -0.001124 -1.44255
0.7874 -0.0031342 -1.4435
0.80612 -0.00112895 -1.44885
0.81039 -0.001128 -1.4477
0.623535 0.0061359 -1.4474
0.646813 0.00291604 -1.44716
0.654578 0.00389362 -1.44757
0.664452 0.00384054 -1.44554
0.675732 0.0050905 -1.44571
0.683786 0.00604621 -1.44503
0.695988 0.00713388 -1.44496
0.703467 0.00693625 -1.44242
0.715031 0.00670339 -1.4456
0.725383 0.00596718 -1.44427
0.735252 0.00611296 -1.44379
0.745168 0.00539262 -1.44501
0.754585 0.00561479 -1.44618
0.764713 0.00372472 -1.44701
0.774393 0.00334077 -1.4471
0.784743 0.00404305 -1.44528
0.792774 0.00160646 -1.44456
0.80698 0.0031857 -1.4477
0.81097 0.0031876 -1.4485
0.622325 0.0170595 -1.44515
0.6514 0.015062 -1.4489
0.663525 0.0111515 -1.44885
0.6729 0.010501 -1.4491
0.68457 0.010493 -1.448
0.69329 0.0147421 -1.44829
0.704013 0.0124733 -1.44757
0.715246 0.0123182 -1.44804
0.721505 0.0111555 -1.44945
0.62484 0.029303 -1.4441
0.6696 0.020575 -1.4487
0.63076 0.034412 -1.4493
0.63637 0.050742 -1.4428
0.64863 0.050942 -1.4485
0.6595 0.057911 -1.4408
-0.85095 0.18953 -1.4461
0.36865 0.25948 -1.4413
-0.76107 0.265155 -1.44395
-0.755519 0.266679 -1.44581
-0.745286 0.266488 -1.44411
-0.735086 0.266057 -1.4435
-0.725276 0.268093 -1.44579
-0.714577 0.266347 -1.44284
-0.705073 0.267714 -1.44554
-0.694963 0.267477 -1.44518
-0.685297 0.266905 -1.44456
-0.675315 0.266959 -1.44461
-0.664982 0.267015 -1.4459
-0.653794 0.266761 -1.44394
-0.64471 0.267193 -1.44408
-0.635418 0.265852 -1.44364
-0.625104 0.26685 -1.44457
-0.614649 0.26637 -1.44442
-0.60546 0.266689 -1.4449
-0.596125 0.266928 -1.4454
-0.58522 0.266549 -1.4454
-0.575833 0.26705 -1.44606
-0.564306 0.265813 -1.44343
-0.554544 0.267087 -1.44627
-0.544295 0.266167 -1.44534
-0.535042 0.267013 -1.44589
-0.525267 0.266238 -1.44499
-0.515853 0.266149 -1.44524
-0.50414 0.266446 -1.44569
-0.494739 0.265986 -1.44527
-0.484361 0.266784 -1.446
-0.475388 0.265828 -1.44514
-0.465054 0.265901 -1.4448
-0.4551 0.265173 -1.44402
-0.443173 0.266349 -1.44519
-0.434967 0.265523 -1.44434
-0.425003 0.265356 -1.44429
-0.414832 0.266262 -1.44514
-0.406085 0.265766 -1.4448
-0.394663 0.265123 -1.44317
-0.384979 0.265536 -1.44463
-0.374784 0.265398 -1.44479
-0.364908 0.265512 -1.44485
-0.355664 0.265534 -1.44481
-0.344862 0.265469 -1.44406
-0.334462 0.265186 -1.44407
-0.32512 0.265399 -1.44524
-0.315367 0.265829 -1.44622
-0.305231 0.265171 -1.44552
-0.294822 0.265734 -1.44612
-0.284892 0.265552 -1.44608
-0.275278 0.264612 -1.44503
-0.265034 0.264826 -1.44493
-0.254242 0.264758 -1.4442
-0.244316 0.265296 -1.44373
-0.235522 0.265177 -1.4454
-0.224579 0.265211 -1.44599
-0.215895 0.265529 -1.44482
-0.123667 0.264506 -1.44444
-0.114418 0.264683 -1.44542
-0.105044 0.26479 -1.44525
-0.0947253 0.264541 -1.44465
-0.0842944 0.265035 -1.44571
-0.0750417 0.264567 -1.44477
-0.0656567 0.264794 -1.44527
-0.055157 0.264632 -1.44513
-0.0453739 0.264287 -1.44489
-0.0356401 0.263814 -1.44477
-0.025528 0.264626 -1.44511
-0.0146872 0.264695 -1.44549
-0.00497294 0.264372 -1.44498
0.00477511 0.264607 -1.44559
0.0158273 0.264896 -1.44588
0.0248208 0.264871 -1.4452
0.0347702 0.263992 -1.44412
0.0450819 0.264676 -1.44481
0.0550678 0.264578 -1.44483
0.0653995 0.264391 -1.44586
0.0749756 0.26446 -1.44557
0.0852427 0.263947 -1.44502
0.0959186 0.264424 -1.44564
0.105244 0.264285 -1.44556
0.114369 0.263759 -1.44482
0.124525 0.264648 -1.44597
0.135168 0.263788 -1.44529
0.145539 0.264208 -1.44578
0.155153 0.263533 -1.44415
0.16508 0.263685 -1.44506
0.17562 0.264718 -1.44635
0.185059 0.263396 -1.44449
0.195304 0.264234 -1.44611
0.204401 0.264201 -1.4457
0.21538 0.263575 -1.44456
0.224912 0.263723 -1.44562
0.235076 0.264039 -1.44599
0.245159 0.26329 -1.44435
0.255317 0.263958 -1.44554
0.264493 0.263009 -1.44443
0.274622 0.263681 -1.44538
0.284893 0.263841 -1.44491
0.29497 0.263651 -1.4459
0.304592 0.264777 -1.44653
0.315707 0.263405 -1.44532
0.324903 0.263735 -1.4443
0.334403 0.264051 -1.44504
0.344753 0.263134 -1.44512
0.35422 0.263341 -1.44462
0.364608 0.263158 -1.44398
0.375218 0.263162 -1.44399
0.384796 0.264131 -1.44485
0.394883 0.263936 -1.446
0.404989 0.264059 -1.44512
0.414191 0.264069 -1.44427
0.426021 0.264774 -1.44591
0.433623 0.263755 -1.4436
-0.74991 0.27003 -1.4498
-0.73842 0.27003 -1.4498
-0.67098 0.27002 -1.4498
-0.66554 0.270055 -1.44995
-0.53261 0.27002 -1.4497
-0.1299 0.3474 -1.4455
-1.0281 -0.55104 -1.436
0.44239 -0.53101 -1.4303
0.39984 -0.5267 -1.4363
0.401616 -0.525087 -1.43403
0.447263 -0.523463 -1.4337
0.40159 -0.51508 -1.43492
-0.921615 -0.50413 -1.43665
0.39989 -0.50407 -1.4365
0.401417 -0.505822 -1.43457
-0.88964 -0.49195 -1.4386
-0.7848 -0.49746 -1.4315
0.39991 -0.49302 -1.4324
0.401275 -0.496448 -1.43325
-0.912045 -0.480585 -1.43355
-0.71514 -0.48604 -1.4307
0.39957 -0.4841 -1.4345
0.401229 -0.486063 -1.43414
0.401535 -0.47539 -1.43327
0.46493 -0.47642 -1.4353
-0.90396 -0.463225 -1.4363
-0.88904 -0.46984 -1.4391
-0.71555 -0.46622 -1.4382
0.4047 -0.46661 -1.4394
-0.70947 -0.45116 -1.4355
0.40844 -0.45231 -1.4392
-0.89759 -0.44898 -1.4381
-0.732235 -0.44607 -1.43655
-0.87392 -0.43523 -1.4397
-0.85038 -0.4341 -1.4311
-0.81155 -0.43325 -1.4332
0.47222 -0.43859 -1.4306
-0.73594 -0.42503 -1.4319
-0.81863 -0.412735 -1.4353
0.41573 -0.41597 -1.4328
0.42023 -0.41017 -1.4394
-0.83605 -0.40432 -1.4303
0.48481 -0.40919 -1.436
-0.86265 -0.39517 -1.4364
-0.85488 -0.3802 -1.4319
-0.85303 -0.37507 -1.4355
0.42692 -0.37106 -1.4318
-0.85058 -0.36535 -1.4335
-0.74919 -0.3638 -1.4398
-0.75855 -0.35269 -1.4379
0.43232 -0.35812 -1.4351
0.50568 -0.33471 -1.4322
-0.90206 -0.32045 -1.436
-0.86119 -0.295785 -1.4327
0.51787 -0.29255 -1.4312
0.53151 -0.26505 -1.4356
-0.8807 -0.23921 -1.4316
-0.822 -0.16019 -1.4303
0.7781 -0.090188 -1.4367
0.78037 -0.092634 -1.4302
0.80071 -0.097415 -1.4353
0.7512 -0.084072 -1.431
0.763225 -0.0876945 -1.4318
0.71945 -0.074155 -1.4317
0.72706 -0.075871 -1.4387
0.68293 -0.061383 -1.4337
0.70115 -0.066999 -1.4329
0.71094 -0.068671 -1.4385
0.668864 -0.0527888 -1.4362
0.673415 -0.054563 -1.4335
0.682 -0.0588377 -1.43403
0.656306 -0.0429748 -1.43429
0.66297 -0.0474786 -1.43566
0.634555 -0.0369218 -1.43735
0.64871 -0.033271 -1.43335
0.654014 -0.0358252 -1.43422
0.63943 -0.024063 -1.4383
0.646777 -0.0258529 -1.4359
0.654645 -0.02558 -1.43504
0.665821 -0.0251838 -1.43424
0.67266 -0.0218105 -1.4306
-0.967135 -0.0175845 -1.43435
0.648705 -0.017609 -1.43628
0.655859 -0.0150717 -1.4363
0.664195 -0.0161098 -1.43364
0.675146 -0.014927 -1.43394
0.68247 -0.0149143 -1.43253
0.696195 -0.0116938 -1.43397
0.704683 -0.0119323 -1.4334
0.72449 -0.015351 -1.4316
0.754 -0.010959 -1.4327
0.64862 -0.00870837 -1.43707
0.65615 -0.0080663 -1.43732
0.66552 -0.00594933 -1.43575
0.674631 -0.00513535 -1.43519
0.68479 -0.00530174 -1.43325
0.694026 -0.00572839 -1.43298
0.704853 -0.00375395 -1.4354
0.713875 -0.00387639 -1.43336
0.724435 -0.00373227 -1.43403
0.735656 -0.00188686 -1.43518
0.744171 -0.00391617 -1.43391
0.754406 -0.0029334 -1.43554
0.765487 -0.003111 -1.43215
0.774357 -0.00345169 -1.43251
0.78465 -0.00431416 -1.43314
0.794568 -0.00410848 -1.43455
0.80469 -0.0024075 -1.4395
-0.98065 0.0004406 -1.4374
0.61427 0.00396975 -1.43595
0.65749 0.0047925 -1.4385
0.66668 0.00224539 -1.43863
0.674482 0.000797655 -1.43632
0.685484 0.00269841 -1.43724
0.694651 0.00243503 -1.43707
0.703964 0.00482135 -1.43732
0.714407 0.00359066 -1.43566
0.72603 0.0020955 -1.43737
0.734525 0.00079834 -1.4374
0.74614 0.00115433 -1.4355
0.75395 0.00261586 -1.4376
0.76852 0.0018734 -1.4399
0.77604 0.000440823 -1.4381
0.78375 0.00044083 -1.4381
0.61258 0.010383 -1.4329
0.61709 0.021792 -1.4302
0.61999 0.031942 -1.4353
0.64643 0.050622 -1.4394
-0.8259 0.20279 -1.4319
-0.81485 0.21246 -1.4321
-0.78911 0.23243 -1.4304
-0.76073 0.25796 -1.4329
-0.75617 0.259295 -1.43215
-0.735698 0.25911 -1.43112
-0.723215 0.258837 -1.43165
-0.71442 0.25905 -1.4308
-0.705028 0.259185 -1.43158
-0.694276 0.258932 -1.43178
-0.68557 0.25915 -1.43135
-0.671885 0.259165 -1.4314
-0.66536 0.25928 -1.43207
-0.655565 0.259155 -1.4314
-0.645135 0.25931 -1.43225
-0.63387 0.25908 -1.43097
-0.62711 0.25904 -1.4308
-0.61628 0.259144 -1.43294
-0.605067 0.259252 -1.43193
-0.594643 0.259295 -1.43218
-0.585357 0.25873 -1.4331
-0.576242 0.258878 -1.43187
-0.565723 0.259153 -1.43135
-0.555994 0.258744 -1.4326
-0.544679 0.258577 -1.43166
-0.53469 0.258694 -1.43231
-0.525237 0.258686 -1.43226
-0.515972 0.258928 -1.43283
-0.504463 0.258769 -1.43271
-0.495811 0.25895 -1.43373
-0.48463 0.258669 -1.43219
-0.476163 0.258625 -1.43383
-0.464873 0.258524 -1.43254
-0.455226 0.258661 -1.4327
-0.445371 0.258646 -1.43261
-0.435561 0.258496 -1.43316
-0.427138 0.25887 -1.43302
-0.41461 0.258518 -1.43328
-0.404143 0.258444 -1.43286
-0.395883 0.258152 -1.43257
-0.384284 0.258416 -1.43269
-0.375663 0.258561 -1.43351
-0.366004 0.258524 -1.43251
-0.353457 0.257342 -1.43217
-0.345041 0.257657 -1.433
-0.334546 0.258488 -1.4331
-0.32481 0.25755 -1.43262
-0.316814 0.257663 -1.43237
-0.304798 0.258798 -1.43392
-0.294441 0.258009 -1.43314
-0.28691 0.258336 -1.43332
-0.274764 0.257667 -1.43356
-0.264719 0.257583 -1.433
-0.25491 0.258019 -1.4332
-0.245048 0.258937 -1.4338
-0.234914 0.25826 -1.43354
-0.225584 0.258576 -1.43468
-0.214703 0.258002 -1.4331
-0.123433 0.257647 -1.43385
-0.114936 0.257079 -1.43366
-0.10418 0.257949 -1.4337
-0.0944591 0.2575 -1.43336
-0.0845474 0.257662 -1.43393
-0.0752572 0.257225 -1.43286
-0.0654592 0.256978 -1.43306
-0.054199 0.257598 -1.43358
-0.0457536 0.257712 -1.4342
-0.0350125 0.257684 -1.4344
-0.024651 0.257525 -1.43451
-0.0154845 0.257386 -1.43376
-0.00479197 0.257633 -1.43467
0.00528059 0.257419 -1.43391
0.0151032 0.257061 -1.43331
0.0246716 0.257656 -1.43425
0.0354691 0.25763 -1.43509
0.0446953 0.257953 -1.43446
0.0548641 0.257211 -1.43391
0.0661813 0.257694 -1.43489
0.074906 0.257446 -1.43407
0.0843263 0.257427 -1.4334
0.0953334 0.257558 -1.43426
0.105285 0.257372 -1.43368
0.115309 0.257607 -1.43439
0.12505 0.25708 -1.43367
0.134477 0.257546 -1.43407
0.145112 0.257403 -1.43466
0.155154 0.257601 -1.43495
0.164851 0.257696 -1.43487
0.174761 0.257565 -1.43392
0.185542 0.256887 -1.43433
0.194972 0.257508 -1.43524
0.205829 0.256993 -1.43491
0.214378 0.256909 -1.43355
0.225064 0.257162 -1.43388
0.234518 0.256624 -1.43361
0.245107 0.256895 -1.43362
0.25581 0.256869 -1.43408
0.26411 0.257143 -1.43484
0.275882 0.256378 -1.43432
0.284655 0.257416 -1.43556
0.29515 0.257134 -1.4348
0.305079 0.257509 -1.43443
0.31464 0.2573 -1.43554
0.325136 0.256865 -1.43347
0.335096 0.257053 -1.43436
0.345873 0.257654 -1.43524
0.356006 0.257048 -1.43414
0.365071 0.25636 -1.43377
0.374874 0.257058 -1.43528
0.384054 0.257301 -1.43464
0.395003 0.256832 -1.43402
0.404386 0.257576 -1.4342
0.415217 0.257703 -1.43493
0.423978 0.257627 -1.4351
0.43419 0.257401 -1.43485
-0.76091 0.26262 -1.4382
-0.754587 0.26218 -1.43717
-0.745842 0.261312 -1.4335
-0.73428 0.26106 -1.43373
-0.723759 0.262607 -1.43639
-0.715015 0.262897 -1.43667
-0.704538 0.261914 -1.43535
-0.694206 0.262406 -1.43647
-0.685383 0.262092 -1.4367
-0.674222 0.261948 -1.437
-0.664453 0.262182 -1.43583
-0.655629 0.262334 -1.43607
-0.644853 0.262528 -1.43689
-0.634692 0.262045 -1.43915
-0.622854 0.26224 -1.43694
-0.614103 0.262069 -1.43577
-0.604208 0.26187 -1.43615
-0.595262 0.262361 -1.4368
-0.585582 0.262079 -1.43729
-0.574214 0.262386 -1.4375
-0.564852 0.261447 -1.43585
-0.554543 0.262357 -1.43737
-0.545432 0.261954 -1.43702
-0.534483 0.262422 -1.43715
-0.524955 0.261845 -1.43667
-0.514068 0.262025 -1.43698
-0.505042 0.262099 -1.43636
-0.494033 0.2621 -1.4374
-0.484832 0.262209 -1.43699
-0.474063 0.261287 -1.4377
-0.464263 0.261855 -1.4381
-0.45401 0.261897 -1.43833
-0.444666 0.262233 -1.43669
-0.437035 0.2618 -1.4378
-0.425127 0.2608 -1.43773
-0.415858 0.261348 -1.43802
-0.405248 0.261775 -1.43762
-0.395699 0.261891 -1.4383
-0.384418 0.261556 -1.43646
-0.375007 0.261737 -1.43743
-0.36443 0.261377 -1.43781
-0.355472 0.260822 -1.43785
-0.345398 0.261234 -1.43798
-0.336933 0.26192 -1.43847
-0.325717 0.261075 -1.43788
-0.314379 0.261189 -1.43851
-0.29468 0.26093 -1.4371
-0.28598 0.261428 -1.43778
-0.275508 0.26047 -1.43866
-0.2645 0.26085 -1.438
-0.25743 0.261293 -1.43907
-0.24595 0.262023 -1.439
-0.235246 0.261228 -1.43792
-0.225258 0.260747 -1.43817
-0.216228 0.26102 -1.43842
-0.123515 0.260295 -1.43767
-0.11432 0.260453 -1.43858
-0.107013 0.26077 -1.4376
-0.0947374 0.260404 -1.4383
-0.0841474 0.260896 -1.43772
-0.0751802 0.260177 -1.43702
-0.0640343 0.260793 -1.43768
-0.0544263 0.26035 -1.438
-0.044065 0.260287 -1.43763
-0.03484 0.260282 -1.4376
-0.0246474 0.260694 -1.43826
-0.015214 0.26029 -1.43765
-0.00597317 0.260273 -1.43757
0.00570583 0.26052 -1.43892
0.0149435 0.260435 -1.43845
0.0241535 0.260288 -1.43765
0.0340817 0.260385 -1.4382
0.04523 0.26054 -1.43905
0.0543274 0.260826 -1.43898
0.064442 0.26046 -1.43858
0.07557 0.260475 -1.4387
0.0850215 0.260565 -1.43918
0.0942003 0.26029 -1.43765
0.10418 0.26049 -1.43877
0.11672 0.26044 -1.4385
0.12478 0.260205 -1.43718
0.131935 0.260255 -1.4375
0.142853 0.260487 -1.4387
0.15259 0.26068 -1.43975
0.16555 0.2605 -1.43882
0.17458 0.260357 -1.43803
0.18113 0.26048 -1.4387
0.193175 0.26047 -1.43865
0.206725 0.26066 -1.4397
0.21145 0.260555 -1.4391
0.224903 0.260597 -1.43937
0.235795 0.26051 -1.43885
0.24588 0.260695 -1.4399
0.255615 0.260605 -1.4394
0.26934 0.26068 -1.4398
0.276527 0.260507 -1.43887
0.284083 0.260557 -1.43913
0.305207 0.260442 -1.43848
0.3255 0.260482 -1.43875
0.334287 0.26041 -1.43833
0.3563 0.26054 -1.439
0.3858 0.26038 -1.43813
0.395075 0.26043 -1.43843
0.40136 0.2603 -1.4377
0.415688 0.260868 -1.4388
0.42436 0.260527 -1.43897
0.43413 0.262275 -1.43635
0.3934 0.29469 -1.4308
-0.21322 0.32092 -1.4345
0.35502 0.3342 -1.4394
0.40604 -0.53358 -1.42713
0.414165 -0.534676 -1.42664
0.425621 -0.534553 -1.4262
0.435237 -0.534611 -1.42707
0.44093 -0.53119 -1.4262
0.404828 -0.525369 -1.42387
0.414893 -0.527228 -1.42184
0.425156 -0.524831 -1.42211
0.435151 -0.525426 -1.42298
0.44279 -0.52458 -1.42617
0.40245 -0.515097 -1.42416
-0.9235 -0.50905 -1.4238
-0.91392 -0.501225 -1.424
0.401508 -0.506373 -1.42583
-0.915393 -0.49586 -1.42373
-0.88565 -0.49829 -1.4291
-0.7845 -0.49243 -1.4263
0.3994 -0.49774 -1.42535
0.40162 -0.494457 -1.42641
-0.90301 -0.48869 -1.4291
0.39957 -0.481005 -1.42765
0.401783 -0.486235 -1.42578
0.39989 -0.47893 -1.4215
0.401301 -0.474743 -1.42477
0.45687 -0.4739 -1.4226
0.39989 -0.46986 -1.4245
0.401191 -0.464531 -1.42305
-0.87817 -0.45702 -1.4292
-0.85901 -0.45397 -1.4295
0.402303 -0.455967 -1.4225
0.464 -0.454135 -1.4225
0.40386 -0.44228 -1.4218
-0.70485 -0.43765 -1.4224
-0.726875 -0.416445 -1.4239
0.4136 -0.41723 -1.4266
-0.84025 -0.40194 -1.4273
0.41614 -0.40233 -1.4232
-0.830545 -0.39806 -1.4245
0.41731 -0.39576 -1.42455
-0.85193 -0.38175 -1.4261
-0.83735 -0.38344 -1.427
-0.84749 -0.36693 -1.4219
0.49653 -0.34565 -1.4214
-0.85973 -0.33843 -1.4289
-0.85474 -0.31365 -1.4256
-0.76849 -0.31082 -1.4264
0.51964 -0.27539 -1.4202
0.45401 -0.26523 -1.4286
0.53361 -0.2413 -1.4264
0.46503 -0.23268 -1.4284
0.46419 -0.224225 -1.42455
0.46719 -0.21191 -1.424
0.54087 -0.21257 -1.4285
0.55628 -0.15079 -1.4219
0.7334 -0.091065 -1.4278
0.77475 -0.091004 -1.4268
0.79334 -0.09556 -1.4296
0.7474 -0.083446 -1.4203
0.75681 -0.08538 -1.4296
0.77027 -0.089159 -1.4203
0.71518 -0.072424 -1.4251
0.72953 -0.076694 -1.4275
0.73394 -0.079776 -1.4293
0.50799 -0.062567 -1.4265
0.67897 -0.060885 -1.4221
0.688747 -0.0629637 -1.42463
0.693465 -0.065215 -1.42305
0.70261 -0.069289 -1.4201
0.66761 -0.0518203 -1.4239
0.675348 -0.0542671 -1.42399
0.68078 -0.0566525 -1.4253
0.657845 -0.0436889 -1.42489
0.664798 -0.0453481 -1.42399
0.674462 -0.0450417 -1.42265
0.682055 -0.0421335 -1.42035
0.59005 -0.039401 -1.423
0.6206 -0.032383 -1.4258
0.63126 -0.038131 -1.4288
0.648705 -0.0331485 -1.42815
0.656199 -0.0353277 -1.42655
0.664454 -0.0345881 -1.42515
0.672713 -0.0341697 -1.42195
0.688085 -0.031542 -1.42045
0.6932 -0.031616 -1.42375
0.655142 -0.023558 -1.42782
0.666523 -0.0268571 -1.42563
0.6743 -0.024364 -1.42422
0.685098 -0.0237722 -1.4228
0.69438 -0.0248916 -1.42329
0.707285 -0.020879 -1.42165
0.59994 -0.013903 -1.4204
0.658325 -0.01383 -1.42695
0.664774 -0.0156306 -1.4281
0.674059 -0.0154006 -1.42587
0.685232 -0.015286 -1.42585
0.694832 -0.0157073 -1.42354
0.705821 -0.0149813 -1.42406
0.714837 -0.0141944 -1.42416
0.724891 -0.014248 -1.42365
0.735464 -0.0142056 -1.42202
0.743226 -0.0137896 -1.42304
0.756575 -0.012415 -1.4244
0.773623 -0.0123562 -1.42198
0.782363 -0.0115181 -1.425
0.60313 -0.0037968 -1.421
0.67491 -0.00966745 -1.42935
0.685228 -0.00539067 -1.42867
0.695198 -0.00685972 -1.42732
0.703728 -0.00673342 -1.42756
0.715507 -0.00785629 -1.42851
0.723494 -0.00597911 -1.42593
0.735166 -0.00639043 -1.42601
0.743899 -0.00688169 -1.42534
0.754339 -0.00722724 -1.42594
0.764416 -0.0065816 -1.42626
0.776276 -0.00758774 -1.42849
0.784382 -0.00670794 -1.42604
0.79324 -0.00606819 -1.42621
0.697802 0.000437282 -1.42653
0.704525 0.000436005 -1.4224
0.713857 0.00138398 -1.42813
0.618015 0.0450975 -1.42345
0.62382 0.050143 -1.4258
-0.92028 0.11867 -1.4244
-0.92028 0.12009 -1.4243
-0.42361 0.249845 -1.42035
-0.30306 0.24996 -1.421
-0.29368 0.24986 -1.42045
-0.265955 0.249925 -1.4208
-0.244085 0.24995 -1.42095
-0.23366 0.2498 -1.4201
-0.21305 0.2498 -1.4201
-0.12656 0.24994 -1.4209
-0.11746 0.249797 -1.4201
-0.065254 0.24993 -1.42085
-0.0527705 0.24987 -1.4205
-0.043653 0.249985 -1.42115
-0.0345725 0.24991 -1.42075
-0.02436 0.24982 -1.4202
0.00644505 0.24989 -1.42065
0.023596 0.2499 -1.4207
0.035041 0.24988 -1.4206
0.041953 0.24993 -1.4209
0.0851278 0.249528 -1.4206
0.107695 0.24912 -1.42035
0.11822 0.24988 -1.4206
0.12991 0.24989 -1.4206
0.13235 0.24999 -1.4212
0.14633 0.2499 -1.4207
0.153415 0.24993 -1.42085
0.16436 0.249883 -1.4206
0.17577 0.248455 -1.42075
0.196125 0.24998 -1.42115
0.223495 0.248435 -1.4206
0.23443 0.2499 -1.4207
0.247925 0.2486 -1.42155
0.253773 0.24939 -1.42057
0.26373 0.24858 -1.4214
0.276895 0.24909 -1.4202
0.28582 0.24997 -1.4211
0.29547 0.24843 -1.4206
0.31322 0.248627 -1.42167
0.32797 0.24848 -1.4208
0.33168 0.24845 -1.42065
0.34835 0.24998 -1.4211
0.35808 0.24836 -1.4201
0.36458 0.249825 -1.42025
0.37371 0.2499 -1.4207
0.382675 0.249885 -1.4206
0.39954 0.2485 -1.4209
0.40743 0.24993 -1.4209
0.41496 0.24979 -1.4201
0.43345 0.24935 -1.42027
-0.755509 0.255636 -1.42537
-0.744927 0.25564 -1.42483
-0.735483 0.255506 -1.42504
-0.725955 0.255271 -1.42457
-0.715097 0.256027 -1.42617
-0.704486 0.254342 -1.424
-0.695121 0.255328 -1.42637
-0.68476 0.255654 -1.42595
-0.675735 0.255519 -1.42471
-0.664631 0.255073 -1.42418
-0.654748 0.255798 -1.42586
-0.645188 0.254392 -1.42458
-0.636123 0.254896 -1.42466
-0.624617 0.255607 -1.4256
-0.614735 0.255085 -1.42575
-0.604929 0.254565 -1.42527
-0.594855 0.254963 -1.42432
-0.58547 0.254712 -1.42498
-0.573909 0.254703 -1.42492
-0.56437 0.254988 -1.42573
-0.554509 0.25452 -1.42493
-0.545422 0.25459 -1.42498
-0.535167 0.254542 -1.42471
-0.524696 0.254325 -1.42486
-0.514401 0.255044 -1.4264
-0.505508 0.253983 -1.42503
-0.493984 0.254243 -1.4244
-0.48551 0.253773 -1.42466
-0.47588 0.253638 -1.42438
-0.464464 0.253897 -1.42383
-0.455341 0.254325 -1.4257
-0.444548 0.253466 -1.42418
-0.435097 0.253667 -1.42413
-0.424919 0.253973 -1.42427
-0.415014 0.253563 -1.42404
-0.405805 0.253855 -1.42488
-0.393834 0.254047 -1.42595
-0.385846 0.253972 -1.42626
-0.374506 0.25331 -1.42406
-0.36559 0.253788 -1.426
-0.355927 0.253734 -1.42495
-0.345369 0.252681 -1.42337
-0.335717 0.254047 -1.42539
-0.324971 0.253058 -1.4244
-0.314244 0.25304 -1.42406
-0.304868 0.253518 -1.42448
-0.295261 0.253763 -1.42518
-0.284729 0.254172 -1.4261
-0.274935 0.253339 -1.42515
-0.265345 0.252804 -1.42461
-0.254618 0.253533 -1.42666
-0.244874 0.254018 -1.42731
-0.234461 0.253471 -1.42548
-0.225135 0.253694 -1.4261
-0.215777 0.253656 -1.42691
-0.124392 0.252724 -1.42554
-0.114652 0.25247 -1.4254
-0.105203 0.25249 -1.42491
-0.0951907 0.252548 -1.42473
-0.0845066 0.252933 -1.42537
-0.0753804 0.253044 -1.42599
-0.06456 0.252937 -1.42539
-0.055438 0.252956 -1.42548
-0.045275 0.252702 -1.42574
-0.0346573 0.253385 -1.42652
-0.0255502 0.252762 -1.42578
-0.0149851 0.252697 -1.42404
-0.0052695 0.252338 -1.42408
0.00516488 0.252619 -1.42497
0.0147691 0.251985 -1.42418
0.0249638 0.253232 -1.42589
0.0354838 0.252187 -1.42463
0.0452422 0.252776 -1.4253
0.0557296 0.252924 -1.4259
0.0647055 0.253017 -1.42583
0.0751034 0.252233 -1.42498
0.0854171 0.253533 -1.42625
0.0946387 0.252284 -1.42585
0.10454 0.252227 -1.42553
0.11424 0.252838 -1.42551
0.124805 0.252729 -1.42628
0.135378 0.252638 -1.42574
0.144761 0.252262 -1.42574
0.155354 0.252722 -1.42605
0.16507 0.25356 -1.42749
0.175326 0.252236 -1.42558
0.184949 0.251562 -1.42428
0.194759 0.252876 -1.42681
0.204644 0.251907 -1.42559
0.215622 0.252591 -1.42666
0.224376 0.251945 -1.42561
0.234689 0.251761 -1.42501
0.244867 0.252225 -1.42554
0.253503 0.252334 -1.42616
0.265916 0.252269 -1.42577
0.274295 0.25165 -1.42505
0.285236 0.252079 -1.42469
0.29514 0.25187 -1.42536
0.304755 0.252306 -1.42599
0.31552 0.251949 -1.42581
0.324153 0.252077 -1.42635
0.335462 0.251982 -1.42567
0.345027 0.252433 -1.42594
0.354993 0.252019 -1.42619
0.365548 0.252058 -1.4263
0.37492 0.251293 -1.42384
0.384616 0.253099 -1.4269
0.394539 0.251734 -1.42553
0.404955 0.252768 -1.42602
0.414619 0.252436 -1.42464
0.425589 0.252874 -1.42584
0.433871 0.253007 -1.42636
-0.21696 0.4069 -1.4289
-0.12742 0.40755 -1.4235
0.407862 -0.522868 -1.4193
0.414889 -0.522012 -1.41916
0.42538 -0.52263 -1.41937
0.43299 -0.521315 -1.4194
0.405787 -0.514941 -1.41569
0.415414 -0.514969 -1.41565
0.425818 -0.514718 -1.41622
0.435184 -0.514228 -1.41591
-0.87817 -0.50515 -1.4129
-0.70192 -0.506 -1.4195
-0.69787 -0.50428 -1.4105
0.404068 -0.505627 -1.41378
0.415513 -0.508257 -1.41095
0.424503 -0.506718 -1.41193
0.435165 -0.506549 -1.41267
0.44129 -0.503978 -1.4128
0.401753 -0.496356 -1.41573
0.444935 -0.496945 -1.41408
-0.89878 -0.48878 -1.4157
-0.8799 -0.48294 -1.4123
-0.7102 -0.48394 -1.4198
0.399865 -0.485565 -1.4153
0.40193 -0.485032 -1.41526
-0.8836 -0.473 -1.4109
0.401593 -0.474502 -1.41527
-0.8784 -0.46798 -1.4146
-0.86276 -0.4697 -1.4198
-0.79092 -0.46014 -1.4195
-0.70361 -0.46232 -1.4117
0.401884 -0.465725 -1.4153
-0.855 -0.45162 -1.417
0.40169 -0.454574 -1.41511
-0.8687 -0.4479 -1.4148
0.401475 -0.446698 -1.41367
-0.70554 -0.43627 -1.4179
0.403127 -0.433557 -1.41247
0.46641 -0.4312 -1.4116
-0.87037 -0.42145 -1.4147
-0.84065 -0.42624 -1.4152
-0.83783 -0.41638 -1.4186
-0.728 -0.41709 -1.4105
-0.845425 -0.396385 -1.4158
-0.83433 -0.39473 -1.4126
-0.845275 -0.387775 -1.4123
-0.8291 -0.3824 -1.4119
0.41683 -0.38631 -1.4151
-0.84356 -0.36372 -1.4155
-0.84208 -0.35675 -1.4146
-0.74013 -0.35364 -1.4171
0.48988 -0.35773 -1.4158
-0.853245 -0.342155 -1.4164
-0.74517 -0.3448 -1.4179
0.42578 -0.34683 -1.414
0.43609 -0.31407 -1.414
0.44936 -0.26461 -1.4174
-0.77796 -0.25038 -1.4115
-0.87197 -0.23824 -1.417
0.52926 -0.23266 -1.4187
0.79213 -0.096252 -1.4182
0.73686 -0.080643 -1.419
0.74242 -0.0824795 -1.41525
0.75632 -0.087333 -1.4141
0.705155 -0.070578 -1.4167
0.715177 -0.074182 -1.4151
0.722295 -0.0765695 -1.41135
0.73416 -0.077249 -1.4102
0.67808 -0.060608 -1.4156
0.687199 -0.0618839 -1.41623
0.693226 -0.063883 -1.41396
0.703605 -0.0685128 -1.41185
0.71818 -0.067324 -1.4103
0.678205 -0.053244 -1.4178
0.683466 -0.0548478 -1.41488
0.694653 -0.0568727 -1.41216
0.70112 -0.053979 -1.41345
0.65771 -0.0426775 -1.4151
0.668865 -0.041384 -1.41867
0.675821 -0.0461105 -1.41659
0.683435 -0.0444482 -1.41362
0.695324 -0.0422116 -1.41348
0.701683 -0.046169 -1.41297
0.72148 -0.04048 -1.4116
0.666122 -0.0372505 -1.41549
0.675254 -0.0345363 -1.41542
0.684954 -0.0361155 -1.41494
0.694456 -0.0341478 -1.41512
0.704137 -0.032999 -1.41395
0.712675 -0.03137 -1.4127
0.726435 -0.030644 -1.4122
0.7314 -0.030652 -1.4126
0.667853 -0.0288037 -1.41817
0.676203 -0.0276678 -1.4186
0.684607 -0.0262377 -1.41778
0.695132 -0.0250302 -1.41479
0.705901 -0.0258553 -1.41401
0.714648 -0.0242653 -1.41364
0.725061 -0.0244711 -1.41204
0.735463 -0.0240116 -1.41319
0.744598 -0.0239492 -1.41226
0.75742 -0.022956 -1.4111
0.68239 -0.016645 -1.4189
0.695668 -0.0178327 -1.41717
0.70523 -0.0150211 -1.41671
0.714118 -0.0163095 -1.41657
0.725556 -0.0156626 -1.4176
0.734784 -0.0163742 -1.41801
0.744746 -0.0160792 -1.41507
0.75437 -0.0148723 -1.4148
0.763919 -0.0145289 -1.4147
0.775136 -0.0155158 -1.41472
0.785554 -0.0143966 -1.41635
0.59515 -0.0066452 -1.4116
0.7159 -0.0095915 -1.4181
0.724735 -0.00958525 -1.4172
0.75493 -0.00958475 -1.4171
0.78762 -0.009602 -1.4197
0.60565 0.020096 -1.4149
0.64563 0.062476 -1.4116
-0.8863 0.14062 -1.413
-0.8498 0.17297 -1.4197
-0.8256 0.18914 -1.4119
-0.8179 0.19799 -1.4128
-0.78849 0.22632 -1.4191
-0.77343 0.237127 -1.4143
-0.76075 0.24764 -1.41195
-0.753857 0.247823 -1.41092
-0.74511 0.24816 -1.4108
-0.733822 0.24831 -1.41163
-0.723486 0.247172 -1.41184
-0.71473 0.247992 -1.41257
-0.705948 0.247747 -1.41255
-0.695363 0.247725 -1.41243
-0.684792 0.247686 -1.41136
-0.674897 0.247707 -1.4123
-0.666086 0.247827 -1.41241
-0.653553 0.247827 -1.41165
-0.643747 0.248177 -1.41362
-0.634959 0.2482 -1.41453
-0.625583 0.247867 -1.41379
-0.615625 0.247959 -1.41374
-0.605101 0.247783 -1.41216
-0.59433 0.247575 -1.41263
-0.585941 0.247875 -1.41432
-0.575161 0.247831 -1.413
-0.565382 0.247127 -1.41321
-0.555022 0.247965 -1.41378
-0.545296 0.247585 -1.41506
-0.534797 0.247964 -1.41377
-0.5248 0.247749 -1.41393
-0.514772 0.247971 -1.4138
-0.505458 0.248738 -1.41572
-0.495299 0.247948 -1.41507
-0.48512 0.248006 -1.414
-0.475148 0.247595 -1.41434
-0.46462 0.247416 -1.41408
-0.454649 0.248062 -1.41434
-0.444471 0.247778 -1.41411
-0.434284 0.247464 -1.41373
-0.424666 0.247328 -1.41431
-0.4147 0.247751 -1.41489
-0.404979 0.247129 -1.41321
-0.394787 0.247565 -1.41494
-0.3856 0.247676 -1.41468
-0.374628 0.247872 -1.41533
-0.364595 0.247351 -1.41445
-0.354827 0.247211 -1.41433
-0.345377 0.247695 -1.41568
-0.334743 0.248287 -1.41675
-0.324495 0.247259 -1.41462
-0.314973 0.247414 -1.41408
-0.304812 0.247624 -1.41532
-0.295053 0.246855 -1.41471
-0.28469 0.246937 -1.41352
-0.2751 0.247893 -1.4162
-0.264677 0.246963 -1.41433
-0.255232 0.246477 -1.41379
-0.245625 0.247407 -1.41555
-0.235469 0.246936 -1.4142
-0.224448 0.246937 -1.41423
-0.215662 0.247004 -1.41445
-0.20991 0.24526 -1.411
-0.123718 0.247002 -1.4158
-0.114595 0.246223 -1.41522
-0.105022 0.245865 -1.41321
-0.0944362 0.246208 -1.41317
-0.0844269 0.247295 -1.41489
-0.0749092 0.246757 -1.41452
-0.0653778 0.247405 -1.41608
-0.0552785 0.246484 -1.41369
-0.0450487 0.247094 -1.4151
-0.0353114 0.246746 -1.41524
-0.0248645 0.246831 -1.41476
-0.0145927 0.247032 -1.41536
-0.00433895 0.246286 -1.41406
0.00468651 0.247321 -1.41584
0.0151248 0.246347 -1.41438
0.0254261 0.246939 -1.41422
0.0349588 0.246987 -1.41518
0.0454217 0.246623 -1.41458
0.0550511 0.247493 -1.4153
0.0650712 0.247384 -1.41541
0.0753485 0.246121 -1.41438
0.0853194 0.246286 -1.41539
0.0946288 0.246928 -1.41712
0.105023 0.245662 -1.41467
0.115655 0.246629 -1.41577
0.124684 0.247599 -1.41658
0.134943 0.246966 -1.4165
0.145038 0.245971 -1.41438
0.155202 0.24603 -1.41479
0.165153 0.246424 -1.41529
0.175589 0.24588 -1.41458
0.184695 0.246614 -1.41616
0.194845 0.246295 -1.41433
0.204963 0.246255 -1.41542
0.215162 0.24702 -1.41566
0.225729 0.24552 -1.41468
0.235631 0.245597 -1.41406
0.244474 0.245704 -1.41501
0.255378 0.245773 -1.41475
0.264682 0.24546 -1.4143
0.275124 0.246415 -1.41549
0.28478 0.246143 -1.41464
0.294806 0.245171 -1.41407
0.303959 0.246329 -1.41543
0.316124 0.245605 -1.41475
0.324571 0.245794 -1.41503
0.3364 0.246043 -1.41552
0.346099 0.245487 -1.41471
0.35545 0.245978 -1.41514
0.365232 0.246116 -1.41465
0.375257 0.245947 -1.41498
0.384259 0.246595 -1.41558
0.392983 0.246333 -1.41467
0.405318 0.245761 -1.41511
0.415062 0.246154 -1.41507
0.424311 0.245872 -1.41452
0.434694 0.246389 -1.41369
-0.752313 0.251233 -1.41717
-0.744488 0.250495 -1.4158
-0.733725 0.251322 -1.41768
-0.72486 0.251373 -1.41867
-0.714157 0.251487 -1.41858
-0.704715 0.251475 -1.41715
-0.69546 0.250383 -1.41517
-0.685136 0.250618 -1.4165
-0.67378 0.251323 -1.4184
-0.664842 0.251034 -1.41718
-0.655947 0.25085 -1.4178
-0.64771 0.250767 -1.41733
-0.6327 0.251647 -1.41953
-0.627027 0.251007 -1.4187
-0.61584 0.25073 -1.41714
-0.60794 0.25072 -1.417
-0.595263 0.251233 -1.41788
-0.585148 0.251038 -1.4172
-0.576152 0.25101 -1.41873
-0.56597 0.251055 -1.41895
-0.555895 0.251125 -1.41935
-0.545585 0.251063 -1.419
-0.535152 0.250897 -1.41807
-0.52572 0.25102 -1.41877
-0.515373 0.251072 -1.41905
-0.5069 0.25122 -1.4199
-0.496737 0.251107 -1.41923
-0.47197 0.25106 -1.419
-0.466025 0.251175 -1.41963
-0.453745 0.25114 -1.41945
-0.44995 0.25105 -1.4189
-0.435233 0.250953 -1.4184
-0.41369 0.25106 -1.419
-0.40166 0.25102 -1.4188
-0.398255 0.25116 -1.41955
-0.38037 0.25115 -1.4195
-0.35913 0.25121 -1.4198
-0.343815 0.2512 -1.4198
-0.33324 0.25119 -1.4197
-0.28658 0.25111 -1.4193
-0.22448 0.2512 -1.4198
-0.21078 0.251965 -1.4199
0.4361 0.25123 -1.42
-0.211475 0.31867 -1.41465
0.3444 0.33018 -1.4158
-0.12919 0.34457 -1.4164
-0.12927 0.35023 -1.4181
-0.92152 -0.51998 -1.4049
-0.90351 -0.51321 -1.4041
-0.87418 -0.51421 -1.4022
-0.89878 -0.50565 -1.4098
0.407916 -0.503946 -1.40883
0.414722 -0.503744 -1.40846
0.425341 -0.50153 -1.40823
0.431765 -0.501925 -1.4081
0.44131 -0.50058 -1.4086
-0.89993 -0.49568 -1.404
-0.76812 -0.49132 -1.4046
0.404961 -0.495053 -1.40512
0.415529 -0.4949 -1.40406
0.425111 -0.494695 -1.40409
0.434522 -0.495291 -1.40498
0.442555 -0.49235 -1.4075
-0.90227 -0.4813 -1.4075
-0.89993 -0.48176 -1.4088
-0.878985 -0.486225 -1.4037
-0.76868 -0.48541 -1.4016
0.40305 -0.485481 -1.40476
0.425773 -0.487885 -1.40045
0.435673 -0.487255 -1.40097
0.44193 -0.48258 -1.4021
-0.894 -0.47039 -1.4078
-0.8682 -0.47849 -1.4038
0.402214 -0.474847 -1.40448
0.44585 -0.47294 -1.4014
-0.85574 -0.46967 -1.401
-0.70224 -0.46086 -1.4024
-0.69991 -0.46119 -1.4034
0.401746 -0.464097 -1.40505
-0.71047 -0.45442 -1.40405
-0.702725 -0.457905 -1.4078
0.402097 -0.455238 -1.4052
-0.69635 -0.445305 -1.40675
0.39967 -0.446 -1.4088
0.401667 -0.444864 -1.4046
0.401438 -0.435463 -1.40499
0.402097 -0.42652 -1.40498
-0.84749 -0.41927 -1.4073
0.40242 -0.41929 -1.4025
-0.847 -0.40769 -1.4098
0.47294 -0.40019 -1.4099
-0.81834 -0.38856 -1.4068
0.4143 -0.38179 -1.4096
-0.83585 -0.37293 -1.4046
-0.8424 -0.36188 -1.4084
-0.83241 -0.34898 -1.4044
-0.74221 -0.34207 -1.4006
-0.73994 -0.344435 -1.40115
-0.84178 -0.31022 -1.4033
0.42817 -0.31406 -1.4007
-0.84228 -0.30618 -1.4051
0.50194 -0.30202 -1.4063
0.43798 -0.294 -1.4098
0.45212 -0.23161 -1.4044
-0.80466 -0.16724 -1.4035
-0.81352 -0.13879 -1.4016
0.5512 -0.13607 -1.4023
-0.90627 -0.12448 -1.4019
0.48104 -0.12476 -1.405
0.48714 -0.10815 -1.408
-0.82163 -0.09668 -1.4039
0.76966 -0.091307 -1.4097
0.7763 -0.092435 -1.405
0.78307 -0.09425 -1.41
-0.92551 -0.080988 -1.4009
0.73336 -0.081021 -1.40155
0.745217 -0.0842063 -1.4037
0.76464 -0.088338 -1.4072
0.706722 -0.0714232 -1.40558
0.715127 -0.0725097 -1.4045
0.724905 -0.0764027 -1.40345
0.733905 -0.077689 -1.40495
0.694969 -0.0628268 -1.4048
0.705422 -0.0657661 -1.40503
0.713791 -0.0658546 -1.40354
0.642363 -0.0582503 -1.40793
0.686363 -0.0543532 -1.40634
0.696456 -0.0546679 -1.40474
0.703341 -0.0550719 -1.40409
0.71644 -0.056135 -1.40163
-0.17887 -0.041732 -1.4068
0.686373 -0.0455949 -1.40671
0.694941 -0.0443006 -1.40567
0.704837 -0.043877 -1.40386
0.715009 -0.0437169 -1.40286
0.721666 -0.0426778 -1.40116
0.73171 -0.0416215 -1.4031
0.75756 -0.043038 -1.4037
-0.172 -0.034641 -1.4034
0.68486 -0.033376 -1.4077
0.695083 -0.0373817 -1.40517
0.706185 -0.0354701 -1.40583
0.715134 -0.0343124 -1.40542
0.724735 -0.0349352 -1.40446
0.734737 -0.0322819 -1.40421
0.745108 -0.0329841 -1.40271
0.752526 -0.0355068 -1.40296
0.774282 -0.0325515 -1.40243
0.697245 -0.0256138 -1.4093
0.70972 -0.0256785 -1.4082
0.716994 -0.0266369 -1.40739
0.724733 -0.0246595 -1.40689
0.733783 -0.026237 -1.40665
0.743698 -0.0252248 -1.4055
0.755094 -0.0237832 -1.40591
0.764192 -0.0238604 -1.40441
0.774436 -0.0236882 -1.4036
0.781313 -0.0217193 -1.40727
0.74522 -0.019275 -1.4097
0.756284 -0.0164742 -1.40616
0.763054 -0.0178998 -1.40546
0.7737 -0.018827 -1.40733
0.781895 -0.019265 -1.40895
0.59304 0.0018248 -1.4025
0.60275 0.013114 -1.4097
-0.83326 0.17708 -1.40095
-0.76611 0.23891 -1.4072
-0.69601 0.239213 -1.40043
-0.48542 0.23915 -1.4001
-0.44195 0.23915 -1.4001
-0.42085 0.23938 -1.4014
-0.41837 0.23932 -1.401
-0.40179 0.23931 -1.401
-0.39598 0.239365 -1.40135
-0.383313 0.239563 -1.4025
-0.37856 0.23951 -1.4022
-0.35032 0.2393 -1.4009
-0.34576 0.23936 -1.40135
-0.335177 0.23956 -1.40247
-0.326503 0.23937 -1.40133
-0.31345 0.239353 -1.40127
-0.30499 0.239307 -1.401
-0.29527 0.239523 -1.40223
-0.28488 0.239403 -1.40153
-0.277965 0.23932 -1.40105
-0.26552 0.239398 -1.40152
-0.255494 0.239062 -1.40126
-0.242803 0.239337 -1.40117
-0.23618 0.239577 -1.40257
-0.221975 0.239075 -1.40173
-0.214665 0.239108 -1.40193
-0.20899 0.23867 -1.4015
-0.12278 0.23982 -1.40395
-0.114076 0.238914 -1.40188
-0.10642 0.238772 -1.40126
-0.0948032 0.23944 -1.40176
-0.0847502 0.23947 -1.40195
-0.0742448 0.239194 -1.40202
-0.0641414 0.238957 -1.40257
-0.0555353 0.239047 -1.40187
-0.0433755 0.239153 -1.40218
-0.0355549 0.238741 -1.40191
-0.0262385 0.239153 -1.40325
-0.0153615 0.239507 -1.40215
-0.00555577 0.239161 -1.40256
0.00461154 0.239192 -1.40198
0.0149742 0.239494 -1.4021
0.0252437 0.239725 -1.40342
0.0352766 0.239504 -1.40216
0.044889 0.238793 -1.4016
0.055974 0.23898 -1.40188
0.0646854 0.238946 -1.40206
0.0760387 0.239108 -1.40193
0.0852256 0.238534 -1.40259
0.0946715 0.238542 -1.40215
0.104855 0.23977 -1.4037
0.115056 0.239638 -1.4029
0.125094 0.238891 -1.40217
0.13567 0.239062 -1.40238
0.145144 0.239452 -1.40352
0.155417 0.238883 -1.40275
0.16403 0.239985 -1.40495
0.17455 0.238689 -1.4021
0.184207 0.238711 -1.40226
0.19549 0.239553 -1.40243
0.204487 0.238383 -1.40176
0.215018 0.238038 -1.40214
0.224857 0.2397 -1.4033
0.236052 0.23926 -1.40242
0.244911 0.238844 -1.40251
0.254602 0.238902 -1.40285
0.26309 0.23823 -1.40144
0.273133 0.238687 -1.403
0.284001 0.238724 -1.40239
0.294155 0.23866 -1.4014
0.303923 0.239327 -1.40393
0.315242 0.238783 -1.40213
0.324436 0.23923 -1.40224
0.336938 0.238162 -1.40118
0.34475 0.23943 -1.40338
0.35679 0.238843 -1.4011
0.364097 0.239117 -1.4027
0.375053 0.23825 -1.40214
0.3842 0.239452 -1.40325
0.39567 0.239125 -1.40205
0.405036 0.23897 -1.40219
0.415572 0.239012 -1.4035
0.425962 0.23893 -1.4022
0.434206 0.23861 -1.40176
0.44083 0.23796 -1.4016
-0.754982 0.243722 -1.40496
-0.745433 0.243975 -1.40543
-0.735055 0.243857 -1.40462
-0.72619 0.244253 -1.40524
-0.715437 0.244044 -1.40594
-0.70552 0.243643 -1.40445
-0.694939 0.242426 -1.40228
-0.684995 0.244187 -1.40587
-0.675913 0.243848 -1.40576
-0.665537 0.243291 -1.40539
-0.655595 0.243664 -1.40568
-0.645078 0.243914 -1.40521
-0.635966 0.24284 -1.40388
-0.625289 0.242906 -1.40514
-0.61495 0.242657 -1.40512
-0.60558 0.243298 -1.4063
-0.59539 0.243697 -1.40593
-0.584588 0.242677 -1.40541
-0.574846 0.243126 -1.40441
-0.564974 0.24176 -1.40355
-0.554953 0.242554 -1.40465
-0.546581 0.242722 -1.40492
-0.534848 0.242871 -1.40483
-0.525651 0.242649 -1.40446
-0.51541 0.242755 -1.40503
-0.504925 0.24344 -1.40471
-0.495099 0.243123 -1.40551
-0.485075 0.242771 -1.40513
-0.47499 0.242426 -1.40472
-0.465141 0.242102 -1.40414
-0.455205 0.242877 -1.40488
-0.445 0.24269 -1.40469
-0.435167 0.242273 -1.40509
-0.424813 0.24235 -1.40441
-0.415065 0.242561 -1.40549
-0.404559 0.241847 -1.40449
-0.394578 0.242446 -1.40496
-0.384403 0.242597 -1.40582
-0.375205 0.242625 -1.40585
-0.364267 0.241961 -1.40473
-0.354728 0.242034 -1.40513
-0.345061 0.2423 -1.40526
-0.335223 0.242758 -1.40637
-0.324575 0.24205 -1.40523
-0.31491 0.2425 -1.4064
-0.305271 0.242151 -1.40414
-0.295678 0.242071 -1.40638
-0.284485 0.242225 -1.40625
-0.274584 0.242789 -1.40809
-0.264951 0.242086 -1.40545
-0.254135 0.241893 -1.40702
-0.244619 0.242293 -1.40665
-0.23559 0.242381 -1.40714
-0.225769 0.242112 -1.40603
-0.214703 0.242274 -1.40714
-0.20947 0.24226 -1.40645
-0.124287 0.242647 -1.40686
-0.115954 0.242027 -1.40681
-0.10488 0.24131 -1.40495
-0.0947969 0.242051 -1.40626
-0.0849775 0.242546 -1.40702
-0.0755647 0.24202 -1.40679
-0.0644866 0.242427 -1.40744
-0.055547 0.242171 -1.40594
-0.0454058 0.242338 -1.40691
-0.0350909 0.242379 -1.40773
-0.024867 0.24241 -1.40776
-0.015805 0.241678 -1.40546
-0.00517592 0.242155 -1.40685
0.00527507 0.242361 -1.40703
0.0148406 0.242121 -1.40666
0.0251123 0.242637 -1.4082
0.0347983 0.242543 -1.40809
0.0445394 0.242071 -1.40636
0.0551434 0.242375 -1.40713
0.0644092 0.24259 -1.40838
0.0743322 0.24233 -1.4079
0.0847042 0.24159 -1.40653
0.0953841 0.241783 -1.4076
0.105402 0.24164 -1.40688
0.114038 0.242297 -1.408
0.125101 0.242422 -1.4074
0.135422 0.242335 -1.40689
0.144468 0.241926 -1.40694
0.154551 0.241333 -1.4073
0.166513 0.24149 -1.40706
0.174562 0.242358 -1.40837
0.185247 0.242484 -1.40834
0.195189 0.241537 -1.40624
0.206272 0.241856 -1.40652
0.214774 0.241548 -1.40711
0.224148 0.241534 -1.40782
0.23335 0.24187 -1.40825
0.246197 0.24165 -1.40692
0.255962 0.241728 -1.4074
0.266725 0.241015 -1.40712
0.274845 0.242006 -1.40731
0.28568 0.24139 -1.40696
0.294787 0.241033 -1.40722
0.306143 0.241853 -1.408
0.313728 0.241282 -1.40735
0.325414 0.24208 -1.40784
0.33405 0.241609 -1.40776
0.342685 0.242085 -1.40945
0.354637 0.241511 -1.4072
0.36496 0.241254 -1.4062
0.373807 0.241225 -1.40703
0.38527 0.242287 -1.40793
0.39478 0.242323 -1.40739
0.40349 0.24193 -1.4086
0.416555 0.241965 -1.40875
0.424338 0.241848 -1.40804
0.434958 0.242211 -1.40813
-0.21052 0.31903 -1.4033
-0.21034 0.321475 -1.4007
-0.12897 0.3437 -1.4073
-0.12885 0.35097 -1.4004
-0.91763 -0.52021 -1.3924
-0.75093 -0.52102 -1.3945
-0.74815 -0.525805 -1.393
-0.6834 -0.52302 -1.3958
-0.883065 -0.494525 -1.39395
-0.85562 -0.494385 -1.398
-0.76589 -0.49122 -1.3999
-0.692095 -0.49368 -1.3937
-0.89043 -0.48669 -1.3958
-0.874965 -0.48541 -1.3967
-0.85771 -0.48762 -1.3985
0.406235 -0.484621 -1.39761
0.414884 -0.484004 -1.39652
0.424551 -0.483149 -1.39656
0.433844 -0.482834 -1.39708
0.44081 -0.481645 -1.39945
0.404657 -0.475342 -1.39414
0.415478 -0.476028 -1.39356
0.425021 -0.476 -1.39357
0.434131 -0.475382 -1.39331
0.442798 -0.474358 -1.39722
-0.88453 -0.46005 -1.4
0.402668 -0.465568 -1.39539
0.42254 -0.46938 -1.3908
0.44478 -0.46719 -1.3936
-0.88685 -0.45962 -1.3987
-0.84552 -0.45889 -1.3913
-0.7818 -0.45002 -1.3981
-0.69579 -0.45988 -1.3943
0.402358 -0.454729 -1.39495
-0.84469 -0.44867 -1.3987
-0.69225 -0.4426 -1.3981
0.402323 -0.444405 -1.39448
-0.86925 -0.43721 -1.3912
-0.83322 -0.43346 -1.3934
0.39968 -0.431545 -1.39485
0.401551 -0.434457 -1.39478
-0.83371 -0.42658 -1.3965
-0.785735 -0.428475 -1.39505
0.39995 -0.42716 -1.3933
0.40112 -0.423643 -1.39443
-0.71585 -0.4101 -1.392
0.39977 -0.4173 -1.39585
0.401261 -0.414207 -1.39363
0.45975 -0.41509 -1.3933
0.402675 -0.407132 -1.396
-0.84171 -0.39238 -1.3934
-0.817855 -0.395975 -1.3926
-0.80067 -0.39989 -1.3983
0.40282 -0.3959 -1.3925
0.46731 -0.39342 -1.3917
-0.81293 -0.38869 -1.391
0.46839 -0.38263 -1.3908
-0.83647 -0.37883 -1.3931
-0.82898 -0.37814 -1.3905
-0.834463 -0.364937 -1.3968
-0.81553 -0.36909 -1.3901
0.40861 -0.36928 -1.3908
-0.82701 -0.35215 -1.3937
-0.83879 -0.34113 -1.3908
-0.82358 -0.341 -1.3902
-0.74447 -0.34181 -1.3995
-0.736523 -0.344397 -1.396
-0.83929 -0.31348 -1.3981
0.49873 -0.2938 -1.395
-0.84273 -0.27139 -1.3919
0.51127 -0.25023 -1.3952
-0.77609 -0.21701 -1.3917
-0.87463 -0.19572 -1.3923
-0.88283 -0.17587 -1.3934
-0.89162 -0.13923 -1.392
-0.81765 -0.10171 -1.3966
0.762805 -0.0902005 -1.3926
0.773345 -0.0924245 -1.3937
0.737485 -0.08083 -1.3982
0.745353 -0.0829762 -1.39482
0.75496 -0.084395 -1.39374
0.714722 -0.072139 -1.39745
0.725355 -0.0735897 -1.39412
0.733292 -0.0769636 -1.39448
0.743086 -0.0787564 -1.39578
0.695013 -0.0635327 -1.3968
0.704948 -0.0646734 -1.39848
0.715683 -0.0650926 -1.3948
0.724714 -0.0638213 -1.39322
0.733297 -0.0655163 -1.39234
0.75009 -0.063785 -1.3918
0.68611 -0.051449 -1.3993
0.69861 -0.059913 -1.3994
0.705759 -0.0552714 -1.39769
0.715094 -0.0553943 -1.39675
0.724399 -0.0556292 -1.39347
0.734887 -0.0536481 -1.39559
0.74213 -0.0519832 -1.39467
0.57493 -0.042749 -1.3946
0.68422 -0.049937 -1.39875
0.695212 -0.0470088 -1.39615
0.706327 -0.0470027 -1.39572
0.716105 -0.0473106 -1.39462
0.725484 -0.0438211 -1.39558
0.735438 -0.0453679 -1.39542
0.744026 -0.0453142 -1.39506
0.753472 -0.0437909 -1.39504
0.765564 -0.0408206 -1.39472
0.77135 -0.0483005 -1.393
-0.93816 -0.033148 -1.3981
-0.18001 -0.039882 -1.3907
-0.16934 -0.030284 -1.3957
0.50223 -0.031754 -1.3981
0.706807 -0.037322 -1.3985
0.714007 -0.0368145 -1.39688
0.725182 -0.036428 -1.39666
0.734002 -0.036908 -1.39535
0.743714 -0.0360189 -1.39516
0.7549 -0.03361 -1.39594
0.764355 -0.035407 -1.39442
0.77349 -0.0351217 -1.39417
0.744553 -0.0266734 -1.39833
0.755149 -0.0271024 -1.39579
0.765489 -0.0262165 -1.39449
0.774725 -0.026744 -1.39615
-0.90308 0.11463 -1.3929
-0.86449 0.14679 -1.3916
-0.83195 0.17413 -1.3939
-0.76641 0.23293 -1.3977
-0.754475 0.237217 -1.39303
-0.744722 0.238036 -1.39522
-0.733927 0.236835 -1.39334
-0.725308 0.237728 -1.39595
-0.715297 0.236879 -1.39361
-0.70441 0.237634 -1.39476
-0.695962 0.23661 -1.39372
-0.685983 0.237447 -1.39491
-0.674969 0.237067 -1.39338
-0.664631 0.237365 -1.39383
-0.655285 0.237025 -1.39544
-0.644669 0.237028 -1.3943
-0.635307 0.236893 -1.39466
-0.62463 0.237277 -1.39393
-0.615366 0.237609 -1.39526
-0.604703 0.236925 -1.39389
-0.594788 0.237186 -1.3954
-0.585257 0.236961 -1.39389
-0.575168 0.237146 -1.39532
-0.565693 0.237503 -1.39575
-0.555467 0.237114 -1.39382
-0.544578 0.237064 -1.39485
-0.53491 0.237605 -1.39638
-0.524335 0.237101 -1.39505
-0.514932 0.237089 -1.39581
-0.505605 0.237005 -1.39529
-0.494736 0.237134 -1.39606
-0.484658 0.236854 -1.39523
-0.474437 0.236787 -1.39483
-0.464922 0.23686 -1.39525
-0.455095 0.237109 -1.3951
-0.444915 0.236606 -1.39524
-0.434658 0.236613 -1.39511
-0.425095 0.236847 -1.39519
-0.415275 0.236157 -1.39427
-0.405568 0.236373 -1.39373
-0.395352 0.235079 -1.39282
-0.386118 0.236366 -1.39548
-0.374589 0.236859 -1.39598
-0.364454 0.236052 -1.39509
-0.355227 0.23668 -1.39553
-0.344829 0.235891 -1.39449
-0.334792 0.236241 -1.39507
-0.323955 0.235772 -1.3942
-0.315653 0.235879 -1.39452
-0.304832 0.236 -1.39493
-0.29542 0.236056 -1.39485
-0.285527 0.236202 -1.39523
-0.274828 0.236335 -1.39455
-0.265012 0.236044 -1.39427
-0.254992 0.234832 -1.39333
-0.245325 0.236061 -1.39549
-0.234531 0.23561 -1.39534
-0.225691 0.235508 -1.39476
-0.214718 0.235232 -1.39435
-0.207225 0.23669 -1.39435
-0.123702 0.235872 -1.39521
-0.115558 0.235389 -1.39533
-0.104363 0.235421 -1.39461
-0.094498 0.235731 -1.39665
-0.0850058 0.235242 -1.39507
-0.0748221 0.235316 -1.39536
-0.0659392 0.2351 -1.39487
-0.0540523 0.234804 -1.39427
-0.045448 0.235052 -1.39507
-0.0351262 0.23441 -1.39342
-0.0243785 0.234902 -1.39415
-0.015051 0.235266 -1.39516
-0.00476638 0.235292 -1.39549
0.0051665 0.235088 -1.39483
0.0151834 0.235866 -1.39571
0.0246878 0.235016 -1.39488
0.0347611 0.235094 -1.39508
0.0453859 0.23448 -1.39425
0.0539738 0.235238 -1.39511
0.0652323 0.23485 -1.39502
0.0744474 0.235426 -1.39551
0.0843112 0.234998 -1.39489
0.0955581 0.234409 -1.39433
0.105469 0.236072 -1.39691
0.115251 0.235263 -1.39518
0.125383 0.234763 -1.39424
0.134015 0.235075 -1.39496
0.144657 0.235413 -1.3954
0.154761 0.234655 -1.39413
0.164952 0.235455 -1.39695
0.175835 0.234049 -1.39446
0.185617 0.233945 -1.39318
0.194851 0.23565 -1.3968
0.204785 0.235592 -1.39644
0.215537 0.234872 -1.39611
0.225401 0.235708 -1.39594
0.234811 0.234585 -1.39508
0.244942 0.234152 -1.39516
0.255439 0.234037 -1.39436
0.264511 0.234405 -1.39491
0.275288 0.233932 -1.39396
0.284289 0.233925 -1.39362
0.295604 0.234981 -1.39593
0.304619 0.234579 -1.39474
0.315798 0.234152 -1.39439
0.324855 0.234623 -1.39529
0.333928 0.234357 -1.39525
0.345634 0.23496 -1.39514
0.354255 0.234696 -1.39432
0.365018 0.23452 -1.39523
0.375875 0.233638 -1.39426
0.385168 0.235388 -1.39605
0.394206 0.235387 -1.39613
0.404145 0.235199 -1.39636
0.415769 0.234736 -1.39527
0.424653 0.234843 -1.39638
0.435648 0.234074 -1.39375
0.44006 0.23616 -1.4
-0.7427 0.24041 -1.3997
-0.73674 0.24029 -1.399
-0.725303 0.24018 -1.3984
-0.71553 0.240135 -1.39815
-0.703553 0.241157 -1.39873
-0.69601 0.24183 -1.4
-0.685885 0.240263 -1.39885
-0.67459 0.240237 -1.39873
-0.66289 0.240197 -1.3985
-0.6529 0.24045 -1.3999
-0.644753 0.240363 -1.39947
-0.63283 0.24033 -1.3993
-0.6289 0.24034 -1.3993
-0.60061 0.24045 -1.3999
-0.593577 0.24037 -1.3995
-0.57343 0.24031 -1.39915
-0.56991 0.24044 -1.3999
-0.54167 0.24018 -1.3984
-0.537995 0.240215 -1.3986
-0.525885 0.240375 -1.39955
-0.49746 0.240337 -1.39927
-0.4564 0.24046 -1.4
-0.44917 0.24045 -1.4
-0.36614 0.24021 -1.3985
-0.128566 0.32607 -1.39448
0.33576 0.3288 -1.3974
-0.12863 0.33133 -1.3959
-0.12875 0.3428 -1.3983
-0.2134 0.39632 -1.3905
-0.2164 0.4001 -1.3975
-0.85636 -0.53466 -1.3845
-0.672977 -0.535827 -1.3835
-0.676073 -0.524918 -1.38217
-0.74394 -0.51863 -1.3801
-0.68095 -0.514635 -1.3861
-0.67978 -0.516895 -1.38585
-0.682275 -0.509285 -1.38455
-0.87482 -0.49007 -1.3835
-0.85923 -0.49829 -1.3803
-0.86272 -0.48925 -1.39
-0.88712 -0.4762 -1.388
0.407037 -0.47135 -1.38897
0.413395 -0.470725 -1.38905
0.42486 -0.470493 -1.3895
0.43387 -0.47021 -1.3887
0.406225 -0.464844 -1.38619
0.41529 -0.465159 -1.38662
0.425187 -0.46446 -1.386
0.435117 -0.465095 -1.38642
-0.8774 -0.45489 -1.389
-0.85833 -0.45435 -1.3826
-0.69563 -0.45784 -1.3881
0.403811 -0.455651 -1.38424
0.414902 -0.45784 -1.38214
0.425591 -0.456125 -1.3808
0.434121 -0.455598 -1.38216
0.441593 -0.454845 -1.38478
-0.70189 -0.4446 -1.3813
0.403037 -0.445477 -1.3849
0.44446 -0.447353 -1.38317
0.402291 -0.435936 -1.38589
0.4494 -0.43023 -1.383
-0.71001 -0.42519 -1.3869
-0.70704 -0.42473 -1.3804
0.402227 -0.425127 -1.38579
-0.85332 -0.41167 -1.3869
-0.83874 -0.41596 -1.3811
-0.8246 -0.41377 -1.3889
0.401663 -0.414837 -1.38475
0.45584 -0.41107 -1.3849
-0.84654 -0.40296 -1.3827
0.401292 -0.404641 -1.38513
-0.82119 -0.39257 -1.3887
-0.81892 -0.39291 -1.3899
0.401243 -0.395773 -1.3847
0.4036 -0.386033 -1.3868
-0.82701 -0.37305 -1.3883
0.4656 -0.37954 -1.385
0.40686 -0.36096 -1.3815
0.4105 -0.36603 -1.3898
-0.82667 -0.35559 -1.3895
0.47299 -0.35973 -1.3824
-0.82484 -0.34447 -1.3863
0.47524 -0.34832 -1.3843
0.41955 -0.33029 -1.3884
0.4789 -0.33499 -1.3836
0.48544 -0.32315 -1.3891
0.4895 -0.31137 -1.3887
0.42325 -0.30447 -1.3839
-0.83576 -0.28636 -1.3872
-0.83497 -0.27398 -1.3831
0.43098 -0.27411 -1.3837
0.51667 -0.22348 -1.3881
-0.87201 -0.19372 -1.3883
0.54082 -0.14014 -1.3869
-0.88521 -0.13962 -1.3818
0.46933 -0.12995 -1.3845
0.47929 -0.10367 -1.3855
0.74637 -0.082416 -1.38697
0.755252 -0.0844931 -1.38535
0.762968 -0.0862854 -1.38315
0.727692 -0.0734101 -1.38621
0.734657 -0.0738545 -1.38548
0.744212 -0.0747286 -1.38428
0.754815 -0.0752844 -1.38299
0.71702 -0.0682437 -1.38917
0.725491 -0.0658496 -1.38728
0.735751 -0.0645355 -1.38601
0.7454 -0.064523 -1.38394
0.755575 -0.0649162 -1.38196
0.717302 -0.0542342 -1.38642
0.727096 -0.0575647 -1.38806
0.735083 -0.0566018 -1.3852
0.744107 -0.054973 -1.38336
0.755226 -0.054564 -1.38339
0.76403 -0.053582 -1.38366
0.719105 -0.047447 -1.3885
0.725989 -0.0472541 -1.3877
0.732686 -0.0433424 -1.38648
0.743795 -0.0464186 -1.38737
0.755416 -0.0453012 -1.38683
0.764032 -0.0461077 -1.3864
0.73194 -0.039839 -1.3892
0.74455 -0.03639 -1.3893
0.758113 -0.0345985 -1.38707
0.764606 -0.035823 -1.38774
0.7605 -0.02871 -1.3895
-0.9408 -0.0079227 -1.3883
-0.93862 -0.0093994 -1.3897
0.62263 0.080421 -1.3812
0.60516 0.092724 -1.3801
0.58584 0.10991 -1.385
-0.87166 0.13497 -1.3848
0.67601 0.142395 -1.38155
-0.77012 0.21958 -1.3853
-0.764075 0.225695 -1.3836
-0.756073 0.228157 -1.38033
-0.747355 0.22862 -1.3805
-0.71559 0.22999 -1.3801
-0.68583 0.229033 -1.38013
-0.66246 0.22876 -1.38137
-0.65411 0.22999 -1.3801
-0.64372 0.22862 -1.3805
-0.613285 0.228865 -1.38195
-0.60795 0.22878 -1.3815
-0.59218 0.22858 -1.3803
-0.58999 0.22872 -1.3811
-0.57374 0.22878 -1.38145
-0.56355 0.228705 -1.38105
-0.53037 0.22882 -1.3817
-0.52533 0.22876 -1.3813
-0.505763 0.22873 -1.3812
-0.49227 0.228635 -1.3806
-0.485243 0.228735 -1.3812
-0.476 0.228713 -1.3811
-0.465453 0.22861 -1.38182
-0.454552 0.228943 -1.38248
-0.444955 0.22887 -1.382
-0.435747 0.228773 -1.38147
-0.426923 0.228653 -1.3807
-0.415398 0.228766 -1.38138
-0.405447 0.22887 -1.382
-0.39207 0.22872 -1.3811
-0.386797 0.228807 -1.38167
-0.36675 0.228757 -1.3813
-0.35303 0.22878 -1.38147
-0.34385 0.22875 -1.3813
-0.334377 0.228917 -1.3823
-0.322848 0.228445 -1.38145
-0.315452 0.22873 -1.38118
-0.30705 0.228475 -1.38165
-0.294986 0.228538 -1.38162
-0.285176 0.228876 -1.38206
-0.273515 0.229018 -1.38295
-0.262853 0.228337 -1.3828
-0.253326 0.228022 -1.3817
-0.244938 0.228333 -1.38234
-0.234894 0.228216 -1.38207
-0.221483 0.228075 -1.3812
-0.214897 0.228175 -1.38183
-0.20867 0.228483 -1.38237
-0.123425 0.228703 -1.383
-0.114369 0.228709 -1.38405
-0.104263 0.228443 -1.38289
-0.0943529 0.228496 -1.38333
-0.085176 0.22854 -1.38162
-0.0745744 0.228337 -1.38236
-0.0656539 0.228267 -1.38181
-0.0550029 0.228353 -1.38385
-0.0453387 0.228392 -1.38315
-0.0352207 0.228204 -1.38322
-0.0255776 0.228175 -1.38184
-0.0155484 0.229098 -1.3834
-0.00456628 0.228463 -1.38255
0.00550422 0.228541 -1.38404
0.0156498 0.2283 -1.38353
0.0255004 0.228597 -1.3844
0.0352914 0.228272 -1.38242
0.0457961 0.228387 -1.38256
0.0547387 0.227966 -1.38265
0.0655632 0.228516 -1.3839
0.07461 0.22853 -1.38339
0.0847465 0.228516 -1.38289
0.0950147 0.227524 -1.38308
0.104202 0.228124 -1.38362
0.1143 0.228846 -1.38346
0.124059 0.227928 -1.38316
0.134139 0.228168 -1.38297
0.144613 0.228556 -1.38414
0.154882 0.228306 -1.38411
0.164425 0.228265 -1.38458
0.175734 0.22828 -1.38501
0.185218 0.22842 -1.38506
0.195094 0.228129 -1.38374
0.205043 0.227545 -1.38313
0.214373 0.228088 -1.38279
0.224992 0.228524 -1.38488
0.234901 0.228554 -1.38414
0.244928 0.228561 -1.38416
0.25528 0.228337 -1.38432
0.264809 0.228197 -1.38347
0.274861 0.228192 -1.38497
0.284961 0.227664 -1.38319
0.295534 0.227784 -1.38315
0.30481 0.228251 -1.38347
0.315477 0.228569 -1.38376
0.324622 0.227774 -1.38284
0.334724 0.227691 -1.38257
0.344263 0.228019 -1.38357
0.354748 0.227474 -1.38209
0.366235 0.227855 -1.38428
0.374881 0.228296 -1.38474
0.384827 0.228334 -1.38337
0.39462 0.228759 -1.38435
0.40523 0.228384 -1.38367
0.414813 0.228516 -1.3839
0.424782 0.228262 -1.38384
0.435429 0.227971 -1.38398
0.44224 0.228583 -1.38563
-0.752843 0.232327 -1.3856
-0.745958 0.233251 -1.38684
-0.735957 0.232446 -1.38446
-0.724894 0.232423 -1.3855
-0.715003 0.232368 -1.38597
-0.704776 0.232819 -1.38624
-0.694662 0.232076 -1.38495
-0.684358 0.232805 -1.38646
-0.675663 0.231841 -1.38466
-0.664432 0.23225 -1.38522
-0.65377 0.232206 -1.385
-0.643814 0.232412 -1.38624
-0.634608 0.231195 -1.38315
-0.624838 0.232124 -1.38448
-0.614615 0.232164 -1.3847
-0.605782 0.232053 -1.38576
-0.595766 0.232213 -1.38597
-0.584805 0.232017 -1.38552
-0.574822 0.232114 -1.38595
-0.563895 0.232156 -1.38551
-0.554967 0.232046 -1.38569
-0.545987 0.232259 -1.38605
-0.535212 0.232169 -1.38552
-0.525481 0.232228 -1.38585
-0.514962 0.231558 -1.38488
-0.504978 0.231816 -1.3858
-0.495801 0.232015 -1.38538
-0.484844 0.231457 -1.38518
-0.47493 0.231736 -1.3864
-0.464714 0.231834 -1.38652
-0.454053 0.231961 -1.38537
-0.44602 0.231585 -1.38549
-0.436106 0.231497 -1.38496
-0.425834 0.231776 -1.3871
-0.414989 0.231912 -1.38745
-0.405459 0.231454 -1.3853
-0.395414 0.230836 -1.38516
-0.384639 0.231537 -1.38581
-0.374752 0.231664 -1.38596
-0.365348 0.231472 -1.38734
-0.353793 0.231644 -1.38646
-0.343853 0.231013 -1.38485
-0.334866 0.231921 -1.38753
-0.326227 0.231452 -1.38608
-0.314157 0.231289 -1.3855
-0.305633 0.231694 -1.38673
-0.29472 0.231726 -1.38681
-0.284947 0.23195 -1.38767
-0.274762 0.231901 -1.38739
-0.264742 0.232022 -1.3881
-0.25514 0.230535 -1.38338
-0.245498 0.231323 -1.38673
-0.235762 0.231504 -1.38748
-0.225025 0.231385 -1.38845
-0.21543 0.231165 -1.38715
-0.206523 0.233989 -1.3847
-0.124816 0.231524 -1.38596
-0.11471 0.231865 -1.38821
-0.10411 0.231758 -1.38906
-0.0955678 0.231573 -1.3882
-0.084345 0.231585 -1.38755
-0.0755102 0.231307 -1.38797
-0.064263 0.231868 -1.38858
-0.056169 0.231353 -1.38828
-0.0429405 0.23119 -1.3873
-0.0348118 0.231487 -1.38767
-0.0252942 0.231042 -1.38643
-0.015288 0.231156 -1.38708
-0.00529585 0.2312 -1.38735
0.0047025 0.231212 -1.38746
0.0143853 0.231763 -1.38795
0.025335 0.23131 -1.38803
0.0359725 0.23138 -1.38845
0.043647 0.231165 -1.38713
0.0551334 0.231548 -1.38774
0.0650968 0.231404 -1.3886
0.0751635 0.23135 -1.38825
0.0860285 0.231547 -1.38807
0.0960233 0.231693 -1.38825
0.104668 0.231973 -1.38922
0.114784 0.231424 -1.38872
0.124822 0.231245 -1.38762
0.135967 0.231352 -1.38832
0.144268 0.231566 -1.3879
0.154725 0.231413 -1.38863
0.165903 0.230987 -1.38897
0.173105 0.23138 -1.38845
0.184895 0.230835 -1.38955
0.195393 0.231057 -1.38795
0.205687 0.23143 -1.38873
0.214935 0.231355 -1.38828
0.224375 0.23139 -1.38853
0.235135 0.231485 -1.3891
0.24943 0.23154 -1.3894
0.255485 0.231605 -1.38975
0.26579 0.23135 -1.3883
0.27067 0.23141 -1.3886
0.28727 0.23128 -1.3879
0.29087 0.231275 -1.3878
0.305615 0.231375 -1.38845
0.31457 0.23159 -1.3897
0.3389 0.23147 -1.389
0.3427 0.231515 -1.38925
0.356353 0.231507 -1.3892
0.367665 0.230125 -1.3896
0.38429 0.231144 -1.38874
0.394973 0.231328 -1.38812
0.406068 0.231802 -1.38818
0.41282 0.23132 -1.3881
0.424777 0.231463 -1.38893
0.43411 0.232245 -1.38945
0.440953 0.230887 -1.3884
-0.20552 0.242437 -1.38637
-0.128183 0.294748 -1.38542
-0.12819 0.31908 -1.3803
-0.12839 0.32222 -1.3878
-0.1265 0.396545 -1.3846
-0.758105 -0.541935 -1.3768
-0.675159 -0.54412 -1.37498
-0.84946 -0.53432 -1.3715
-0.672744 -0.534134 -1.37462
-0.737125 -0.524035 -1.3756
-0.674067 -0.525222 -1.37543
-0.894445 -0.51388 -1.3735
-0.677643 -0.515599 -1.37466
-0.85723 -0.50817 -1.373
-0.680837 -0.50408 -1.37627
-0.678536 -0.50659 -1.3738
-0.84257 -0.49144 -1.3746
-0.68112 -0.49576 -1.37337
-0.67976 -0.49955 -1.3753
-0.89123 -0.48876 -1.3798
-0.87104 -0.48757 -1.372
-0.75614 -0.48011 -1.3769
-0.68531 -0.486195 -1.37695
-0.88149 -0.47037 -1.38
-0.85454 -0.46911 -1.3763
-0.690875 -0.46334 -1.3752
-0.83765 -0.45162 -1.379
-0.76532 -0.45066 -1.3761
-0.69171 -0.45664 -1.37552
0.407263 -0.452493 -1.37734
0.415663 -0.452578 -1.37847
0.424311 -0.452569 -1.3791
0.434518 -0.453747 -1.37914
-0.84377 -0.44004 -1.3718
-0.76624 -0.44996 -1.3782
0.406324 -0.444658 -1.37548
0.415371 -0.444661 -1.37369
0.425267 -0.445257 -1.37502
0.434861 -0.444784 -1.37605
0.44027 -0.44227 -1.3764
-0.84677 -0.43229 -1.3797
0.40371 -0.435677 -1.37408
0.415845 -0.438094 -1.37097
0.425563 -0.437349 -1.37145
0.434474 -0.43761 -1.37179
0.441867 -0.435335 -1.37423
-0.68571 -0.42202 -1.3765
0.402475 -0.424902 -1.37395
0.44542 -0.426903 -1.37407
0.402456 -0.415198 -1.37525
-0.70618 -0.403745 -1.3756
0.3993 -0.40836 -1.3758
0.401705 -0.404852 -1.37503
0.45616 -0.40807 -1.38
-0.83032 -0.39522 -1.3718
-0.82982 -0.391 -1.3721
0.39976 -0.395075 -1.3739
0.401457 -0.395414 -1.37488
-0.82014 -0.3892 -1.3712
-0.70389 -0.38934 -1.3717
0.39976 -0.38749 -1.376
0.401414 -0.385303 -1.37419
-0.79449 -0.37563 -1.3707
0.401678 -0.375956 -1.37363
-0.71327 -0.36094 -1.3759
0.402275 -0.366365 -1.3714
-0.81621 -0.3599 -1.372
0.40543 -0.35146 -1.3734
-0.8161 -0.33049 -1.3711
0.41359 -0.33105 -1.3796
0.41246 -0.3235 -1.3719
0.4881 -0.29435 -1.3773
0.42724 -0.28461 -1.3787
-0.82742 -0.27282 -1.3701
-0.75538 -0.26123 -1.3768
-0.75433 -0.2517 -1.3711
-0.77413 -0.19743 -1.375
-0.86587 -0.18133 -1.3701
0.53058 -0.15552 -1.3758
0.7636 -0.090617 -1.3774
0.757124 -0.083838 -1.37714
0.763048 -0.0853175 -1.37772
0.47987 -0.071052 -1.3718
0.72968 -0.07013 -1.3799
0.73184 -0.070057 -1.3785
0.745808 -0.071614 -1.37766
0.75598 -0.0750895 -1.37615
0.762205 -0.0775568 -1.37738
0.72802 -0.068627 -1.3775
0.73704 -0.065218 -1.37945
0.745543 -0.0649369 -1.37706
0.756375 -0.0645583 -1.3755
0.761052 -0.0666955 -1.37585
0.73944 -0.054644 -1.3765
0.74531 -0.0570963 -1.3788
0.755831 -0.0545462 -1.37616
0.761738 -0.056582 -1.37807
0.74589 -0.046211 -1.3724
0.75511 -0.044965 -1.3766
0.76284 -0.0436407 -1.3786
0.58557 0.031915 -1.3732
0.59259 0.10093 -1.3774
-0.78935 0.19918 -1.3767
-0.77965 0.20864 -1.3784
0.44417 0.218885 -1.3724
-0.7615 0.22543 -1.3787
-0.753904 0.225737 -1.37401
-0.744588 0.226349 -1.37518
-0.734894 0.226368 -1.37541
-0.725327 0.225739 -1.37401
-0.715485 0.226745 -1.37532
-0.705251 0.227057 -1.37519
-0.695329 0.226572 -1.37525
-0.685017 0.226317 -1.37497
-0.674345 0.225977 -1.37431
-0.665251 0.225354 -1.37452
-0.654423 0.22634 -1.37596
-0.645457 0.226819 -1.37638
-0.635297 0.22633 -1.37666
-0.625514 0.226443 -1.37648
-0.615197 0.225506 -1.37507
-0.604643 0.224962 -1.37426
-0.595219 0.226004 -1.37503
-0.585162 0.225688 -1.37514
-0.574466 0.225712 -1.37499
-0.565359 0.225215 -1.37387
-0.555447 0.225533 -1.37463
-0.545037 0.226275 -1.37476
-0.535018 0.226373 -1.37541
-0.524333 0.226174 -1.37592
-0.515847 0.225689 -1.37412
-0.505623 0.225738 -1.37485
-0.494049 0.224723 -1.3733
-0.485233 0.22528 -1.37498
-0.474733 0.225595 -1.37538
-0.463737 0.225189 -1.37593
-0.454323 0.224705 -1.37392
-0.444867 0.22504 -1.37446
-0.434494 0.225884 -1.37527
-0.424777 0.224969 -1.37431
-0.415421 0.224799 -1.37371
-0.404972 0.225491 -1.37503
-0.395173 0.225483 -1.37513
-0.384938 0.225163 -1.37538
-0.374869 0.225611 -1.37526
-0.364724 0.224907 -1.37394
-0.354995 0.225395 -1.3752
-0.344926 0.226436 -1.37655
-0.335179 0.225165 -1.37551
-0.325533 0.225417 -1.37628
-0.31539 0.225361 -1.37612
-0.304282 0.225501 -1.37647
-0.294384 0.224947 -1.37543
-0.285356 0.225107 -1.37638
-0.275205 0.224928 -1.37565
-0.265721 0.224197 -1.37384
-0.255373 0.224763 -1.37445
-0.245765 0.224029 -1.37491
-0.235224 0.224517 -1.37553
-0.225866 0.225619 -1.37644
-0.215222 0.224783 -1.37601
-0.206504 0.225477 -1.37491
-0.123244 0.224007 -1.37494
-0.1145 0.223817 -1.37429
-0.105046 0.22443 -1.37528
-0.0956358 0.22383 -1.37469
-0.0852055 0.22457 -1.3752
-0.0757796 0.223811 -1.37527
-0.0648265 0.223835 -1.37497
-0.0557113 0.223476 -1.37427
-0.0446175 0.223447 -1.37474
-0.0352175 0.223421 -1.37462
-0.0249149 0.223744 -1.37483
-0.0146269 0.224734 -1.37641
-0.0051462 0.223881 -1.37531
0.00513468 0.223395 -1.37502
0.0151063 0.223254 -1.37447
0.0251413 0.22276 -1.37303
0.0352755 0.223467 -1.37542
0.0449899 0.223718 -1.37576
0.0558078 0.223541 -1.3758
0.0651604 0.223274 -1.37537
0.0748553 0.224057 -1.37576
0.0849173 0.223709 -1.37563
0.0949925 0.223018 -1.37582
0.105268 0.223608 -1.3756
0.113896 0.224117 -1.37606
0.126125 0.222832 -1.37404
0.135269 0.223547 -1.37462
0.145306 0.223667 -1.37543
0.155636 0.222754 -1.37425
0.165089 0.223359 -1.37543
0.174451 0.222591 -1.37365
0.185761 0.223403 -1.37522
0.194687 0.223509 -1.37587
0.205453 0.222456 -1.37358
0.216206 0.223601 -1.37571
0.225185 0.223455 -1.37407
0.234869 0.222871 -1.37385
0.245161 0.223771 -1.37548
0.254975 0.222905 -1.37452
0.264191 0.222753 -1.3739
0.275321 0.222747 -1.37408
0.284963 0.22286 -1.37438
0.294986 0.222784 -1.37438
0.305215 0.223625 -1.37501
0.315571 0.222994 -1.37516
0.325781 0.223182 -1.37443
0.336032 0.222068 -1.37275
0.345318 0.223037 -1.37469
0.354866 0.223221 -1.37657
0.363763 0.222752 -1.37454
0.375074 0.223472 -1.3755
0.385161 0.223164 -1.37423
0.395467 0.223467 -1.37476
0.405089 0.22352 -1.37436
0.413514 0.223088 -1.37401
0.42528 0.223225 -1.37462
0.435022 0.222878 -1.37489
0.440652 0.223665 -1.374
-0.20424 0.23162 -1.3731
-0.20479 0.245807 -1.3772
-0.127675 0.244552 -1.37413
-0.12777 0.26177 -1.375
-0.127954 0.305508 -1.37354
-0.128037 0.313353 -1.37513
-0.12812 0.32843 -1.375
-0.21387 0.39253 -1.3707
-0.12735 0.39292 -1.3731
-0.771017 -0.54788 -1.36463
-0.765228 -0.54553 -1.36643
-0.7592 -0.54322 -1.3661
-0.717787 -0.547527 -1.3612
-0.68097 -0.546425 -1.36035
-0.675998 -0.544318 -1.36423
-0.86072 -0.5351 -1.3693
-0.674291 -0.534811 -1.36435
-0.91362 -0.52602 -1.3665
-0.674025 -0.524963 -1.36496
-0.675838 -0.5157 -1.36357
-0.88327 -0.5039 -1.3657
-0.677759 -0.505298 -1.36472
-0.87715 -0.49836 -1.3679
-0.678731 -0.495332 -1.36367
-0.744425 -0.482175 -1.3635
-0.6815 -0.484597 -1.36513
-0.679584 -0.485622 -1.36416
-0.681023 -0.474358 -1.3628
-0.853663 -0.45691 -1.36593
-0.75805 -0.451475 -1.36675
-0.68489 -0.4598 -1.3625
0.41386 -0.44093 -1.3699
0.42308 -0.440965 -1.37
-0.8223 -0.43294 -1.3676
-0.69266 -0.43589 -1.3631
0.407219 -0.434324 -1.36885
0.414334 -0.433618 -1.36825
0.424221 -0.432701 -1.36737
0.434146 -0.433087 -1.36876
0.44059 -0.43132 -1.3672
0.405464 -0.425275 -1.36503
0.414935 -0.42612 -1.36396
0.425516 -0.426021 -1.36474
0.434662 -0.425137 -1.36466
0.441875 -0.42417 -1.36605
-0.7025 -0.4174 -1.3664
-0.68691 -0.41521 -1.3689
0.403103 -0.416161 -1.36507
0.42851 -0.41863 -1.3606
0.436003 -0.41853 -1.36187
0.442015 -0.41628 -1.3639
-0.82735 -0.40197 -1.3644
0.401654 -0.405676 -1.36433
0.44345 -0.40997 -1.3612
-0.82635 -0.39749 -1.3639
-0.77543 -0.39602 -1.36145
-0.7009 -0.39846 -1.3624
0.402108 -0.394243 -1.36488
0.452115 -0.393365 -1.36795
-0.80185 -0.38886 -1.37
-0.70398 -0.38224 -1.3679
0.39983 -0.39 -1.3686
0.40142 -0.38448 -1.36569
0.39989 -0.37035 -1.3674
0.401945 -0.374955 -1.36478
-0.80147 -0.36535 -1.3648
0.401885 -0.365313 -1.36538
0.402258 -0.356144 -1.36313
-0.81302 -0.34894 -1.3636
0.404038 -0.34552 -1.36348
-0.82483 -0.33947 -1.3662
-0.81204 -0.33625 -1.365
0.40876 -0.33376 -1.3665
0.49048 -0.27558 -1.3688
-0.82659 -0.26749 -1.3645
0.43675 -0.23143 -1.3681
-0.76022 -0.22253 -1.3661
-0.75308 -0.2283 -1.3621
-0.77104 -0.19047 -1.365
-0.76936 -0.19489 -1.3665
0.51136 -0.19857 -1.3641
0.4499 -0.17647 -1.365
-0.86436 -0.15665 -1.361
-0.78707 -0.15138 -1.3633
0.45421 -0.15716 -1.3654
-0.79265 -0.14381 -1.369
-0.78921 -0.13639 -1.3637
0.53819 -0.11609 -1.3679
0.46755 -0.096439 -1.3605
-0.78346 -0.084462 -1.3676
0.7546 -0.080471 -1.3697
0.75732 -0.073569 -1.3694
0.75732 -0.061461 -1.37
-0.17182 -0.036408 -1.3643
-0.16957 -0.032305 -1.3625
0.57405 0.011102 -1.3627
0.57714 0.022389 -1.3632
0.58335 0.03305 -1.3641
0.61687 0.075241 -1.3617
0.60106 0.087774 -1.3632
-0.91384 0.091935 -1.3684
0.59103 0.09603 -1.3648
0.58149 0.10438 -1.3673
-0.83663 0.15218 -1.3645
-0.754865 0.218395 -1.36448
-0.74604 0.218998 -1.36335
-0.734515 0.21883 -1.36235
-0.725623 0.21903 -1.3636
-0.716293 0.21827 -1.36127
-0.70371 0.218933 -1.36293
-0.695047 0.21872 -1.36163
-0.68494 0.21841 -1.36164
-0.676226 0.218676 -1.3633
-0.667333 0.21807 -1.3608
-0.65654 0.217845 -1.36105
-0.645922 0.218972 -1.3632
-0.635065 0.219242 -1.3649
-0.623845 0.218883 -1.36267
-0.61591 0.21801 -1.36208
-0.602083 0.218803 -1.36217
-0.59533 0.218488 -1.36263
-0.586353 0.21836 -1.36265
-0.575114 0.217696 -1.36157
-0.56522 0.218353 -1.36258
-0.554763 0.218773 -1.36197
-0.545375 0.2187 -1.36315
-0.534969 0.218167 -1.36236
-0.523785 0.218393 -1.36285
-0.514881 0.218114 -1.36271
-0.504448 0.219054 -1.3637
-0.493822 0.218612 -1.36418
-0.484932 0.218076 -1.36246
-0.47447 0.218175 -1.3631
-0.464803 0.21851 -1.36353
-0.455211 0.218444 -1.36356
-0.444535 0.21853 -1.3637
-0.436342 0.218503 -1.36353
-0.424962 0.218172 -1.36145
-0.415529 0.218334 -1.36287
-0.404531 0.218096 -1.3626
-0.395288 0.218419 -1.3634
-0.384543 0.218483 -1.36338
-0.375503 0.217647 -1.36244
-0.365782 0.218471 -1.36374
-0.353858 0.218417 -1.36298
-0.345872 0.218219 -1.36373
-0.33397 0.218329 -1.36337
-0.32505 0.217967 -1.36377
-0.315179 0.218371 -1.3636
-0.304879 0.218412 -1.36335
-0.294419 0.218259 -1.36291
-0.284872 0.218314 -1.36341
-0.273972 0.218782 -1.36525
-0.264895 0.218102 -1.36483
-0.25501 0.217388 -1.36326
-0.244901 0.218433 -1.3647
-0.234615 0.217697 -1.36373
-0.225567 0.218227 -1.36464
-0.215177 0.218155 -1.36296
-0.206468 0.217481 -1.36317
-0.194247 0.216017 -1.3602
-0.18559 0.21628 -1.3603
-0.173717 0.216162 -1.36098
-0.166727 0.21651 -1.36175
-0.154446 0.216247 -1.36197
-0.143959 0.216595 -1.36168
-0.134816 0.21675 -1.36135
-0.125284 0.217233 -1.36381
-0.114762 0.21719 -1.36308
-0.104028 0.217312 -1.36415
-0.0957381 0.217475 -1.36431
-0.0855016 0.217918 -1.36393
-0.0748906 0.217983 -1.36496
-0.0645725 0.217706 -1.36457
-0.0547526 0.217467 -1.36444
-0.0453847 0.217392 -1.36371
-0.0353004 0.218445 -1.3648
-0.0250079 0.218617 -1.36705
-0.0146679 0.217764 -1.36494
-0.00491613 0.217692 -1.36447
0.00460856 0.217863 -1.36492
0.0144172 0.216946 -1.36359
0.0251041 0.217415 -1.36448
0.0347817 0.217378 -1.36464
0.0452256 0.218078 -1.36538
0.0544963 0.217322 -1.3639
0.0648155 0.218056 -1.36461
0.0750219 0.217656 -1.36364
0.0846006 0.217421 -1.36445
0.0952344 0.217836 -1.36476
0.105413 0.216926 -1.36415
0.114695 0.217967 -1.36465
0.124847 0.217588 -1.36492
0.134008 0.217285 -1.36404
0.145891 0.218281 -1.3664
0.154515 0.21697 -1.36335
0.16502 0.217591 -1.36534
0.175203 0.217051 -1.36416
0.184387 0.217779 -1.36434
0.19517 0.217463 -1.36419
0.205349 0.217374 -1.3646
0.215286 0.217949 -1.36538
0.225143 0.217056 -1.36497
0.235093 0.216913 -1.36379
0.244661 0.217452 -1.36464
0.254861 0.216328 -1.36354
0.264932 0.217159 -1.36462
0.273785 0.217258 -1.36453
0.284881 0.217979 -1.36561
0.295493 0.217128 -1.36548
0.304812 0.217912 -1.36586
0.314438 0.216429 -1.36418
0.324555 0.217008 -1.36383
0.33488 0.217393 -1.36447
0.344724 0.21769 -1.36459
0.354782 0.217529 -1.3655
0.364713 0.217443 -1.36467
0.373795 0.217756 -1.36495
0.385758 0.217349 -1.36533
0.395094 0.217324 -1.36471
0.405088 0.217427 -1.36511
0.415377 0.217766 -1.36497
0.425612 0.2167 -1.36427
0.435275 0.217671 -1.36624
0.442428 0.216802 -1.36468
-0.75123 0.221625 -1.36765
-0.744723 0.221904 -1.36759
-0.735089 0.221174 -1.36577
-0.72451 0.220833 -1.3665
-0.714913 0.221294 -1.36504
-0.706351 0.221799 -1.36733
-0.694931 0.221114 -1.365
-0.684855 0.221561 -1.36584
-0.674785 0.221369 -1.36606
-0.664175 0.22074 -1.36592
-0.655027 0.221513 -1.36746
-0.643896 0.22113 -1.36532
-0.635522 0.2215 -1.36727
-0.623294 0.221529 -1.36701
-0.614177 0.22086 -1.36667
-0.604735 0.220892 -1.36688
-0.593804 0.221682 -1.36874
-0.584152 0.221434 -1.3672
-0.575244 0.221485 -1.36676
-0.564778 0.221428 -1.36864
-0.554953 0.220685 -1.36555
-0.545277 0.221489 -1.36733
-0.535869 0.221506 -1.36689
-0.525447 0.221823 -1.36773
-0.513128 0.221678 -1.36777
-0.505089 0.221673 -1.36843
-0.497386 0.221834 -1.36964
-0.48347 0.22156 -1.36798
-0.47435 0.221476 -1.36723
-0.465016 0.221296 -1.36653
-0.45579 0.220957 -1.36727
-0.44649 0.221004 -1.36756
-0.434844 0.221612 -1.36753
-0.423947 0.220757 -1.36603
-0.414572 0.22135 -1.36818
-0.405494 0.221594 -1.36796
-0.395217 0.221457 -1.36782
-0.385742 0.221452 -1.36882
-0.376365 0.22121 -1.36885
-0.364812 0.22109 -1.3681
-0.355373 0.221292 -1.36807
-0.34439 0.221643 -1.36771
-0.33611 0.22134 -1.36812
-0.325003 0.221345 -1.3684
-0.313824 0.22163 -1.3682
-0.30526 0.221174 -1.3686
-0.29518 0.22152 -1.36825
-0.285098 0.221042 -1.36778
-0.275457 0.22101 -1.3676
-0.26417 0.22118 -1.36865
-0.255233 0.221045 -1.3678
-0.243827 0.221565 -1.36913
-0.235001 0.221627 -1.36817
-0.225446 0.220902 -1.36692
-0.214524 0.220946 -1.3672
-0.20484 0.222404 -1.36624
-0.127428 0.22419 -1.36722
-0.11656 0.22094 -1.3672
-0.104635 0.221125 -1.3683
-0.0916065 0.22129 -1.3693
-0.084005 0.221223 -1.3689
-0.070944 0.2214 -1.37
-0.06877 0.2214 -1.37
-0.031828 0.22118 -1.3686
-0.020911 0.22124 -1.369
-0.017589 0.22136 -1.36975
0.022865 0.22002 -1.3698
0.058082 0.22005 -1.3699
0.060255 0.22 -1.3696
0.08688 0.22006 -1.37
0.10691 0.22005 -1.3699
0.116935 0.22133 -1.3696
0.12028 0.22132 -1.3695
0.13603 0.22005 -1.3699
0.14056 0.22138 -1.3698
0.165355 0.22001 -1.36965
0.20659 0.22137 -1.3698
0.21069 0.22105 -1.3678
0.22387 0.22069 -1.36975
0.24362 0.22003 -1.3698
0.25774 0.22006 -1.37
0.29321 0.22003 -1.3698
0.30281 0.22005 -1.3699
0.32207 0.22005 -1.3699
0.34643 0.22005 -1.3699
0.35865 0.22002 -1.3698
0.36369 0.22007 -1.37
0.37849 0.22003 -1.3698
0.41626 0.22135 -1.3697
0.42778 0.22071 -1.3699
0.43419 0.22006 -1.37
0.4403 0.22077 -1.3661
-0.127418 0.233686 -1.36524
-0.203637 0.248197 -1.36307
-0.127535 0.244898 -1.36822
-0.20398 0.25442 -1.366
-0.127483 0.252717 -1.36447
-0.12753 0.264655 -1.36425
-0.12753 0.27144 -1.36295
-0.12775 0.28623 -1.3691
-0.1276 0.29857 -1.3603
-0.12785 0.3076 -1.3686
-0.207115 0.316035 -1.3641
-0.1279 0.33795 -1.3634
-0.12608 0.391745 -1.3667
-0.775145 -0.552885 -1.3529
-0.712383 -0.55099 -1.35813
-0.704838 -0.552815 -1.35866
-0.69695 -0.551735 -1.35995
-0.68409 -0.55282 -1.3586
-0.92602 -0.54748 -1.3573
-0.90545 -0.544338 -1.3533
-0.77216 -0.54933 -1.3542
-0.767723 -0.546247 -1.35423
-0.712183 -0.544521 -1.35516
-0.704355 -0.545211 -1.35564
-0.694349 -0.545208 -1.35639
-0.685379 -0.544755 -1.35799
-0.677916 -0.54448 -1.35906
-0.902 -0.53705 -1.3585
-0.715537 -0.53707 -1.35287
-0.70453 -0.538922 -1.35214
-0.693938 -0.536868 -1.35194
-0.684768 -0.535654 -1.35238
-0.6771 -0.534532 -1.35525
-0.85026 -0.52445 -1.3539
-0.723823 -0.523448 -1.35563
-0.71814 -0.52919 -1.3501
-0.676248 -0.525184 -1.3542
-0.88703 -0.51555 -1.3515
-0.676806 -0.516182 -1.35592
-0.84677 -0.507985 -1.3537
-0.676099 -0.506016 -1.3546
-0.87023 -0.49679 -1.3506
-0.86773 -0.49071 -1.3593
-0.84677 -0.49492 -1.3585
-0.677386 -0.494896 -1.35558
-0.83026 -0.48282 -1.3545
-0.82977 -0.48797 -1.3518
-0.68077 -0.48647 -1.3563
-0.678303 -0.484659 -1.35481
-0.68067 -0.47732 -1.3561
-0.678582 -0.475028 -1.35303
-0.85367 -0.463085 -1.352
-0.681695 -0.464645 -1.35655
-0.67892 -0.467615 -1.35217
-0.682705 -0.45527 -1.3558
-0.67993 -0.45904 -1.3512
-0.8353 -0.43159 -1.359
-0.68973 -0.43518 -1.3567
-0.82982 -0.42466 -1.3512
0.41657 -0.421265 -1.35915
-0.677895 -0.413 -1.352
0.406662 -0.414309 -1.35754
0.414753 -0.415099 -1.35633
0.424501 -0.415212 -1.35706
0.434436 -0.413354 -1.35686
0.44268 -0.41084 -1.359
-0.81795 -0.40698 -1.3565
-0.68343 -0.40551 -1.3516
0.40528 -0.404905 -1.35446
0.415111 -0.405462 -1.35235
0.425663 -0.405694 -1.35294
0.435222 -0.404744 -1.35318
0.4434 -0.40693 -1.35875
0.402649 -0.395367 -1.3552
0.43762 -0.39784 -1.3504
0.441845 -0.3975 -1.3529
-0.82284 -0.38063 -1.3517
-0.80885 -0.38513 -1.3515
0.401829 -0.385245 -1.35484
0.402105 -0.375015 -1.35537
-0.79076 -0.36168 -1.3565
0.40183 -0.365011 -1.35428
0.45765 -0.36074 -1.3586
-0.70373 -0.35458 -1.3571
0.402345 -0.354482 -1.35402
-0.80787 -0.34796 -1.3598
0.402444 -0.345152 -1.3532
-0.808705 -0.331545 -1.35745
0.403068 -0.336694 -1.35506
-0.71795 -0.32574 -1.35145
0.403923 -0.327657 -1.35337
-0.81254 -0.28733 -1.3511
-0.73343 -0.28625 -1.3558
0.42322 -0.24669 -1.3514
-0.75074 -0.2311 -1.3571
0.43315 -0.20931 -1.3512
-0.86065 -0.15735 -1.355
0.52054 -0.15003 -1.3511
0.52629 -0.1359 -1.3587
0.46926 -0.093575 -1.3588
0.46505 -0.087451 -1.3502
-0.89523 -0.072561 -1.3506
0.55013 -0.049754 -1.3532
0.61283 0.062792 -1.3554
0.60284 0.083083 -1.3567
-0.85376 0.12754 -1.3518
-0.68895 0.20993 -1.3503
-0.544343 0.20995 -1.35037
-0.443515 0.20993 -1.35025
-0.4367 0.20999 -1.3506
-0.38537 0.20995 -1.35035
-0.34284 0.209955 -1.3504
-0.28003 0.20993 -1.3502
-0.26692 0.20991 -1.3501
-0.24849 0.20997 -1.3505
-0.21493 0.20992 -1.3502
-0.20415 0.20992 -1.3502
-0.195565 0.209955 -1.35035
-0.184894 0.20882 -1.35168
-0.17626 0.20874 -1.35113
-0.15272 0.20891 -1.3523
-0.144103 0.20874 -1.3511
-0.13338 0.20864 -1.3505
-0.125925 0.20882 -1.3517
-0.05856 0.20993 -1.3502
-0.0446495 0.209275 -1.35035
-0.0360795 0.209945 -1.35035
-0.0164327 0.20949 -1.35027
-0.00781377 0.20912 -1.35073
0.0058024 0.20998 -1.3505
0.0259373 0.20913 -1.35083
0.0478855 0.20929 -1.3504
0.057196 0.20858 -1.35038
0.066388 0.208693 -1.35087
0.072844 0.20991 -1.3501
0.08595 0.20928 -1.35035
0.099078 0.20993 -1.3502
0.11116 0.208635 -1.3505
0.12566 0.208785 -1.3515
0.13876 0.20995 -1.3504
0.14323 0.20997 -1.3505
0.15431 0.20864 -1.35053
0.17887 0.20862 -1.3504
0.18466 0.209375 -1.35095
0.194017 0.20914 -1.35087
0.20534 0.20914 -1.3509
0.215965 0.208937 -1.351
0.22183 0.20859 -1.3502
0.23461 0.208705 -1.35095
0.24048 0.20878 -1.3514
0.256675 0.209445 -1.3514
0.261897 0.20913 -1.35083
0.276202 0.208667 -1.3507
0.28785 0.208635 -1.3505
0.292575 0.20865 -1.35055
0.30129 0.20886 -1.352
0.317355 0.20861 -1.35035
0.327147 0.20872 -1.351
0.334773 0.208903 -1.35223
0.342365 0.20906 -1.35325
0.36317 0.20863 -1.35045
0.374572 0.20858 -1.3521
0.384392 0.20877 -1.35135
0.394335 0.208785 -1.35148
0.40401 0.20868 -1.35078
0.413274 0.208384 -1.35082
0.421565 0.20868 -1.35075
0.43529 0.20861 -1.3503
0.44331 0.20874 -1.3512
-0.76149 0.21062 -1.3546
-0.754048 0.21398 -1.35442
-0.744855 0.214667 -1.35527
-0.73532 0.215036 -1.35594
-0.726187 0.214547 -1.35463
-0.714993 0.214971 -1.35557
-0.704847 0.214613 -1.35533
-0.695218 0.213943 -1.35443
-0.684503 0.214353 -1.35407
-0.675162 0.214402 -1.3553
-0.664639 0.214094 -1.35495
-0.654913 0.214946 -1.35561
-0.645355 0.21501 -1.35665
-0.634765 0.214744 -1.35496
-0.624464 0.213902 -1.35414
-0.615417 0.214985 -1.35644
-0.605236 0.215274 -1.35631
-0.59463 0.213912 -1.35419
-0.585372 0.214342 -1.35441
-0.57491 0.213931 -1.35411
-0.564275 0.214435 -1.35571
-0.554519 0.21403 -1.35498
-0.545045 0.214069 -1.35519
-0.534834 0.213819 -1.35476
-0.525017 0.214359 -1.35477
-0.515323 0.213372 -1.35336
-0.504751 0.214245 -1.35528
-0.495744 0.214396 -1.35594
-0.485038 0.213302 -1.3539
-0.475307 0.21397 -1.35485
-0.463651 0.213576 -1.35405
-0.454554 0.214062 -1.35505
-0.445318 0.213725 -1.35494
-0.434749 0.21378 -1.35449
-0.424409 0.214375 -1.35558
-0.414836 0.214303 -1.35504
-0.405639 0.213676 -1.35585
-0.395017 0.213748 -1.35566
-0.385413 0.21432 -1.35609
-0.374604 0.213348 -1.35502
-0.365076 0.213738 -1.35545
-0.354806 0.214405 -1.35601
-0.344218 0.213365 -1.3552
-0.335668 0.213575 -1.35525
-0.325191 0.213393 -1.3553
-0.315064 0.21403 -1.35595
-0.304997 0.213368 -1.354
-0.295043 0.214156 -1.35597
-0.284442 0.213148 -1.35449
-0.275091 0.214134 -1.35639
-0.264193 0.212403 -1.35435
-0.254445 0.212505 -1.35425
-0.244843 0.213151 -1.35509
-0.235675 0.213225 -1.35653
-0.225028 0.21303 -1.3552
-0.215476 0.213095 -1.35543
-0.203696 0.213679 -1.35505
-0.19521 0.215765 -1.35573
-0.185419 0.215104 -1.35632
-0.174721 0.215095 -1.35643
-0.16452 0.214864 -1.35626
-0.155317 0.215262 -1.35634
-0.145061 0.215094 -1.35737
-0.135197 0.214207 -1.35667
-0.1251 0.212633 -1.35564
-0.11571 0.211723 -1.35519
-0.106861 0.212814 -1.35599
-0.0940321 0.212123 -1.35475
-0.0850704 0.212941 -1.3561
-0.0759557 0.212322 -1.35512
-0.0648457 0.211969 -1.35496
-0.0552799 0.212751 -1.35649
-0.0455485 0.211819 -1.35406
-0.0346322 0.212893 -1.35498
-0.0256452 0.212822 -1.355
-0.0148776 0.212182 -1.35505
-0.00440019 0.212114 -1.35525
0.0049073 0.212456 -1.35538
0.0154068 0.212142 -1.3546
0.0245341 0.211886 -1.35444
0.0350464 0.212276 -1.3557
0.0445663 0.212312 -1.3552
0.0545788 0.212382 -1.3549
0.0646264 0.212491 -1.35531
0.0748926 0.212175 -1.3549
0.0857826 0.21286 -1.35667
0.0948082 0.211971 -1.35501
0.104831 0.211952 -1.355
0.115172 0.212478 -1.35558
0.124649 0.212411 -1.35586
0.135577 0.212656 -1.35551
0.144702 0.212513 -1.35503
0.155268 0.212076 -1.35629
0.165348 0.213093 -1.35743
0.175399 0.212022 -1.35594
0.185701 0.212588 -1.35622
0.194918 0.21195 -1.35491
0.204295 0.211946 -1.35494
0.214994 0.212225 -1.35591
0.225677 0.211814 -1.35487
0.23543 0.211787 -1.35548
0.245759 0.212282 -1.35627
0.255344 0.2113 -1.3546
0.264924 0.21188 -1.35546
0.275521 0.211987 -1.35571
0.284704 0.212406 -1.35557
0.295105 0.211718 -1.35574
0.304153 0.212488 -1.35662
0.314704 0.211474 -1.35627
0.325141 0.211968 -1.35577
0.335402 0.212372 -1.35618
0.345022 0.212215 -1.35585
0.355288 0.212143 -1.35608
0.365305 0.212242 -1.35672
0.375498 0.212683 -1.35696
0.384209 0.211779 -1.35554
0.395092 0.212022 -1.35539
0.405136 0.211729 -1.35567
0.415681 0.212178 -1.35631
0.424411 0.212118 -1.35584
0.434383 0.212211 -1.35657
0.441548 0.211307 -1.3536
-0.200829 0.224104 -1.35644
-0.195329 0.224393 -1.35227
-0.185152 0.222876 -1.35308
-0.174376 0.222309 -1.35316
-0.165368 0.223105 -1.35268
-0.1548 0.223327 -1.35256
-0.145077 0.223769 -1.35422
-0.135589 0.224659 -1.35437
-0.129073 0.224615 -1.35731
-0.200437 0.235018 -1.35315
-0.19595 0.230917 -1.35183
-0.135719 0.231143 -1.35336
-0.128866 0.233444 -1.35406
-0.2027 0.24894 -1.3518
-0.129275 0.241285 -1.3518
-0.202893 0.253815 -1.35317
-0.127313 0.253888 -1.3574
-0.127322 0.264027 -1.35575
-0.127393 0.276563 -1.3561
-0.12751 0.28556 -1.359
-0.127412 0.294228 -1.35332
-0.20668 0.31689 -1.3588
-0.125817 0.388731 -1.35559
-0.83536 -0.55558 -1.3419
-0.78089 -0.55754 -1.3447
-0.775537 -0.55421 -1.34503
-0.76988 -0.55049 -1.3489
-0.90293 -0.54724 -1.3449
-0.898125 -0.54119 -1.34175
-0.84876 -0.54899 -1.3413
-0.76943 -0.54939 -1.3423
-0.832413 -0.532923 -1.3454
-0.71418 -0.532637 -1.34928
-0.704834 -0.533271 -1.34735
-0.695784 -0.532966 -1.34911
-0.684332 -0.53098 -1.34934
-0.714054 -0.525201 -1.34582
-0.704694 -0.524752 -1.34372
-0.695439 -0.525496 -1.34493
-0.685153 -0.524801 -1.34654
-0.677655 -0.524079 -1.34783
-0.72508 -0.51105 -1.3476
-0.71752 -0.51771 -1.3406
-0.704634 -0.517894 -1.34113
-0.694093 -0.51901 -1.34123
-0.684589 -0.515793 -1.34116
-0.677904 -0.514713 -1.34464
-0.88114 -0.50984 -1.3487
-0.676745 -0.505211 -1.34591
-0.86838 -0.49801 -1.3414
-0.83929 -0.49465 -1.3448
-0.676476 -0.495708 -1.34559
-0.85551 -0.48231 -1.3404
-0.675847 -0.486464 -1.34283
-0.852655 -0.47723 -1.34525
-0.676946 -0.476 -1.34464
-0.85602 -0.46789 -1.3464
-0.83256 -0.46286 -1.3491
-0.68093 -0.46052 -1.3467
-0.678856 -0.46552 -1.34646
-0.82982 -0.45561 -1.3411
-0.680703 -0.45523 -1.34593
-0.679068 -0.454462 -1.3457
-0.83304 -0.44097 -1.3465
-0.680776 -0.444252 -1.34436
-0.679277 -0.44675 -1.3413
-0.81746 -0.43367 -1.3473
-0.76083 -0.41088 -1.345
-0.675815 -0.41031 -1.34805
-0.81744 -0.40116 -1.3466
-0.68253 -0.40393 -1.346
-0.67829 -0.4061 -1.34585
0.40656 -0.40053 -1.3494
0.41676 -0.401367 -1.349
0.42564 -0.40156 -1.34963
-0.81007 -0.39364 -1.3459
-0.76197 -0.39436 -1.3411
-0.69712 -0.39728 -1.3485
0.40581 -0.39418 -1.34707
0.414373 -0.395569 -1.34675
0.42494 -0.394461 -1.34662
0.434328 -0.394608 -1.34644
0.441245 -0.392805 -1.348
-0.79274 -0.38416 -1.3433
0.404102 -0.384394 -1.34372
0.414789 -0.387499 -1.34143
0.425708 -0.385666 -1.3418
0.435193 -0.385847 -1.34281
0.44227 -0.386387 -1.346
-0.81985 -0.37788 -1.3471
-0.78546 -0.37793 -1.3421
0.40269 -0.37475 -1.34478
0.44259 -0.374655 -1.34075
0.402588 -0.364587 -1.34483
0.45144 -0.36803 -1.3482
-0.78546 -0.35781 -1.3476
0.402504 -0.355584 -1.347
0.45283 -0.35656 -1.3484
0.3999 -0.34348 -1.3478
0.402311 -0.344372 -1.34397
-0.81436 -0.33643 -1.3482
-0.79952 -0.33218 -1.3484
0.39985 -0.33519 -1.3432
0.401726 -0.335189 -1.34479
-0.79973 -0.32971 -1.3442
-0.72121 -0.32536 -1.3498
-0.71152 -0.32606 -1.3408
-0.70936 -0.32632 -1.3419
0.402542 -0.324713 -1.34301
0.402966 -0.315497 -1.344
0.405187 -0.304367 -1.3428
0.47035 -0.30087 -1.3482
-0.72672 -0.29876 -1.3451
0.40992 -0.28938 -1.3474
-0.73456 -0.27712 -1.3491
0.41193 -0.27454 -1.3431
-0.82994 -0.22159 -1.3436
0.50032 -0.19817 -1.3415
0.43685 -0.18148 -1.3403
0.4414 -0.16725 -1.3468
0.45198 -0.13061 -1.3461
-0.76575 -0.072074 -1.3416
-0.16453 -0.027871 -1.3489
-0.75377 0.207713 -1.34492
-0.744721 0.20789 -1.34418
-0.734404 0.207833 -1.34329
-0.725373 0.20779 -1.3445
-0.71475 0.207291 -1.34214
-0.70505 0.207707 -1.34335
-0.694182 0.208204 -1.34496
-0.685122 0.207887 -1.34442
-0.675583 0.207704 -1.34395
-0.664878 0.207966 -1.34481
-0.655099 0.207441 -1.34316
-0.645437 0.208522 -1.34496
-0.634024 0.208443 -1.34433
-0.623764 0.207597 -1.34332
-0.614132 0.207469 -1.34334
-0.604868 0.207649 -1.34342
-0.595199 0.208246 -1.34368
-0.585253 0.207771 -1.34277
-0.574898 0.207854 -1.34474
-0.565287 0.208211 -1.34471
-0.555212 0.207936 -1.3443
-0.545405 0.207562 -1.34477
-0.534743 0.208091 -1.34469
-0.524865 0.20795 -1.34492
-0.514816 0.208029 -1.34456
-0.505103 0.207883 -1.34449
-0.495988 0.207682 -1.34381
-0.484605 0.207633 -1.34358
-0.47513 0.208639 -1.34571
-0.464553 0.208798 -1.34578
-0.454812 0.208223 -1.3446
-0.445033 0.207629 -1.3451
-0.434949 0.207404 -1.34539
-0.425453 0.207466 -1.34328
-0.415034 0.208503 -1.34487
-0.405707 0.207753 -1.34434
-0.395076 0.207494 -1.34413
-0.38487 0.207553 -1.34472
-0.375293 0.207471 -1.34406
-0.364829 0.207801 -1.34481
-0.355516 0.208059 -1.34526
-0.345654 0.207023 -1.34457
-0.334876 0.206682 -1.34303
-0.325454 0.207396 -1.3445
-0.314951 0.207511 -1.34422
-0.305023 0.207584 -1.34472
-0.294586 0.207348 -1.3442
-0.284891 0.206817 -1.34384
-0.27461 0.207701 -1.34548
-0.265356 0.207105 -1.34545
-0.255538 0.207689 -1.34655
-0.244202 0.207103 -1.34505
-0.235696 0.207177 -1.34445
-0.225109 0.20757 -1.34464
-0.214797 0.207495 -1.3451
-0.205132 0.206273 -1.34393
-0.195509 0.206112 -1.34557
-0.184415 0.205353 -1.34543
-0.174919 0.205062 -1.34505
-0.165099 0.206024 -1.34588
-0.154757 0.205472 -1.34531
-0.144601 0.205854 -1.34593
-0.135725 0.205613 -1.34554
-0.124951 0.205602 -1.34468
-0.11513 0.206464 -1.34578
-0.105538 0.206577 -1.34436
-0.0949105 0.206458 -1.34572
-0.0841677 0.205852 -1.34336
-0.0753011 0.206331 -1.3455
-0.0654472 0.206585 -1.34519
-0.0540558 0.207138 -1.34565
-0.0440007 0.206716 -1.34647
-0.0354421 0.205988 -1.34476
-0.0244866 0.206806 -1.34518
-0.0153139 0.206226 -1.34505
-0.00485932 0.205679 -1.34349
0.00566982 0.206936 -1.34539
0.0152251 0.206463 -1.34515
0.0257272 0.205877 -1.34477
0.0347632 0.206446 -1.34568
0.0446017 0.206251 -1.34555
0.0541323 0.206095 -1.34524
0.0646463 0.205562 -1.34413
0.0753921 0.205992 -1.34504
0.0844432 0.206049 -1.34556
0.0953826 0.205892 -1.34525
0.104305 0.206187 -1.34537
0.115452 0.205449 -1.34476
0.124538 0.205974 -1.34472
0.135154 0.206183 -1.34519
0.145066 0.205817 -1.34521
0.154301 0.205546 -1.34439
0.164567 0.206917 -1.34589
0.174445 0.206126 -1.34508
0.184531 0.206168 -1.346
0.194459 0.20597 -1.34495
0.205196 0.20568 -1.34489
0.214912 0.205308 -1.3444
0.224628 0.205943 -1.34586
0.234589 0.204782 -1.34506
0.244647 0.206036 -1.3449
0.254887 0.205865 -1.34513
0.265529 0.205943 -1.34388
0.275153 0.205446 -1.34381
0.284531 0.2056 -1.34467
0.294936 0.205938 -1.34545
0.305626 0.206182 -1.34589
0.31495 0.205833 -1.34519
0.323357 0.205918 -1.34387
0.335157 0.205677 -1.34626
0.344956 0.205055 -1.34401
0.354333 0.206417 -1.34547
0.364988 0.205709 -1.34541
0.376014 0.205626 -1.34606
0.385286 0.205273 -1.34536
0.395263 0.205293 -1.3443
0.404063 0.20518 -1.344
0.415181 0.204784 -1.34465
0.425329 0.206113 -1.34515
0.434974 0.205572 -1.34534
0.442609 0.205439 -1.34427
-0.751635 0.210875 -1.3439
-0.74572 0.21082 -1.34825
-0.735317 0.210968 -1.34915
-0.722622 0.211552 -1.34912
-0.71384 0.21059 -1.34673
-0.70806 0.21086 -1.3485
-0.69925 0.21102 -1.3495
-0.68526 0.211808 -1.34884
-0.670985 0.21153 -1.348
-0.668005 0.21068 -1.34735
-0.655665 0.210885 -1.34865
-0.644473 0.211013 -1.34947
-0.63551 0.211008 -1.34943
-0.627705 0.210945 -1.349
-0.612335 0.210865 -1.34855
-0.605065 0.210963 -1.34913
-0.59617 0.2109 -1.3487
-0.583183 0.211277 -1.34878
-0.575406 0.21101 -1.34752
-0.567925 0.210965 -1.3492
-0.55725 0.2111 -1.35
-0.5368 0.211 -1.34937
-0.525383 0.210913 -1.3488
-0.512373 0.211273 -1.34797
-0.50711 0.21074 -1.34775
-0.49464 0.210997 -1.34933
-0.48071 0.21109 -1.3499
-0.474123 0.21092 -1.34883
-0.46627 0.210885 -1.34865
-0.452473 0.210957 -1.34907
-0.425575 0.210712 -1.34755
-0.414712 0.211035 -1.3496
-0.4085 0.21072 -1.3476
-0.38289 0.210975 -1.34925
-0.37626 0.211055 -1.34975
-0.36162 0.211 -1.3494
-0.357137 0.21099 -1.34933
-0.32838 0.2111 -1.35
-0.314845 0.210855 -1.3484
-0.293075 0.21103 -1.34955
-0.26664 0.21078 -1.348
-0.20518 0.211005 -1.3494
-0.19348 0.226748 -1.34857
-0.184737 0.227074 -1.34808
-0.175828 0.227096 -1.34697
-0.165852 0.227417 -1.34746
-0.154834 0.227199 -1.34858
-0.14488 0.228635 -1.34957
-0.136665 0.228415 -1.34975
-0.200077 0.234897 -1.3488
-0.194306 0.235052 -1.34534
-0.184616 0.234627 -1.34429
-0.174792 0.233799 -1.34296
-0.165084 0.234441 -1.34323
-0.154715 0.234365 -1.34361
-0.145152 0.234738 -1.34637
-0.13536 0.235628 -1.34707
-0.129175 0.234865 -1.3491
-0.20013 0.242697 -1.34807
-0.195896 0.245181 -1.34236
-0.184661 0.243099 -1.34124
-0.173913 0.240347 -1.34263
-0.16531 0.2402 -1.34185
-0.154238 0.241427 -1.34102
-0.144884 0.242893 -1.34233
-0.135026 0.243806 -1.34357
-0.129198 0.246122 -1.34785
-0.20207 0.257433 -1.3428
-0.199878 0.252312 -1.34325
-0.129077 0.25375 -1.34188
-0.202173 0.265282 -1.34247
-0.128135 0.262315 -1.34535
-0.20287 0.27373 -1.349
-0.12722 0.27598 -1.3491
-0.12719 0.28018 -1.3469
-0.205227 0.315767 -1.34203
-0.21187 0.38629 -1.3497
-0.20958 0.38481 -1.3493
-0.125979 0.385679 -1.34611
-0.784208 -0.564985 -1.33338
-0.77948 -0.56165 -1.334
-0.92208 -0.55219 -1.3376
-0.90206 -0.55944 -1.3328
-0.89944 -0.55266 -1.3311
-0.77649 -0.556747 -1.3339
-0.893155 -0.543595 -1.33195
-0.84253 -0.54482 -1.33135
-0.90888 -0.53523 -1.3382
-0.89576 -0.53821 -1.3305
-0.88307 -0.52363 -1.3359
-0.70365 -0.52164 -1.339
-0.69828 -0.52045 -1.3398
-0.89103 -0.51567 -1.3312
-0.713314 -0.513512 -1.33762
-0.705896 -0.513441 -1.33757
-0.694193 -0.513566 -1.33796
-0.686162 -0.512828 -1.33838
-0.8696 -0.50099 -1.337
-0.712608 -0.504031 -1.33279
-0.704954 -0.505579 -1.33365
-0.695314 -0.504965 -1.33408
-0.684707 -0.505217 -1.33442
-0.678233 -0.504101 -1.3374
-0.83505 -0.498155 -1.3356
-0.714524 -0.497776 -1.33168
-0.705297 -0.499073 -1.3306
-0.69327 -0.49798 -1.33054
-0.684982 -0.49661 -1.33068
-0.677809 -0.495153 -1.33337
-0.81992 -0.48598 -1.334
-0.676808 -0.484695 -1.33567
-0.729305 -0.477865 -1.3386
-0.676311 -0.474458 -1.33445
-0.85213 -0.46812 -1.334
-0.84122 -0.46739 -1.3362
-0.675546 -0.465491 -1.33364
-0.83376 -0.45852 -1.3365
-0.8177 -0.4551 -1.3352
-0.676284 -0.45501 -1.3341
-0.678772 -0.445686 -1.33558
-0.68029 -0.437745 -1.33435
-0.678923 -0.434355 -1.33438
-0.682172 -0.425887 -1.3364
-0.67975 -0.42683 -1.3306
-0.80317 -0.40089 -1.3311
-0.68516 -0.402783 -1.33427
-0.69069 -0.39081 -1.3363
-0.683828 -0.395095 -1.33613
-0.67891 -0.3991 -1.3373
-0.79129 -0.38739 -1.3396
-0.68807 -0.38958 -1.3368
0.407695 -0.383537 -1.33852
0.414789 -0.382701 -1.33875
0.423684 -0.383239 -1.33929
0.43529 -0.38236 -1.3386
-0.784505 -0.37953 -1.33445
0.406077 -0.374873 -1.33628
0.414933 -0.375369 -1.3351
0.42466 -0.375368 -1.33545
0.43447 -0.375284 -1.33617
0.4413 -0.374858 -1.33758
-0.77726 -0.36862 -1.3399
0.404397 -0.36604 -1.33422
0.414568 -0.368372 -1.33177
0.425894 -0.36716 -1.33174
0.436143 -0.367763 -1.33206
0.442068 -0.363943 -1.33315
0.402206 -0.354965 -1.33469
0.44283 -0.35691 -1.33075
-0.79677 -0.34986 -1.3337
0.402686 -0.345229 -1.33504
0.45031 -0.34143 -1.3343
-0.80738 -0.3361 -1.3357
-0.79118 -0.33266 -1.3331
0.39978 -0.3323 -1.3373
0.402252 -0.334563 -1.33468
0.44909 -0.33945 -1.3319
0.45298 -0.33343 -1.3305
-0.79529 -0.32519 -1.3372
-0.78921 -0.32248 -1.332
-0.70904 -0.323565 -1.33355
0.402246 -0.325787 -1.33322
0.4581 -0.32139 -1.3334
0.402648 -0.315028 -1.33602
0.40242 -0.305196 -1.3338
0.40448 -0.2966 -1.3354
-0.8004 -0.28532 -1.3351
0.40434 -0.28655 -1.33105
0.46883 -0.28313 -1.3314
0.47648 -0.27237 -1.339
0.414 -0.256305 -1.3364
-0.81317 -0.24786 -1.335
0.42202 -0.22931 -1.3395
-0.74468 -0.21198 -1.3383
-0.76138 -0.1812 -1.3383
0.43605 -0.17587 -1.3392
0.43823 -0.15778 -1.335
0.445975 -0.13357 -1.3353
0.45077 -0.11755 -1.339
0.46964 -0.05062 -1.3399
0.55285 -0.019663 -1.3389
0.56487 0.041549 -1.3306
-0.88379 0.095982 -1.33635
-0.8668 0.10573 -1.3323
-0.82015 0.14783 -1.3374
-0.77013 0.1915 -1.3377
-0.757915 0.1976 -1.3321
-0.74769 0.19992 -1.3305
-0.73132 0.19987 -1.3301
-0.69972 0.19994 -1.3306
-0.68783 0.19991 -1.3304
-0.67344 0.19987 -1.3302
-0.65071 0.19998 -1.3309
-0.62645 0.19989 -1.3303
-0.61146 0.1993 -1.33035
-0.606475 0.198705 -1.3304
-0.59389 0.199937 -1.3306
-0.585755 0.19995 -1.33065
-0.57092 0.19987 -1.3302
-0.565077 0.199317 -1.3318
-0.55933 0.19889 -1.3316
-0.53272 0.19995 -1.3307
-0.52087 0.19995 -1.3307
-0.50422 0.19869 -1.3303
-0.49728 0.19989 -1.3303
-0.47413 0.19991 -1.3304
-0.453475 0.19991 -1.33045
-0.44214 0.199355 -1.3307
-0.43529 0.19992 -1.3305
-0.4274 0.199935 -1.3306
-0.414945 0.19931 -1.33045
-0.40276 0.199395 -1.33095
-0.39048 0.19998 -1.3309
-0.36202 0.19902 -1.3325
-0.3597 0.19894 -1.332
-0.344027 0.19912 -1.33047
-0.335365 0.19996 -1.33075
-0.30066 0.19883 -1.3312
-0.29856 0.19888 -1.3315
-0.27062 0.19892 -1.3318
-0.265253 0.198925 -1.33185
-0.256 0.199143 -1.33198
-0.245212 0.198974 -1.33058
-0.23856 0.19895 -1.332
-0.226357 0.198753 -1.3307
-0.215613 0.199122 -1.33117
-0.204654 0.19911 -1.3331
-0.195008 0.19892 -1.3318
-0.185543 0.198646 -1.33251
-0.174194 0.198562 -1.33277
-0.16586 0.198687 -1.33322
-0.15464 0.198266 -1.33104
-0.145452 0.199052 -1.33272
-0.13419 0.198712 -1.33192
-0.125149 0.19836 -1.33142
-0.11491 0.198933 -1.3319
-0.105452 0.199044 -1.33266
-0.0945867 0.198773 -1.33233
-0.0839085 0.198435 -1.33078
-0.0745249 0.198254 -1.33116
-0.0654894 0.198956 -1.33208
-0.0540479 0.198653 -1.33257
-0.044411 0.198552 -1.3327
-0.03558 0.198704 -1.33216
-0.0253556 0.199208 -1.33374
-0.014929 0.198902 -1.3317
-0.00609745 0.19852 -1.3321
0.00415991 0.198524 -1.33251
0.0148024 0.199084 -1.3329
0.0255661 0.198245 -1.3318
0.03502 0.199105 -1.33308
0.0451263 0.198645 -1.33147
0.0551938 0.198343 -1.33242
0.0649556 0.198494 -1.33341
0.0749768 0.198942 -1.33343
0.0850528 0.198194 -1.33142
0.0945796 0.198099 -1.3314
0.105139 0.198453 -1.33264
0.114926 0.198242 -1.33222
0.124869 0.198622 -1.3338
0.135291 0.198514 -1.33242
0.145308 0.19831 -1.33169
0.154912 0.198568 -1.33124
0.164528 0.198945 -1.33197
0.175293 0.198713 -1.33296
0.184398 0.198816 -1.33292
0.195555 0.198973 -1.33368
0.205965 0.198747 -1.33213
0.214747 0.19843 -1.3315
0.22534 0.198702 -1.33216
0.235568 0.198738 -1.3321
0.24484 0.198217 -1.33158
0.255146 0.198391 -1.33275
0.265036 0.199266 -1.33414
0.274984 0.198419 -1.3329
0.283057 0.199067 -1.33277
0.295922 0.198538 -1.33104
0.304967 0.1985 -1.33283
0.315216 0.19859 -1.33341
0.325063 0.19839 -1.33271
0.336057 0.198646 -1.33506
0.345136 0.198749 -1.334
0.355472 0.198312 -1.33269
0.365685 0.198777 -1.33382
0.374474 0.198553 -1.33319
0.384317 0.199217 -1.3338
0.395364 0.198968 -1.33392
0.40461 0.198525 -1.33253
0.415875 0.199055 -1.3327
0.425019 0.198399 -1.33213
0.434413 0.198867 -1.3337
0.4433 0.198893 -1.33387
-0.753992 0.202306 -1.33678
-0.744244 0.203123 -1.33474
-0.73479 0.203356 -1.33563
-0.726196 0.203036 -1.33529
-0.715005 0.202461 -1.33437
-0.704513 0.20247 -1.33462
-0.695472 0.203506 -1.33642
-0.684385 0.2029 -1.33508
-0.674766 0.20328 -1.33573
-0.666124 0.202835 -1.33565
-0.654359 0.202342 -1.33405
-0.644945 0.202814 -1.33535
-0.634949 0.203526 -1.33568
-0.625436 0.20263 -1.33428
-0.615107 0.202279 -1.33396
-0.60505 0.202385 -1.33476
-0.59522 0.203625 -1.3363
-0.584655 0.203055 -1.33582
-0.575735 0.203039 -1.33474
-0.564154 0.202552 -1.335
-0.553835 0.202596 -1.33515
-0.545049 0.202248 -1.33497
-0.534581 0.203599 -1.33675
-0.525355 0.202546 -1.33519
-0.5157 0.202917 -1.33625
-0.505119 0.202661 -1.3356
-0.494078 0.203055 -1.33597
-0.485571 0.202693 -1.33578
-0.474654 0.202983 -1.33515
-0.464682 0.20379 -1.33617
-0.455136 0.203512 -1.33556
-0.445048 0.202631 -1.33463
-0.435722 0.202875 -1.33569
-0.424682 0.202627 -1.33454
-0.414873 0.203073 -1.33633
-0.404222 0.202945 -1.33592
-0.394744 0.203248 -1.33671
-0.385201 0.202353 -1.33574
-0.374969 0.202122 -1.33552
-0.36502 0.202335 -1.33561
-0.355181 0.202791 -1.33645
-0.345569 0.201664 -1.33336
-0.335614 0.202193 -1.33591
-0.325055 0.201907 -1.33575
-0.315077 0.202399 -1.33602
-0.305185 0.202052 -1.33576
-0.295389 0.201997 -1.3361
-0.284758 0.201675 -1.33532
-0.274845 0.202008 -1.33547
-0.26505 0.202176 -1.33653
-0.254003 0.202241 -1.33541
-0.245077 0.202069 -1.33604
-0.234327 0.202009 -1.33618
-0.224751 0.202265 -1.33572
-0.21555 0.202253 -1.33554
-0.204963 0.201528 -1.33625
-0.194107 0.201569 -1.33721
-0.185823 0.201177 -1.33603
-0.17519 0.200682 -1.33554
-0.164937 0.201187 -1.3361
-0.155078 0.200662 -1.3354
-0.145894 0.201789 -1.33749
-0.134718 0.201188 -1.33727
-0.123593 0.201344 -1.33711
-0.114976 0.201501 -1.33606
-0.105488 0.20169 -1.33732
-0.0949259 0.20165 -1.33705
-0.0851621 0.201368 -1.33643
-0.0744139 0.201477 -1.33661
-0.0650068 0.201941 -1.33665
-0.0553093 0.201998 -1.33701
-0.0452094 0.201805 -1.33597
-0.0348137 0.20159 -1.33736
-0.025163 0.20179 -1.3367
-0.0145696 0.20159 -1.33664
-0.00606442 0.201605 -1.33687
0.00458559 0.202144 -1.33707
0.0154278 0.201521 -1.33674
0.0244732 0.201535 -1.33639
0.0353187 0.201987 -1.33739
0.0454999 0.201898 -1.33824
0.0553443 0.201552 -1.33697
0.0655222 0.202033 -1.33804
0.073994 0.201576 -1.33739
0.0855938 0.201388 -1.33695
0.0941442 0.201696 -1.33744
0.105342 0.201053 -1.33642
0.11532 0.200923 -1.33553
0.126193 0.201686 -1.33726
0.13445 0.200577 -1.33485
0.145433 0.201115 -1.3368
0.15616 0.201826 -1.33776
0.165146 0.201769 -1.33732
0.17537 0.201698 -1.33791
0.185302 0.201768 -1.33786
0.19552 0.201517 -1.33782
0.204822 0.201555 -1.33765
0.214447 0.201441 -1.33637
0.224267 0.20166 -1.33878
0.23545 0.201088 -1.33823
0.245559 0.20156 -1.33767
0.255296 0.201606 -1.33744
0.265061 0.201749 -1.33772
0.274683 0.20155 -1.33694
0.284708 0.201503 -1.33772
0.294637 0.201628 -1.33689
0.304833 0.201147 -1.33865
0.314776 0.201409 -1.3367
0.324946 0.202213 -1.33798
0.334383 0.201481 -1.33664
0.345123 0.200973 -1.33753
0.355388 0.201779 -1.33847
0.36571 0.201507 -1.33773
0.374483 0.201913 -1.3381
0.385445 0.201471 -1.33711
0.39558 0.201565 -1.33813
0.40383 0.20181 -1.33815
0.414472 0.201802 -1.33904
0.424159 0.201479 -1.33806
0.435192 0.20085 -1.33668
0.443232 0.201943 -1.33897
-0.175189 0.237521 -1.33909
-0.165576 0.238362 -1.3393
-0.154477 0.237403 -1.33913
-0.192089 0.244826 -1.33845
-0.184276 0.246596 -1.33819
-0.174635 0.245378 -1.33615
-0.165063 0.244757 -1.33657
-0.154635 0.245178 -1.3384
-0.145172 0.247612 -1.33818
-0.136433 0.248093 -1.33896
-0.20167 0.25742 -1.3381
-0.194646 0.255167 -1.33534
-0.184906 0.254241 -1.33397
-0.175813 0.255136 -1.33283
-0.164819 0.254155 -1.33349
-0.154606 0.254425 -1.33403
-0.144841 0.254755 -1.33463
-0.135325 0.255087 -1.33636
-0.129012 0.25524 -1.33905
-0.20159 0.26407 -1.3357
-0.19535 0.263574 -1.33209
-0.185398 0.262558 -1.33129
-0.17664 0.262257 -1.33096
-0.165243 0.262113 -1.33103
-0.154331 0.261946 -1.33142
-0.144008 0.262824 -1.33167
-0.135102 0.264669 -1.33345
-0.12874 0.26592 -1.33671
-0.201688 0.274482 -1.33482
-0.197376 0.271144 -1.33146
-0.18646 0.27302 -1.3321
-0.16078 0.27274 -1.3307
-0.134748 0.270902 -1.3317
-0.128957 0.274586 -1.3331
0.35785 0.27673 -1.3369
-0.20176 0.285045 -1.3335
-0.128992 0.283482 -1.33257
-0.12897 0.29057 -1.3303
-0.204765 0.3178 -1.3361
-0.20494 0.32015 -1.3376
-0.126127 0.38238 -1.33372
0.52228 0.38157 -1.3306
-0.784195 -0.56462 -1.3245
-0.77843 -0.5604 -1.3204
-0.777435 -0.558797 -1.3235
-0.8343 -0.53148 -1.3213
-0.88272 -0.52942 -1.3275
-0.834555 -0.525745 -1.32405
-0.87201 -0.5055 -1.3288
-0.83281 -0.50739 -1.32795
-0.82832 -0.49991 -1.3225
-0.714219 -0.492964 -1.32774
-0.704457 -0.494067 -1.32741
-0.695161 -0.494242 -1.32828
-0.684699 -0.493509 -1.32894
-0.67802 -0.49181 -1.3288
-0.86631 -0.48342 -1.3269
-0.72089 -0.48007 -1.3256
-0.714878 -0.485689 -1.32493
-0.703492 -0.485648 -1.32268
-0.69474 -0.484398 -1.32306
-0.685647 -0.485225 -1.32398
-0.678213 -0.484669 -1.32665
-0.82433 -0.4711 -1.3256
-0.721473 -0.47713 -1.32597
-0.70328 -0.479505 -1.32015
-0.695813 -0.47881 -1.32083
-0.685013 -0.478337 -1.32093
-0.678215 -0.475553 -1.32528
-0.72841 -0.4676 -1.3285
-0.677079 -0.464566 -1.32491
-0.816655 -0.45643 -1.322
-0.676052 -0.455245 -1.32456
-0.676002 -0.445499 -1.3232
-0.80564 -0.43002 -1.3265
-0.74246 -0.4324 -1.3294
-0.677268 -0.435637 -1.32415
-0.68025 -0.42674 -1.3258
-0.678597 -0.425093 -1.32557
-0.81486 -0.41162 -1.3281
-0.74672 -0.412215 -1.32755
-0.681 -0.417043 -1.32657
-0.67889 -0.41572 -1.32475
-0.81754 -0.40608 -1.3293
-0.800905 -0.40151 -1.3214
-0.68192 -0.40509 -1.32443
-0.67819 -0.40934 -1.3207
-0.80436 -0.39862 -1.3287
-0.67989 -0.39312 -1.3294
-0.7845 -0.38674 -1.3271
-0.6864 -0.38956 -1.3272
-0.80514 -0.36366 -1.32445
-0.78083 -0.36488 -1.3211
-0.68125 -0.36013 -1.3243
0.406406 -0.362591 -1.32825
0.414572 -0.362963 -1.32684
0.423976 -0.36311 -1.32857
0.433303 -0.363196 -1.32872
-0.80439 -0.355455 -1.32535
-0.68597 -0.35458 -1.3246
0.405668 -0.35487 -1.32519
0.415112 -0.354932 -1.32367
0.424869 -0.354892 -1.32409
0.43486 -0.355251 -1.32499
0.44311 -0.356295 -1.32855
-0.8019 -0.34578 -1.3234
0.405335 -0.34577 -1.32439
0.415402 -0.347493 -1.32065
0.42355 -0.348273 -1.32083
0.435827 -0.348278 -1.321
0.44175 -0.347 -1.32277
0.402225 -0.334313 -1.32394
-0.8014 -0.32697 -1.3273
-0.69917 -0.3201 -1.3222
0.403481 -0.326074 -1.32516
-0.70503 -0.318315 -1.3265
0.402576 -0.31504 -1.32519
0.402801 -0.304802 -1.32501
0.402421 -0.294421 -1.32504
0.402689 -0.28526 -1.32414
0.402985 -0.275418 -1.32235
0.40744 -0.26254 -1.3253
-0.81595 -0.23285 -1.3278
0.47937 -0.23365 -1.3247
0.48435 -0.21535 -1.322
0.42791 -0.1876 -1.3247
0.49061 -0.18993 -1.3228
0.44037 -0.14513 -1.33
-0.85261 -0.13971 -1.3299
-0.85463 -0.12051 -1.3258
-0.8567 -0.11898 -1.3246
-0.77374 -0.1166 -1.3281
0.44455 -0.10811 -1.3206
0.45448 -0.083001 -1.3222
-0.75797 -0.07673 -1.3273
0.53695 -0.045404 -1.32865
-0.172947 -0.0358433 -1.32613
-0.168375 -0.032052 -1.325
-0.17176 -0.028847 -1.3294
-0.16542 -0.027435 -1.3278
0.54585 -0.0048646 -1.3212
0.55127 0.0029185 -1.3262
0.59265 0.062545 -1.3209
-0.77301 0.18228 -1.3293
-0.751683 0.196553 -1.32493
-0.744391 0.196826 -1.32393
-0.735214 0.197189 -1.32459
-0.724544 0.197313 -1.32519
-0.713986 0.19694 -1.32538
-0.704858 0.197444 -1.32631
-0.694981 0.197259 -1.32543
-0.685078 0.196624 -1.32391
-0.675592 0.19725 -1.32632
-0.664695 0.196799 -1.32465
-0.655379 0.197201 -1.32525
-0.645125 0.196779 -1.32535
-0.635552 0.197174 -1.32536
-0.625862 0.196808 -1.32483
-0.614648 0.197401 -1.32528
-0.604138 0.19692 -1.32507
-0.595736 0.19768 -1.32543
-0.584997 0.196892 -1.32536
-0.574552 0.197046 -1.32539
-0.565045 0.196295 -1.32405
-0.555312 0.196368 -1.32528
-0.54469 0.196808 -1.32589
-0.534933 0.197392 -1.32621
-0.524796 0.197238 -1.32635
-0.514735 0.196693 -1.32477
-0.505632 0.197746 -1.32611
-0.494784 0.196351 -1.32374
-0.484448 0.197218 -1.32571
-0.475199 0.196983 -1.32566
-0.465108 0.196838 -1.32473
-0.454657 0.196336 -1.32423
-0.445627 0.197174 -1.32629
-0.434694 0.196972 -1.32531
-0.425013 0.19711 -1.32581
-0.415351 0.195906 -1.32445
-0.405935 0.196519 -1.32485
-0.395131 0.197058 -1.32506
-0.385175 0.196648 -1.32491
-0.375359 0.196267 -1.32488
-0.365764 0.196816 -1.32672
-0.354764 0.196535 -1.32556
-0.345152 0.1962 -1.32483
-0.334473 0.19617 -1.32418
-0.325131 0.196247 -1.32465
-0.314996 0.196257 -1.32472
-0.305034 0.196214 -1.32466
-0.295026 0.195656 -1.32442
-0.284848 0.196196 -1.32534
-0.275883 0.196402 -1.32538
-0.265599 0.195285 -1.32334
-0.254633 0.195848 -1.32474
-0.245445 0.195928 -1.3244
-0.235192 0.196059 -1.32564
-0.224555 0.195619 -1.32486
-0.21488 0.195441 -1.32483
-0.20519 0.194925 -1.32328
-0.195357 0.19504 -1.32526
-0.184491 0.194348 -1.32413
-0.175315 0.19476 -1.32582
-0.164716 0.194575 -1.32501
-0.15533 0.194826 -1.32503
-0.145451 0.194649 -1.32458
-0.135066 0.194841 -1.3246
-0.124031 0.194729 -1.32511
-0.114953 0.194921 -1.32531
-0.105394 0.19511 -1.32455
-0.0948029 0.194699 -1.3244
-0.0847608 0.195093 -1.32504
-0.0754408 0.194721 -1.32509
-0.0650511 0.194826 -1.32439
-0.0559861 0.194744 -1.32477
-0.0454414 0.194326 -1.32432
-0.0342582 0.194726 -1.32573
-0.0254309 0.195153 -1.32551
-0.0154249 0.195155 -1.32487
-0.00439089 0.195038 -1.32554
0.00539447 0.194626 -1.3251
0.0145426 0.194724 -1.32562
0.0239976 0.194427 -1.32499
0.0350537 0.195067 -1.32425
0.0451479 0.19486 -1.32431
0.0558135 0.193283 -1.32376
0.0647388 0.194225 -1.32439
0.0752564 0.195065 -1.3257
0.0850101 0.194069 -1.32381
0.0951711 0.19502 -1.32557
0.1054 0.193714 -1.32379
0.11426 0.19402 -1.32404
0.124306 0.194025 -1.32325
0.134945 0.194388 -1.32477
0.145235 0.194468 -1.32451
0.154438 0.194772 -1.32462
0.164898 0.195357 -1.32553
0.175402 0.194502 -1.32481
0.185363 0.194798 -1.3256
0.195105 0.195254 -1.3255
0.204992 0.194345 -1.32443
0.215304 0.194516 -1.32389
0.224997 0.194469 -1.32526
0.235094 0.194831 -1.32484
0.24472 0.193598 -1.32378
0.254093 0.194331 -1.32444
0.264624 0.195079 -1.32569
0.275277 0.194168 -1.3245
0.285372 0.195431 -1.32551
0.294116 0.193847 -1.32429
0.304751 0.193964 -1.32509
0.315163 0.194476 -1.325
0.326123 0.193849 -1.32358
0.335154 0.194098 -1.32401
0.345353 0.193949 -1.32481
0.355104 0.194222 -1.32589
0.363612 0.194107 -1.32485
0.37451 0.194395 -1.32541
0.384471 0.194212 -1.32497
0.394451 0.194601 -1.32583
0.405246 0.193791 -1.32441
0.414929 0.194519 -1.32528
0.425219 0.19348 -1.32419
0.435132 0.195125 -1.32611
0.443514 0.194007 -1.32516
-0.60523 0.20132 -1.33
-0.18602 0.25841 -1.3289
-0.17331 0.257993 -1.32957
-0.166266 0.259076 -1.3282
-0.155637 0.259927 -1.32943
-0.149227 0.258383 -1.3287
-0.193425 0.266128 -1.32775
-0.184784 0.266749 -1.32742
-0.175127 0.266446 -1.32663
-0.164322 0.265958 -1.32646
-0.15472 0.26597 -1.32808
-0.146155 0.26689 -1.32791
-0.136868 0.26902 -1.32866
-0.20129 0.277275 -1.3295
-0.194245 0.275489 -1.32567
-0.184794 0.274704 -1.32436
-0.175267 0.27449 -1.32264
-0.165057 0.274548 -1.32244
-0.15522 0.274446 -1.32375
-0.145657 0.274859 -1.32442
-0.135162 0.275627 -1.3269
-0.201298 0.28487 -1.32798
-0.195435 0.283502 -1.32295
-0.185482 0.281022 -1.32272
-0.176546 0.280938 -1.32234
-0.163596 0.281569 -1.32183
-0.15511 0.28179 -1.3213
-0.144002 0.28273 -1.321
-0.134801 0.284955 -1.32334
-0.128888 0.285303 -1.3281
-0.201173 0.293893 -1.32454
-0.19862 0.29114 -1.3201
-0.131932 0.292362 -1.32143
-0.128823 0.294859 -1.32349
-0.20099 0.30096 -1.3208
-0.20345 0.31865 -1.3205
-0.203977 0.323293 -1.32553
-0.209006 0.379287 -1.32394
-0.127187 0.379053 -1.32244
-0.209785 0.380543 -1.32747
-0.127017 0.380526 -1.32702
-0.90318 -0.57431 -1.31373
-0.8273 -0.5769 -1.3115
-0.895445 -0.561605 -1.3121
-0.782484 -0.564204 -1.31613
-0.77657 -0.56035 -1.3166
-0.89669 -0.55025 -1.311
-0.82084 -0.55818 -1.3186
-0.81643 -0.55392 -1.3118
-0.78069 -0.55993 -1.3193
-0.7775 -0.55849 -1.3193
-0.90658 -0.54552 -1.3139
-0.90008 -0.53684 -1.3116
-0.88853 -0.53326 -1.3145
-0.81425 -0.525405 -1.31375
-0.86749 -0.51293 -1.3125
-0.82757 -0.51346 -1.31585
-0.87621 -0.50204 -1.3161
-0.86697 -0.50319 -1.3154
-0.8719 -0.49734 -1.3156
-0.86865 -0.4934 -1.3167
-0.82184 -0.49988 -1.3104
-0.80761 -0.4826 -1.312
-0.71251 -0.48058 -1.3191
-0.70621 -0.481312 -1.319
-0.84345 -0.47767 -1.3151
-0.80761 -0.47331 -1.3154
-0.712706 -0.473893 -1.31608
-0.705221 -0.47488 -1.31714
-0.694495 -0.473582 -1.31697
-0.684092 -0.474021 -1.31714
-0.67882 -0.47503 -1.31815
-0.714023 -0.464168 -1.3121
-0.705374 -0.465957 -1.31231
-0.695463 -0.467194 -1.31372
-0.684711 -0.464806 -1.31335
-0.678099 -0.464436 -1.31653
-0.82441 -0.45547 -1.3152
-0.81119 -0.45595 -1.3121
-0.683555 -0.459085 -1.31035
-0.678351 -0.455028 -1.31503
-0.677858 -0.444476 -1.31635
-0.727055 -0.43798 -1.31275
-0.68078 -0.43163 -1.3135
-0.676813 -0.434475 -1.3155
-0.80788 -0.42379 -1.3115
-0.79726 -0.42821 -1.3116
-0.676473 -0.425888 -1.31455
-0.677923 -0.415312 -1.31561
-0.678805 -0.405665 -1.3144
-0.7818 -0.39435 -1.3144
-0.681675 -0.39549 -1.318
-0.678247 -0.39722 -1.31283
-0.679103 -0.382337 -1.31527
-0.785775 -0.377055 -1.3112
-0.773735 -0.375435 -1.31275
-0.6791 -0.37999 -1.314
-0.7579 -0.36054 -1.3105
-0.67867 -0.35999 -1.3187
0.4046 -0.35035 -1.3195
0.42983 -0.35041 -1.3197
-0.79841 -0.34553 -1.3172
-0.76832 -0.34459 -1.3136
0.407081 -0.342363 -1.31799
0.414775 -0.344432 -1.31775
0.425897 -0.344423 -1.31791
0.434483 -0.344058 -1.31805
0.44089 -0.341603 -1.31817
-0.79592 -0.33721 -1.31485
0.405181 -0.334922 -1.31471
0.41536 -0.334953 -1.31225
0.425039 -0.335796 -1.31394
0.434731 -0.334695 -1.31389
0.44178 -0.336142 -1.3169
-0.69996 -0.32318 -1.3176
0.404033 -0.325694 -1.31453
0.417435 -0.32845 -1.31065
0.42225 -0.327695 -1.3104
0.43583 -0.327355 -1.31095
0.442945 -0.325383 -1.31232
-0.78151 -0.3181 -1.3139
-0.70375 -0.31585 -1.3163
0.402946 -0.314732 -1.31538
0.403288 -0.305674 -1.31492
0.45409 -0.30489 -1.3166
0.402259 -0.295165 -1.31477
0.45831 -0.29261 -1.3174
-0.78744 -0.28193 -1.3128
0.402665 -0.285304 -1.3139
0.402543 -0.27557 -1.31367
0.403023 -0.266882 -1.31563
-0.72132 -0.25668 -1.3165
0.40252 -0.2577 -1.31125
-0.79587 -0.24724 -1.3101
0.407975 -0.247955 -1.3174
0.46708 -0.24895 -1.3121
-0.72585 -0.23621 -1.3162
0.40896 -0.23302 -1.3136
0.413547 -0.215513 -1.31387
0.48042 -0.20886 -1.3148
-0.73753 -0.196655 -1.317
0.42429 -0.18109 -1.3173
0.48752 -0.1878 -1.3167
-0.7531 -0.15501 -1.3116
-0.75632 -0.067867 -1.3103
0.45103 -0.063942 -1.3105
-0.87937 -0.032452 -1.3147
-0.172003 -0.0346997 -1.3145
-0.168615 -0.0317465 -1.312
0.55044 0.01372 -1.3198
-0.89576 0.072678 -1.3153
-0.8145 0.14051 -1.3193
-0.75364 0.189005 -1.31555
-0.74486 0.189127 -1.31173
-0.73687 0.188815 -1.3119
-0.72416 0.18894 -1.3104
-0.712547 0.189003 -1.3109
-0.706237 0.18874 -1.31138
-0.69297 0.188995 -1.3108
-0.684726 0.188806 -1.31136
-0.675625 0.189185 -1.31215
-0.667895 0.189165 -1.312
-0.656877 0.189283 -1.31283
-0.644324 0.188462 -1.31084
-0.635562 0.188952 -1.31238
-0.624997 0.18877 -1.31155
-0.61402 0.18914 -1.3118
-0.604432 0.189212 -1.31232
-0.593382 0.189185 -1.31212
-0.584155 0.189342 -1.31323
-0.562375 0.18929 -1.31285
-0.5563 0.18924 -1.31253
-0.54262 0.188995 -1.3108
-0.535731 0.188679 -1.31213
-0.524493 0.188498 -1.31048
-0.513649 0.188859 -1.31251
-0.50465 0.189207 -1.31227
-0.494385 0.189255 -1.3126
-0.48295 0.189265 -1.31265
-0.475123 0.18896 -1.31323
-0.465778 0.18861 -1.31125
-0.45271 0.189097 -1.31153
-0.4434 0.18882 -1.31146
-0.435932 0.18889 -1.31198
-0.42413 0.188498 -1.31205
-0.415742 0.188804 -1.31134
-0.406094 0.188643 -1.31187
-0.393332 0.189235 -1.31247
-0.384503 0.188545 -1.31077
-0.375094 0.188571 -1.31201
-0.365174 0.188544 -1.31117
-0.354141 0.187928 -1.31198
-0.344843 0.188637 -1.31247
-0.335568 0.18883 -1.31152
-0.324973 0.188529 -1.31224
-0.314253 0.188766 -1.31338
-0.305149 0.18863 -1.31227
-0.294668 0.188888 -1.31165
-0.283934 0.188451 -1.31263
-0.274963 0.188501 -1.31204
-0.265923 0.188163 -1.31283
-0.254195 0.188706 -1.3123
-0.244536 0.188611 -1.31279
-0.234618 0.1888 -1.3136
-0.225011 0.188757 -1.31381
-0.215387 0.188822 -1.31427
-0.204563 0.188638 -1.31426
-0.194436 0.188124 -1.31332
-0.185059 0.188524 -1.31433
-0.17595 0.188343 -1.31393
-0.165049 0.188111 -1.31334
-0.155601 0.187975 -1.31309
-0.144854 0.188665 -1.31445
-0.134269 0.188318 -1.31339
-0.124945 0.187954 -1.31293
-0.115675 0.188595 -1.31505
-0.105625 0.188139 -1.31278
-0.0957434 0.188537 -1.3135
-0.0832477 0.188049 -1.3136
-0.0742807 0.188067 -1.31371
-0.0650729 0.187905 -1.31345
-0.0560495 0.187987 -1.31316
-0.0447085 0.188087 -1.3129
-0.0344957 0.188522 -1.31407
-0.0247037 0.188457 -1.31409
-0.0148679 0.188426 -1.31452
-0.00532414 0.188924 -1.31449
0.00507951 0.188338 -1.31418
0.0148582 0.188816 -1.31476
0.025503 0.188834 -1.31437
0.0363766 0.187696 -1.31351
0.0450169 0.188991 -1.3148
0.0543721 0.187376 -1.31321
0.0659921 0.188063 -1.31369
0.0746996 0.187982 -1.31311
0.0842488 0.187925 -1.3134
0.0960201 0.189174 -1.31557
0.104349 0.18814 -1.31304
0.114906 0.18825 -1.31414
0.124963 0.188332 -1.31385
0.135238 0.188026 -1.31345
0.145152 0.188073 -1.31377
0.155549 0.188347 -1.31357
0.165479 0.187842 -1.31361
0.17539 0.188356 -1.31418
0.184184 0.188288 -1.31421
0.194541 0.187673 -1.31346
0.205451 0.188098 -1.31393
0.215483 0.187454 -1.31252
0.224464 0.18838 -1.31419
0.234446 0.187592 -1.31382
0.244673 0.187952 -1.31437
0.254851 0.188315 -1.31544
0.265413 0.188638 -1.31489
0.275098 0.188039 -1.31456
0.285018 0.187956 -1.31452
0.295127 0.187418 -1.31389
0.305224 0.187867 -1.31405
0.315264 0.188072 -1.31377
0.324889 0.187581 -1.31366
0.334676 0.186747 -1.31284
0.344278 0.187818 -1.31433
0.355981 0.187727 -1.31383
0.365371 0.187858 -1.31413
0.374489 0.1877 -1.31431
0.385206 0.187644 -1.31389
0.394691 0.188281 -1.31522
0.404671 0.187854 -1.31412
0.415532 0.187326 -1.31326
0.426469 0.186683 -1.31337
0.434758 0.188212 -1.31475
0.442067 0.188473 -1.31343
-0.752963 0.192267 -1.31797
-0.74482 0.191494 -1.31489
-0.735082 0.191888 -1.3153
-0.725064 0.192031 -1.31549
-0.714994 0.192204 -1.31618
-0.704563 0.19166 -1.31536
-0.69491 0.191881 -1.31689
-0.684632 0.192054 -1.31644
-0.675614 0.192149 -1.31661
-0.665103 0.191532 -1.31501
-0.655094 0.192111 -1.31604
-0.645831 0.192299 -1.31577
-0.635403 0.191708 -1.3162
-0.624179 0.192359 -1.31641
-0.614858 0.192468 -1.31681
-0.604834 0.192402 -1.31648
-0.594928 0.192371 -1.31538
-0.585877 0.192592 -1.31781
-0.574941 0.19203 -1.31627
-0.565169 0.19197 -1.31588
-0.554603 0.191303 -1.3149
-0.545297 0.19244 -1.31685
-0.535079 0.192058 -1.31614
-0.525522 0.192269 -1.31647
-0.515098 0.191792 -1.31678
-0.503877 0.192506 -1.31634
-0.494476 0.192209 -1.31746
-0.484863 0.192594 -1.31782
-0.474632 0.192283 -1.31772
-0.464854 0.191864 -1.31743
-0.455975 0.191272 -1.31582
-0.444932 0.19185 -1.31612
-0.435192 0.192129 -1.31759
-0.424627 0.191965 -1.31746
-0.414352 0.191308 -1.31576
-0.40416 0.192082 -1.31664
-0.39522 0.191857 -1.31723
-0.384711 0.191934 -1.31724
-0.374966 0.191817 -1.31713
-0.364966 0.191904 -1.31705
-0.354067 0.191799 -1.317
-0.344694 0.191673 -1.31597
-0.336218 0.191555 -1.31618
-0.324945 0.191566 -1.31589
-0.315351 0.191944 -1.31931
-0.304961 0.191792 -1.31679
-0.295047 0.19134 -1.31788
-0.28634 0.1917 -1.31764
-0.274082 0.192046 -1.31703
-0.263909 0.191896 -1.31766
-0.25515 0.191779 -1.3167
-0.243986 0.19158 -1.3174
-0.234242 0.191951 -1.31854
-0.22489 0.192071 -1.31887
-0.212705 0.19145 -1.3186
-0.206048 0.191647 -1.3184
-0.194488 0.191194 -1.31868
-0.18768 0.19162 -1.3198
-0.174003 0.191423 -1.31843
-0.165715 0.19154 -1.31925
-0.155783 0.191148 -1.31883
-0.14176 0.191565 -1.3194
-0.134413 0.190852 -1.31757
-0.12545 0.191537 -1.31923
-0.116783 0.191515 -1.31907
-0.105344 0.19139 -1.3182
-0.0946632 0.191531 -1.31779
-0.0850828 0.191731 -1.31928
-0.0734727 0.191775 -1.31928
-0.0658527 0.191093 -1.31923
-0.0547777 0.190995 -1.31855
-0.0446957 0.19153 -1.31908
-0.0351575 0.191162 -1.31893
-0.0231833 0.19146 -1.3187
-0.0148223 0.19149 -1.3189
-0.00541736 0.191492 -1.31892
0.00503661 0.191488 -1.31888
0.017499 0.19002 -1.3179
0.0269405 0.19133 -1.3178
0.0342749 0.19082 -1.31771
0.0452562 0.191228 -1.31865
0.054466 0.190875 -1.3192
0.0650202 0.19118 -1.31905
0.0744592 0.19141 -1.31834
0.0851446 0.191212 -1.31882
0.0956528 0.19135 -1.31796
0.105693 0.190557 -1.31857
0.11507 0.19118 -1.31905
0.126722 0.191055 -1.3182
0.133895 0.191188 -1.31912
0.145195 0.19148 -1.31885
0.156287 0.191266 -1.31863
0.164858 0.191333 -1.31777
0.172215 0.191385 -1.31815
0.18541 0.191095 -1.3185
0.193602 0.191198 -1.31872
0.205485 0.191565 -1.3194
0.213892 0.190654 -1.31862
0.22781 0.19161 -1.31975
0.234222 0.190807 -1.31877
0.248215 0.19051 -1.31675
0.255333 0.191333 -1.31783
0.26541 0.19155 -1.31932
0.276685 0.19085 -1.31905
0.283834 0.190954 -1.3189
0.29432 0.19014 -1.3188
0.304935 0.190235 -1.3194
0.314996 0.191378 -1.31814
0.32423 0.190907 -1.31797
0.334873 0.190703 -1.31873
0.34669 0.19009 -1.31845
0.353867 0.191133 -1.3195
0.3672 0.190845 -1.31905
0.376 0.19045 -1.31862
0.38358 0.19004 -1.318
0.393213 0.191167 -1.31973
0.40857 0.19026 -1.3196
0.414057 0.190038 -1.31805
0.4257 0.190215 -1.31925
0.434285 0.191155 -1.31887
0.44206 0.191623 -1.31667
-0.18486 0.27621 -1.31893
-0.17446 0.276125 -1.319
-0.163363 0.27607 -1.31868
-0.153227 0.278633 -1.31933
-0.14758 0.27989 -1.3186
-0.194073 0.286479 -1.31729
-0.185207 0.285589 -1.31718
-0.174837 0.285012 -1.31748
-0.164562 0.285808 -1.3171
-0.155103 0.285435 -1.31776
-0.145432 0.285188 -1.31791
-0.138352 0.288486 -1.31816
-0.20069 0.29693 -1.3181
-0.195023 0.29478 -1.31364
-0.185476 0.29429 -1.31298
-0.174631 0.294128 -1.31302
-0.164624 0.294334 -1.31283
-0.154991 0.294573 -1.31325
-0.145581 0.294836 -1.31387
-0.135271 0.295184 -1.31452
-0.128685 0.29877 -1.31715
-0.200684 0.305533 -1.31604
-0.196287 0.303661 -1.31222
-0.188937 0.302607 -1.3111
-0.177093 0.30731 -1.3119
-0.16215 0.30001 -1.3104
-0.15293 0.303208 -1.31058
-0.145123 0.304135 -1.31135
-0.134317 0.304219 -1.31202
-0.128664 0.30589 -1.31466
-0.201383 0.31445 -1.3138
-0.14127 0.31009 -1.3121
-0.132785 0.310975 -1.31015
-0.128638 0.316154 -1.31124
-0.203365 0.322605 -1.31855
-0.12871 0.32184 -1.3128
-0.20302 0.3341 -1.31155
-0.207179 0.37715 -1.31593
-0.128263 0.377043 -1.31543
-0.816635 -0.580145 -1.3066
-0.79832 -0.58026 -1.3051
-0.91096 -0.57491 -1.3034
-0.90258 -0.573925 -1.30835
-0.82511 -0.57324 -1.3032
-0.79258 -0.57685 -1.3009
-0.786363 -0.57137 -1.30247
-0.90541 -0.56362 -1.3096
-0.89775 -0.56933 -1.3046
-0.784917 -0.567923 -1.30688
-0.891225 -0.554935 -1.30755
-0.88215 -0.543325 -1.30195
-0.81229 -0.54357 -1.3025
-0.87463 -0.53258 -1.3012
-0.86929 -0.52329 -1.3009
-0.80885 -0.52827 -1.3022
-0.874155 -0.514485 -1.305
-0.86918 -0.51597 -1.309
-0.81204 -0.51427 -1.3084
-0.81985 -0.50261 -1.3056
-0.87149 -0.49675 -1.3099
-0.8049 -0.486875 -1.3053
-0.83808 -0.46086 -1.301
-0.71029 -0.4649 -1.3082
-0.704477 -0.461977 -1.3083
-0.695341 -0.461582 -1.30869
-0.715053 -0.454414 -1.30759
-0.705159 -0.454515 -1.30532
-0.694919 -0.454831 -1.30623
-0.685629 -0.454248 -1.30735
-0.678428 -0.453994 -1.30894
-0.72069 -0.44588 -1.3081
-0.714978 -0.446698 -1.30366
-0.705056 -0.447064 -1.30158
-0.694637 -0.445493 -1.30134
-0.684684 -0.445564 -1.30275
-0.67781 -0.444499 -1.30546
-0.79942 -0.43425 -1.3083
-0.68533 -0.43892 -1.3006
-0.677647 -0.435521 -1.30516
-0.677979 -0.423963 -1.30735
-0.78921 -0.41742 -1.3053
-0.68038 -0.41068 -1.3018
-0.677048 -0.41556 -1.3054
-0.8024 -0.40656 -1.3069
-0.78257 -0.405675 -1.3045
-0.72981 -0.40745 -1.3005
-0.677161 -0.405137 -1.30375
-0.80304 -0.39222 -1.3073
-0.79841 -0.39916 -1.302
-0.676835 -0.39461 -1.30265
-0.80517 -0.38669 -1.3077
-0.677272 -0.385107 -1.30279
-0.79791 -0.37161 -1.3092
-0.676362 -0.374749 -1.30449
-0.77158 -0.367 -1.3033
-0.67095 -0.36222 -1.3012
-0.78665 -0.35579 -1.30595
-0.67138 -0.35983 -1.3028
-0.76282 -0.34593 -1.3081
-0.791097 -0.33445 -1.30693
0.407667 -0.331757 -1.30923
0.41119 -0.331655 -1.30975
0.42601 -0.33089 -1.3096
-0.77769 -0.32449 -1.3003
-0.68524 -0.3238 -1.3031
0.406246 -0.324541 -1.30669
0.414419 -0.323999 -1.30612
0.42485 -0.325423 -1.30741
0.434338 -0.324064 -1.30763
0.44026 -0.32264 -1.3097
-0.774305 -0.312395 -1.3047
-0.695005 -0.31233 -1.3072
0.405426 -0.315544 -1.30447
0.415514 -0.316145 -1.30134
0.424733 -0.315853 -1.30221
0.435506 -0.315191 -1.30291
0.442522 -0.314627 -1.30527
0.403629 -0.304336 -1.30565
0.437388 -0.308098 -1.30082
0.445077 -0.307747 -1.3051
-0.7033 -0.29122 -1.305
0.402924 -0.294153 -1.30581
-0.70493 -0.28299 -1.3048
0.403122 -0.28498 -1.30464
0.403433 -0.275007 -1.30576
0.402277 -0.265258 -1.30477
-0.712205 -0.25708 -1.30115
0.401918 -0.254932 -1.30385
0.45951 -0.25978 -1.3046
-0.79536 -0.24837 -1.309
0.402886 -0.24499 -1.3039
0.46358 -0.24146 -1.3005
0.40466 -0.23511 -1.30295
0.40633 -0.22839 -1.3023
-0.81191 -0.20375 -1.3067
0.47561 -0.20615 -1.3052
0.41661 -0.18729 -1.3044
-0.74156 -0.17605 -1.30505
-0.74959 -0.16389 -1.3091
0.42562 -0.15834 -1.3064
0.49882 -0.15321 -1.3076
-0.82877 -0.14698 -1.3003
0.50222 -0.11842 -1.3027
-0.17047 -0.0316705 -1.3089
-0.170405 -0.027675 -1.30795
-0.166941 -0.0273143 -1.30367
0.46005 -0.012822 -1.31
0.54283 0.02257 -1.301
-0.79546 0.14965 -1.3051
-0.77448 0.17156 -1.309
-0.15633 0.17964 -1.3002
-0.0857955 0.1797 -1.3007
0.0332525 0.179675 -1.3005
0.0540495 0.179745 -1.301
0.099041 0.1798 -1.3014
0.103297 0.179843 -1.30173
0.12205 0.17966 -1.3004
0.138145 0.17979 -1.30135
0.15183 0.179025 -1.30065
0.20134 0.17965 -1.3003
0.21256 0.17981 -1.3015
0.22766 0.17968 -1.3005
0.23924 0.17994 -1.3024
0.27427 0.17964 -1.3002
0.29473 0.179247 -1.30063
0.30408 0.179783 -1.3013
0.313923 0.17975 -1.30107
0.32231 0.17973 -1.3009
0.33424 0.179867 -1.30187
0.344582 0.179815 -1.30153
0.355122 0.179814 -1.3015
0.364263 0.179717 -1.3008
0.375537 0.179787 -1.30137
0.38131 0.17986 -1.3019
0.39997 0.17969 -1.3006
0.41746 0.17985 -1.30177
0.42236 0.17985 -1.3018
0.435655 0.179787 -1.30132
0.445212 0.17897 -1.30122
-0.754645 0.183815 -1.30705
-0.744943 0.18648 -1.30666
-0.733714 0.185674 -1.30447
-0.725301 0.185579 -1.30557
-0.71529 0.18532 -1.30441
-0.704349 0.185364 -1.30416
-0.696397 0.186128 -1.30557
-0.685388 0.185325 -1.30388
-0.674214 0.185209 -1.30515
-0.664211 0.185353 -1.30516
-0.654812 0.185134 -1.30532
-0.645634 0.185428 -1.30543
-0.635224 0.185321 -1.30538
-0.625475 0.185284 -1.30584
-0.616144 0.185437 -1.30542
-0.605151 0.185675 -1.30462
-0.59503 0.184925 -1.30411
-0.586087 0.184983 -1.3047
-0.574716 0.185992 -1.30591
-0.564702 0.18596 -1.30593
-0.554422 0.186079 -1.30605
-0.544917 0.185782 -1.30542
-0.534823 0.1841 -1.30369
-0.525059 0.184814 -1.30452
-0.516309 0.184849 -1.3051
-0.503789 0.184694 -1.30367
-0.496052 0.185956 -1.30639
-0.485072 0.185548 -1.30535
-0.475352 0.184558 -1.30412
-0.465176 0.184708 -1.30378
-0.455375 0.185754 -1.30574
-0.445032 0.185282 -1.30495
-0.434931 0.184876 -1.30462
-0.425109 0.185232 -1.30588
-0.414498 0.184371 -1.30476
-0.405094 0.184739 -1.30482
-0.395119 0.185335 -1.30494
-0.38535 0.184605 -1.30453
-0.375164 0.184176 -1.30437
-0.364583 0.185011 -1.30591
-0.35515 0.183674 -1.30314
-0.344578 0.184362 -1.30469
-0.334871 0.184466 -1.30426
-0.325584 0.184796 -1.30482
-0.315445 0.184577 -1.30599
-0.305112 0.184377 -1.30517
-0.295605 0.184503 -1.30455
-0.285691 0.184202 -1.30459
-0.275164 0.184048 -1.30523
-0.264053 0.183839 -1.30565
-0.255102 0.185455 -1.30649
-0.24543 0.184245 -1.30485
-0.235233 0.184341 -1.30552
-0.224587 0.184087 -1.30436
-0.214754 0.183855 -1.30488
-0.205077 0.183395 -1.30507
-0.195912 0.183426 -1.30494
-0.184599 0.183581 -1.30434
-0.175029 0.183582 -1.30538
-0.165053 0.182964 -1.30446
-0.153947 0.183015 -1.30409
-0.144514 0.183678 -1.30525
-0.135311 0.183662 -1.30364
-0.126135 0.183639 -1.30457
-0.115691 0.184157 -1.30566
-0.104729 0.183301 -1.30511
-0.0953913 0.18423 -1.30599
-0.0853151 0.183563 -1.30605
-0.0744698 0.183454 -1.30451
-0.0642448 0.18283 -1.30322
-0.0549398 0.183818 -1.30523
-0.0456354 0.184173 -1.30642
-0.0355028 0.184041 -1.30589
-0.0247389 0.183466 -1.30536
-0.014606 0.183357 -1.30436
-0.00479486 0.183984 -1.30579
0.00498978 0.183019 -1.30457
0.0144879 0.183796 -1.30537
0.0245477 0.183637 -1.30576
0.0347427 0.183403 -1.30511
0.0446382 0.183623 -1.30539
0.0546673 0.183026 -1.30604
0.0644651 0.183468 -1.30646
0.0747291 0.182927 -1.30469
0.0853582 0.183105 -1.30475
0.0945066 0.184111 -1.306
0.10506 0.183605 -1.30607
0.115254 0.183348 -1.30544
0.124416 0.183096 -1.30479
0.135506 0.183106 -1.30498
0.145988 0.183014 -1.30365
0.154919 0.183631 -1.30575
0.165128 0.182769 -1.30355
0.175094 0.183099 -1.30515
0.184634 0.183493 -1.30645
0.195965 0.183353 -1.30569
0.204698 0.182812 -1.30452
0.215092 0.183443 -1.30574
0.225047 0.183236 -1.30487
0.235225 0.182913 -1.30593
0.244789 0.183006 -1.3059
0.255313 0.18324 -1.30572
0.265058 0.183669 -1.30717
0.274814 0.183166 -1.30579
0.284797 0.182973 -1.30565
0.29563 0.183039 -1.30679
0.305578 0.183032 -1.30476
0.315546 0.182891 -1.30582
0.325357 0.182941 -1.30543
0.335247 0.182819 -1.3054
0.345201 0.183002 -1.30586
0.354964 0.182797 -1.30624
0.364604 0.182931 -1.30469
0.375412 0.182959 -1.30557
0.38446 0.183653 -1.3066
0.395301 0.182989 -1.30513
0.404395 0.183289 -1.30539
0.414709 0.183036 -1.30544
0.423563 0.182799 -1.30552
0.434967 0.183342 -1.30645
0.443141 0.183874 -1.30588
-0.192253 0.298813 -1.3093
-0.185198 0.298955 -1.30886
-0.175614 0.29805 -1.30923
-0.165198 0.296829 -1.30919
-0.156381 0.298261 -1.30961
-0.20022 0.30949 -1.3096
-0.194004 0.30657 -1.30786
-0.184827 0.305592 -1.30612
-0.174437 0.305177 -1.30648
-0.165151 0.305343 -1.30638
-0.156276 0.305691 -1.30733
-0.146026 0.306472 -1.30804
-0.136355 0.307356 -1.30893
-0.2001 0.316171 -1.30651
-0.194933 0.314837 -1.3041
-0.185258 0.314582 -1.30336
-0.174185 0.314425 -1.30289
-0.164974 0.314796 -1.30293
-0.155413 0.314921 -1.30363
-0.14525 0.315466 -1.3037
-0.134883 0.315309 -1.30575
-0.128563 0.314523 -1.30873
-0.202146 0.32562 -1.30652
-0.196799 0.323161 -1.30132
-0.185102 0.322102 -1.30204
-0.175143 0.322025 -1.30174
-0.165527 0.32105 -1.30317
-0.158123 0.322433 -1.30167
-0.143487 0.323115 -1.3014
-0.133912 0.324195 -1.30238
-0.128541 0.325298 -1.30523
-0.202507 0.33576 -1.3051
-0.14942 0.33232 -1.3001
-0.13054 0.33121 -1.3001
-0.12859 0.334261 -1.3049
-0.202408 0.344353 -1.30167
-0.12855 0.34586 -1.3005
-0.20267 0.35694 -1.3014
-0.12861 0.35375 -1.3004
-0.20572 0.374834 -1.30714
-0.128852 0.373759 -1.30454
-0.831065 -0.582125 -1.2936
-0.79751 -0.58052 -1.2917
-0.91388 -0.57462 -1.2924
-0.90667 -0.57088 -1.2978
-0.82165 -0.57336 -1.2965
-0.80834 -0.57864 -1.291
-0.79294 -0.577403 -1.2917
-0.787885 -0.5723 -1.2993
-0.81758 -0.565155 -1.29505
-0.78622 -0.56909 -1.2973
-0.89696 -0.55764 -1.2922
-0.881725 -0.55293 -1.2918
-0.8086 -0.5535 -1.2969
-0.88291 -0.54039 -1.2912
-0.87596 -0.51617 -1.2943
-0.857665 -0.50612 -1.29525
-0.85194 -0.481405 -1.2946
-0.84859 -0.4895 -1.2987
-0.85086 -0.47833 -1.2964
-0.83438 -0.47476 -1.2946
-0.83818 -0.46308 -1.2952
-0.713468 -0.441558 -1.29868
-0.70453 -0.44167 -1.29814
-0.695252 -0.443473 -1.29921
-0.685456 -0.44119 -1.29952
-0.72218 -0.43126 -1.2993
-0.713433 -0.43487 -1.29462
-0.705048 -0.434021 -1.29371
-0.695086 -0.435244 -1.29578
-0.685046 -0.434304 -1.29588
-0.678624 -0.433616 -1.29756
-0.7225 -0.42593 -1.2961
-0.715167 -0.42593 -1.2902
-0.702489 -0.427677 -1.29203
-0.694965 -0.427944 -1.29291
-0.684242 -0.427252 -1.29247
-0.677668 -0.425023 -1.29534
-0.68118 -0.41689 -1.2901
-0.67816 -0.414924 -1.29435
-0.72889 -0.40806 -1.2984
-0.678373 -0.404289 -1.29485
-0.80328 -0.39732 -1.296
-0.79691 -0.39971 -1.2991
-0.677941 -0.394619 -1.29534
-0.76915 -0.38404 -1.2938
-0.680703 -0.385743 -1.295
-0.678008 -0.384756 -1.29638
-0.68017 -0.37307 -1.2901
-0.676987 -0.375128 -1.295
-0.78794 -0.36821 -1.2921
-0.68109 -0.36346 -1.29262
-0.675341 -0.365619 -1.29297
-0.668595 -0.36543 -1.2952
-0.7474 -0.35412 -1.2922
-0.681387 -0.356777 -1.29177
-0.678307 -0.35807 -1.29223
-0.78495 -0.34989 -1.2918
-0.7601 -0.34339 -1.2986
-0.67294 -0.34487 -1.2935
-0.67328 -0.334015 -1.2916
-0.76859 -0.31518 -1.2961
-0.69003 -0.31329 -1.294
0.407398 -0.312467 -1.2992
0.413772 -0.312988 -1.29893
0.425501 -0.311948 -1.29863
-0.77176 -0.30392 -1.2946
-0.694347 -0.30893 -1.2986
-0.6878 -0.30583 -1.2912
0.406093 -0.30481 -1.29721
0.414692 -0.304775 -1.29582
0.424913 -0.305057 -1.2962
0.43437 -0.304539 -1.29664
0.441223 -0.30578 -1.2987
0.404601 -0.295586 -1.29509
0.415651 -0.298377 -1.29139
0.425123 -0.29692 -1.29231
0.43457 -0.296015 -1.29202
0.441744 -0.29531 -1.29348
0.402257 -0.284604 -1.29359
0.43587 -0.2893 -1.2903
0.44082 -0.28929 -1.2903
0.402945 -0.275509 -1.29538
-0.70383 -0.2639 -1.291
0.403298 -0.265255 -1.29614
0.402351 -0.254658 -1.29447
0.45697 -0.25743 -1.2995
0.402289 -0.245312 -1.2954
0.46024 -0.24499 -1.2981
0.402544 -0.236147 -1.29449
0.46597 -0.23128 -1.2967
0.402584 -0.225806 -1.29272
0.40567 -0.21623 -1.29425
0.40649 -0.20956 -1.2944
-0.80644 -0.193295 -1.29445
-0.73322 -0.1822 -1.2961
-0.81588 -0.17919 -1.2936
0.49381 -0.12117 -1.291
0.49948 -0.11523 -1.2977
0.44839 -0.059568 -1.2998
-0.163724 -0.0235977 -1.29519
-0.159407 -0.0216683 -1.29353
0.45101 -0.028009 -1.2908
0.52449 -0.029436 -1.2961
0.54049 0.023705 -1.292
0.54194 0.032649 -1.2944
0.54743 0.045524 -1.2944
-0.753883 0.17654 -1.2942
-0.74431 0.177445 -1.29164
-0.73563 0.178284 -1.29238
-0.726742 0.178156 -1.29154
-0.715236 0.178562 -1.29244
-0.704947 0.178021 -1.29269
-0.694008 0.178713 -1.29132
-0.686156 0.179002 -1.29192
-0.676825 0.179127 -1.29345
-0.666528 0.178416 -1.2933
-0.655716 0.177469 -1.29233
-0.64472 0.178178 -1.2916
-0.6368 0.17858 -1.2926
-0.625948 0.178926 -1.29136
-0.615219 0.178234 -1.29367
-0.605548 0.178385 -1.29283
-0.594902 0.178414 -1.2914
-0.583683 0.178092 -1.29223
-0.576645 0.17817 -1.292
-0.565825 0.177981 -1.29307
-0.55459 0.1785 -1.29208
-0.544189 0.178381 -1.2924
-0.534714 0.178208 -1.29349
-0.524601 0.177946 -1.29333
-0.51519 0.177716 -1.29278
-0.50514 0.177785 -1.29266
-0.495109 0.177278 -1.29203
-0.485076 0.177967 -1.29296
-0.475231 0.178374 -1.29307
-0.464698 0.177948 -1.29123
-0.45546 0.178343 -1.29247
-0.445379 0.177841 -1.2926
-0.434642 0.177827 -1.29194
-0.424449 0.177827 -1.29392
-0.414795 0.178189 -1.29335
-0.405135 0.178261 -1.29389
-0.394664 0.17802 -1.29264
-0.384685 0.177864 -1.29221
-0.374628 0.17811 -1.2928
-0.364728 0.177382 -1.29148
-0.354341 0.177993 -1.29262
-0.34518 0.177876 -1.2923
-0.335604 0.177919 -1.29207
-0.324741 0.177864 -1.29227
-0.314651 0.177929 -1.29269
-0.304513 0.178196 -1.29461
-0.29509 0.178196 -1.29462
-0.28458 0.178145 -1.29425
-0.274684 0.177169 -1.29284
-0.265023 0.178036 -1.29403
-0.254468 0.178146 -1.29426
-0.244941 0.177419 -1.2932
-0.235878 0.177471 -1.29431
-0.225428 0.178018 -1.2928
-0.215304 0.178133 -1.29418
-0.205089 0.177313 -1.29319
-0.194239 0.177702 -1.29352
-0.18414 0.176832 -1.29298
-0.174944 0.177086 -1.29339
-0.164533 0.177727 -1.29549
-0.154922 0.177373 -1.2944
-0.145439 0.176993 -1.29393
-0.135681 0.177769 -1.29498
-0.125869 0.177996 -1.29454
-0.115334 0.178223 -1.29481
-0.105316 0.177592 -1.29366
-0.0948844 0.177112 -1.29407
-0.0846893 0.177219 -1.29398
-0.0749214 0.177369 -1.29482
-0.0649762 0.178014 -1.29581
-0.0543319 0.177509 -1.2946
-0.0441651 0.177466 -1.2943
-0.0341781 0.176859 -1.29321
-0.0259602 0.177606 -1.29454
-0.0156173 0.177471 -1.29433
-0.00603534 0.177629 -1.29547
0.00404164 0.177568 -1.29425
0.0153152 0.177454 -1.29544
0.0252104 0.177061 -1.29426
0.0361165 0.176975 -1.29451
0.0447919 0.177405 -1.29518
0.0550216 0.177693 -1.29676
0.0649108 0.177287 -1.29533
0.0745371 0.176732 -1.29418
0.0851611 0.176681 -1.29356
0.0944449 0.177359 -1.29566
0.105045 0.177238 -1.29442
0.114883 0.177707 -1.29605
0.12574 0.176951 -1.29462
0.134858 0.177256 -1.29475
0.145341 0.177151 -1.29587
0.155636 0.177539 -1.29559
0.165631 0.177006 -1.29504
0.175245 0.177037 -1.29468
0.185209 0.177246 -1.29561
0.195043 0.176757 -1.29439
0.204888 0.176861 -1.29455
0.215728 0.1773 -1.29508
0.225211 0.176627 -1.29502
0.234141 0.176591 -1.29415
0.244382 0.1771 -1.29549
0.254528 0.176988 -1.2949
0.265014 0.177189 -1.29579
0.27469 0.176762 -1.29484
0.283976 0.176957 -1.29498
0.294932 0.176556 -1.29532
0.304969 0.176389 -1.29514
0.315191 0.176454 -1.29421
0.325009 0.176614 -1.29472
0.334055 0.17631 -1.29506
0.344905 0.176475 -1.29518
0.355745 0.176438 -1.29584
0.364582 0.176363 -1.29467
0.374384 0.17628 -1.29486
0.385266 0.177033 -1.29549
0.394361 0.176301 -1.2945
0.404779 0.176799 -1.29497
0.414727 0.176918 -1.29423
0.425297 0.176367 -1.29491
0.435421 0.175473 -1.29431
0.444021 0.175755 -1.29476
-0.744439 0.181747 -1.29782
-0.735748 0.181704 -1.29763
-0.724262 0.18088 -1.2968
-0.713763 0.18087 -1.29677
-0.704778 0.18207 -1.29829
-0.694827 0.181953 -1.2984
-0.685518 0.181172 -1.29648
-0.674787 0.181286 -1.29623
-0.664637 0.180983 -1.29757
-0.6546 0.180322 -1.2959
-0.644474 0.180976 -1.29661
-0.635929 0.181247 -1.29724
-0.623065 0.181148 -1.29722
-0.614198 0.181302 -1.29718
-0.605762 0.181546 -1.29663
-0.595774 0.180908 -1.29666
-0.583964 0.181392 -1.29804
-0.57516 0.180987 -1.29658
-0.564658 0.181396 -1.29784
-0.55493 0.181313 -1.29685
-0.545747 0.181284 -1.29751
-0.535627 0.180892 -1.29843
-0.524403 0.18089 -1.29734
-0.514358 0.18097 -1.29822
-0.506401 0.181287 -1.29768
-0.493409 0.181476 -1.29759
-0.48515 0.180739 -1.29624
-0.475623 0.180903 -1.297
-0.464851 0.180857 -1.29709
-0.455518 0.181308 -1.29834
-0.444562 0.181433 -1.29742
-0.435532 0.180826 -1.29768
-0.426006 0.180944 -1.29691
-0.415227 0.180617 -1.298
-0.404121 0.18112 -1.29766
-0.395078 0.181211 -1.29768
-0.38404 0.180872 -1.298
-0.375044 0.18041 -1.2965
-0.364684 0.181114 -1.29809
-0.355088 0.180784 -1.29736
-0.344996 0.18091 -1.29747
-0.334558 0.180988 -1.29696
-0.324959 0.181408 -1.29792
-0.315348 0.180356 -1.29612
-0.305266 0.180694 -1.29856
-0.294724 0.180666 -1.29836
-0.285318 0.180687 -1.29845
-0.27374 0.180607 -1.29797
-0.267423 0.180553 -1.29753
-0.254496 0.181114 -1.29748
-0.244502 0.180462 -1.29688
-0.23434 0.180875 -1.29832
-0.225033 0.18066 -1.29832
-0.21277 0.180805 -1.2993
-0.19213 0.180715 -1.2987
-0.18601 0.180777 -1.29915
-0.172705 0.18084 -1.2996
-0.15837 0.18089 -1.2999
-0.14195 0.18071 -1.2987
-0.134815 0.180782 -1.2992
-0.125598 0.180646 -1.29822
-0.11505 0.180815 -1.2979
-0.10928 0.18069 -1.2985
-0.0937688 0.181082 -1.29948
-0.0807 0.18082 -1.2994
-0.0746078 0.180556 -1.29754
-0.06438 0.1807 -1.2986
-0.0537474 0.180998 -1.29892
-0.0449608 0.180743 -1.29887
-0.0357518 0.18075 -1.29895
-0.029686 0.18057 -1.2976
-0.015212 0.18148 -1.2996
-0.00290991 0.180817 -1.29943
0.0031581 0.18066 -1.2983
0.011499 0.18083 -1.2995
0.082057 0.18089 -1.2999
0.095485 0.18073 -1.29885
0.14315 0.18085 -1.29965
0.15592 0.18083 -1.2995
0.16882 0.18086 -1.2997
0.1904 0.18086 -1.2998
0.322995 0.18082 -1.29945
0.383902 0.180798 -1.2993
0.44526 0.1806 -1.2979
-0.1575 0.30588 -1.3
-0.191786 0.317896 -1.29692
-0.183743 0.317029 -1.29673
-0.174467 0.315488 -1.29619
-0.163942 0.317455 -1.2967
-0.15447 0.318172 -1.2993
-0.194999 0.326207 -1.29801
-0.184712 0.325842 -1.29637
-0.174429 0.325945 -1.29677
-0.165018 0.32572 -1.29632
-0.155164 0.325728 -1.29673
-0.145728 0.326111 -1.29722
-0.136029 0.327005 -1.29792
-0.20193 0.336465 -1.29805
-0.195335 0.334859 -1.29457
-0.185307 0.333998 -1.29298
-0.174773 0.335127 -1.29275
-0.165724 0.334654 -1.29298
-0.155511 0.335688 -1.29398
-0.144913 0.335202 -1.2941
-0.134623 0.3351 -1.29547
-0.128413 0.337067 -1.29723
-0.202021 0.345556 -1.29679
-0.195747 0.342942 -1.29172
-0.187241 0.342595 -1.29149
-0.17415 0.340563 -1.2904
-0.165534 0.341579 -1.29293
-0.155113 0.342813 -1.29094
-0.144615 0.342395 -1.2912
-0.134161 0.343209 -1.29222
-0.128436 0.344663 -1.2961
-0.201937 0.35513 -1.2932
-0.142658 0.35268 -1.29138
-0.136185 0.3523 -1.2907
-0.128421 0.354406 -1.29286
-0.202062 0.361727 -1.29282
-0.128491 0.366149 -1.29233
-0.128592 0.371317 -1.29492
-0.91226 -0.58521 -1.2849
-0.81523 -0.58588 -1.2898
-0.802245 -0.58934 -1.28708
-0.79399 -0.582195 -1.28685
-0.91064 -0.579 -1.2849
-0.89262 -0.57738 -1.28135
-0.812775 -0.574875 -1.2843
-0.79312 -0.578755 -1.28955
-0.78923 -0.57542 -1.289
-0.808355 -0.56548 -1.2856
-0.881797 -0.556053 -1.2861
-0.87607 -0.52023 -1.2824
-0.87125 -0.51538 -1.2813
-0.86587 -0.51825 -1.2812
-0.84092 -0.47307 -1.2861
-0.83448 -0.47699 -1.2888
-0.78889 -0.46597 -1.2829
-0.83303 -0.45773 -1.288
-0.78806 -0.45103 -1.2814
-0.78707 -0.44155 -1.2829
-0.78411 -0.43216 -1.2806
-0.712093 -0.423973 -1.28817
-0.70533 -0.424122 -1.28811
-0.695184 -0.422279 -1.28858
-0.685503 -0.422495 -1.28851
-0.79093 -0.41592 -1.283
-0.713947 -0.414961 -1.2845
-0.704736 -0.415312 -1.28377
-0.694825 -0.414945 -1.28381
-0.684895 -0.414175 -1.28551
-0.678391 -0.414443 -1.28836
-0.71579 -0.40799 -1.2813
-0.70575 -0.409178 -1.28124
-0.69291 -0.409685 -1.28115
-0.682314 -0.406592 -1.28207
-0.678505 -0.404545 -1.28566
-0.78234 -0.393893 -1.28787
-0.77868 -0.39465 -1.2826
-0.678032 -0.39484 -1.28419
-0.78744 -0.38974 -1.2849
-0.72736 -0.381255 -1.2821
-0.680335 -0.384045 -1.28445
-0.678252 -0.385147 -1.28458
-0.76171 -0.37001 -1.2891
-0.73761 -0.37273 -1.2889
-0.680315 -0.373672 -1.2861
-0.678747 -0.374556 -1.28601
-0.680593 -0.365392 -1.2863
-0.676778 -0.365836 -1.28602
-0.667708 -0.361746 -1.28758
-0.783453 -0.355213 -1.28767
-0.681419 -0.355237 -1.28757
-0.676169 -0.353714 -1.28663
-0.666496 -0.354706 -1.28571
-0.77077 -0.34081 -1.2836
-0.680313 -0.346227 -1.28327
-0.675479 -0.344961 -1.28349
-0.667531 -0.345867 -1.28321
-0.751465 -0.333705 -1.2824
-0.67349 -0.336483 -1.28183
-0.66951 -0.336113 -1.28297
-0.75408 -0.32148 -1.2828
-0.68071 -0.3203 -1.289
-0.672615 -0.32459 -1.2817
-0.76074 -0.30799 -1.2835
0.407802 -0.293931 -1.28812
0.414711 -0.293286 -1.28824
0.425279 -0.292097 -1.2887
0.434845 -0.291037 -1.289
0.405707 -0.285081 -1.2852
0.415502 -0.285271 -1.28461
0.42482 -0.284585 -1.28474
0.434142 -0.284907 -1.28468
0.442036 -0.283058 -1.2866
0.404346 -0.275101 -1.28402
0.415845 -0.278675 -1.2819
0.425577 -0.27896 -1.28314
0.435938 -0.277506 -1.28268
0.442412 -0.275932 -1.28346
0.403659 -0.265401 -1.28544
0.445275 -0.268422 -1.28398
0.402635 -0.25479 -1.28515
0.403178 -0.244399 -1.28544
0.402382 -0.234021 -1.28493
0.402213 -0.224184 -1.28405
0.403075 -0.216211 -1.28599
0.40425 -0.204934 -1.28312
-0.71986 -0.19956 -1.2882
0.40639 -0.195135 -1.28513
0.46583 -0.19842 -1.2809
0.407 -0.18665 -1.2823
-0.73255 -0.163895 -1.28285
0.41506 -0.16381 -1.2873
0.4929 -0.1224 -1.2891
0.49216 -0.11269 -1.2836
-0.73462 -0.071754 -1.2856
-0.16117 -0.020377 -1.2891
0.45371 -0.018891 -1.2863
0.52136 -0.0097981 -1.281
-0.38371 0.16912 -1.2807
-0.27195 0.16912 -1.28075
-0.267785 0.169065 -1.28035
-0.23214 0.16916 -1.28107
-0.20576 0.16917 -1.28113
-0.15627 0.169075 -1.28045
-0.124137 0.169135 -1.2809
-0.1161 0.169125 -1.28075
-0.091009 0.16927 -1.2819
-0.0869977 0.169183 -1.28123
-0.0736207 0.169113 -1.28073
-0.06187 0.16927 -1.2819
-0.0548513 0.169212 -1.2814
-0.048837 0.16914 -1.2809
-0.0247005 0.16849 -1.2808
-0.014599 0.16915 -1.281
0.00463245 0.169215 -1.28145
0.0150626 0.169104 -1.28252
0.027812 0.16905 -1.2802
0.0360247 0.169147 -1.28093
0.0437354 0.168876 -1.2808
0.0575185 0.169235 -1.2816
0.0646135 0.16917 -1.28115
0.074558 0.169 -1.28143
0.0837163 0.16913 -1.28083
0.104742 0.168862 -1.28118
0.114866 0.168414 -1.28108
0.122327 0.168727 -1.28093
0.136167 0.169325 -1.28233
0.145378 0.16919 -1.28128
0.155135 0.16937 -1.28265
0.162655 0.169148 -1.28332
0.17388 0.169215 -1.28148
0.18723 0.16954 -1.2839
0.193475 0.168648 -1.2819
0.205815 0.169185 -1.28125
0.215932 0.169138 -1.28087
0.22459 0.1694 -1.2829
0.233703 0.169095 -1.28055
0.244393 0.168819 -1.28261
0.253895 0.169098 -1.2806
0.265678 0.169196 -1.28132
0.27466 0.16925 -1.28173
0.286695 0.168553 -1.28122
0.291916 0.168712 -1.28146
0.307705 0.16844 -1.28035
0.315519 0.168849 -1.28141
0.32521 0.169245 -1.2817
0.335338 0.168908 -1.28233
0.34584 0.169243 -1.28165
0.356036 0.169232 -1.28354
0.364738 0.169025 -1.28163
0.374774 0.16858 -1.28141
0.38486 0.168753 -1.28113
0.39498 0.169243 -1.2817
0.404758 0.169 -1.28174
0.415287 0.16891 -1.28327
0.424889 0.16878 -1.28294
0.433896 0.168691 -1.28159
0.444411 0.16822 -1.28238
-0.75748 0.17135 -1.2886
-0.745432 0.173275 -1.28346
-0.734805 0.17399 -1.28373
-0.72493 0.174732 -1.28506
-0.714049 0.174151 -1.28392
-0.705139 0.173649 -1.28454
-0.694166 0.174366 -1.28435
-0.685133 0.174407 -1.28447
-0.67525 0.174118 -1.28439
-0.66492 0.173999 -1.28506
-0.654622 0.173847 -1.28547
-0.645561 0.173887 -1.28396
-0.634895 0.174999 -1.28477
-0.625867 0.175158 -1.28667
-0.615585 0.173338 -1.28387
-0.605073 0.173864 -1.28494
-0.595059 0.175055 -1.2866
-0.585225 0.173665 -1.28421
-0.573999 0.174314 -1.28561
-0.564828 0.17307 -1.28438
-0.555645 0.173516 -1.28454
-0.545246 0.174111 -1.28587
-0.535174 0.173709 -1.28596
-0.525651 0.173261 -1.2847
-0.515042 0.173137 -1.2847
-0.504793 0.173589 -1.28469
-0.49527 0.172801 -1.28419
-0.484655 0.173551 -1.28551
-0.474828 0.173089 -1.28484
-0.465576 0.174458 -1.2863
-0.455179 0.173661 -1.28458
-0.445008 0.17371 -1.28515
-0.434035 0.173471 -1.2841
-0.424866 0.173028 -1.28488
-0.414441 0.173442 -1.28329
-0.405028 0.173618 -1.28467
-0.394751 0.173301 -1.28354
-0.385249 0.172915 -1.28453
-0.375258 0.172909 -1.28374
-0.364747 0.173511 -1.28447
-0.354802 0.173014 -1.28418
-0.344847 0.173291 -1.28425
-0.335322 0.17286 -1.28403
-0.325645 0.172656 -1.28374
-0.315274 0.173027 -1.28485
-0.304567 0.172865 -1.28449
-0.294977 0.173088 -1.28491
-0.284974 0.173619 -1.28651
-0.275281 0.171923 -1.28391
-0.264964 0.17309 -1.28469
-0.254929 0.172896 -1.28472
-0.244874 0.17228 -1.28464
-0.234658 0.172572 -1.28683
-0.2248 0.173212 -1.28586
-0.214898 0.172945 -1.28583
-0.205103 0.172661 -1.28669
-0.194781 0.173198 -1.28516
-0.186399 0.171895 -1.28479
-0.174682 0.171943 -1.2844
-0.165761 0.172432 -1.28503
-0.15554 0.172228 -1.2855
-0.145567 0.171928 -1.28475
-0.135077 0.172564 -1.2849
-0.125037 0.172728 -1.28499
-0.115176 0.172864 -1.28525
-0.104986 0.172679 -1.28651
-0.0951793 0.171817 -1.28394
-0.0849443 0.172196 -1.28525
-0.074594 0.171986 -1.28439
-0.0644127 0.172787 -1.28633
-0.0546386 0.172649 -1.28675
-0.0445325 0.1724 -1.28679
-0.0349624 0.172015 -1.28542
-0.0240676 0.172591 -1.2863
-0.0146006 0.172024 -1.28466
-0.00421062 0.172527 -1.28582
0.00562633 0.172789 -1.28653
0.014456 0.172405 -1.2868
0.0245265 0.172155 -1.28567
0.0343714 0.172269 -1.28649
0.0451524 0.172234 -1.28623
0.055152 0.172367 -1.28653
0.0650887 0.172052 -1.28663
0.0757683 0.172161 -1.28688
0.0843967 0.171775 -1.28567
0.0953669 0.172276 -1.28655
0.104961 0.172423 -1.28626
0.11511 0.172359 -1.28647
0.125059 0.171811 -1.28595
0.134711 0.172497 -1.28615
0.144248 0.171846 -1.28561
0.154879 0.172292 -1.28597
0.16432 0.171604 -1.28476
0.174795 0.171945 -1.28583
0.185197 0.171867 -1.28576
0.194247 0.171664 -1.28518
0.205083 0.171718 -1.28523
0.214903 0.172363 -1.28733
0.224831 0.171466 -1.2852
0.234729 0.171703 -1.28598
0.244857 0.17182 -1.28633
0.254885 0.171777 -1.28568
0.26502 0.17212 -1.28665
0.275162 0.17204 -1.28674
0.286081 0.172116 -1.28679
0.295439 0.171755 -1.28687
0.305211 0.171606 -1.28576
0.314897 0.171839 -1.28751
0.323739 0.172006 -1.28747
0.335573 0.172168 -1.28665
0.345259 0.172013 -1.28585
0.354653 0.1721 -1.28782
0.364769 0.172016 -1.28719
0.374926 0.172022 -1.28717
0.384401 0.17202 -1.28721
0.395159 0.171684 -1.28699
0.405742 0.171974 -1.28752
0.415324 0.172414 -1.28778
0.426169 0.171991 -1.28787
0.434908 0.171692 -1.28722
0.445773 0.171897 -1.28719
-0.177605 0.312875 -1.28635
-0.17493 0.328723 -1.28928
-0.15719 0.32926 -1.2881
-0.19287 0.33849 -1.2895
-0.182739 0.337614 -1.28835
-0.177457 0.338769 -1.28666
-0.164636 0.33861 -1.28601
-0.154766 0.338124 -1.28738
-0.14894 0.33963 -1.2869
-0.20154 0.34957 -1.29
-0.194402 0.347039 -1.28703
-0.184292 0.345886 -1.28642
-0.175024 0.345549 -1.28572
-0.165822 0.345923 -1.28542
-0.155312 0.345436 -1.28598
-0.145178 0.345846 -1.28755
-0.134993 0.346884 -1.28838
-0.12827 0.3476 -1.2886
-0.20158 0.354025 -1.28925
-0.195219 0.355047 -1.28369
-0.184173 0.354477 -1.28214
-0.174885 0.354727 -1.28214
-0.165351 0.35507 -1.28235
-0.155128 0.354891 -1.28268
-0.144849 0.355099 -1.28434
-0.134464 0.355458 -1.28559
-0.128316 0.357927 -1.28786
-0.201485 0.366215 -1.28473
-0.19598 0.364222 -1.28127
-0.183993 0.366076 -1.28173
-0.174994 0.366085 -1.28204
-0.166008 0.365016 -1.28108
-0.154627 0.36346 -1.28097
-0.144414 0.363365 -1.28149
-0.133513 0.364857 -1.2822
-0.128372 0.365002 -1.28806
-0.80481 -0.59814 -1.2723
-0.7971 -0.59002 -1.2751
-0.90635 -0.58322 -1.2704
-0.82284 -0.58843 -1.275
-0.8053 -0.58381 -1.27417
-0.797513 -0.587057 -1.2754
-0.90142 -0.57893 -1.2745
-0.81835 -0.57882 -1.2708
-0.794858 -0.575657 -1.2758
-0.80832 -0.56004 -1.2767
-0.89063 -0.55876 -1.2703
-0.81337 -0.55378 -1.2725
-0.799055 -0.55263 -1.27875
-0.81087 -0.54814 -1.2702
-0.79294 -0.54126 -1.2717
-0.88417 -0.53501 -1.2746
-0.87014 -0.52814 -1.2794
-0.86754 -0.52603 -1.2705
-0.86112 -0.51289 -1.2751
-0.85414 -0.51028 -1.2795
-0.7897 -0.51052 -1.2728
-0.85629 -0.50979 -1.2783
-0.85582 -0.4963 -1.2776
-0.79037 -0.48355 -1.2792
-0.82736 -0.47511 -1.2717
-0.83367 -0.46768 -1.2753
-0.82845 -0.4573 -1.275
-0.78733 -0.44487 -1.2718
-0.79304 -0.43283 -1.27615
-0.78844 -0.43118 -1.2734
-0.79304 -0.4221 -1.2797
-0.69883 -0.41045 -1.2796
-0.712838 -0.403952 -1.27697
-0.704375 -0.403623 -1.27716
-0.695328 -0.404764 -1.27809
-0.685971 -0.403374 -1.27809
-0.678857 -0.401923 -1.27857
-0.77067 -0.39193 -1.2738
-0.76638 -0.39662 -1.2796
-0.72249 -0.39491 -1.2788
-0.713746 -0.395 -1.27354
-0.704744 -0.394837 -1.27262
-0.69501 -0.395587 -1.27401
-0.684339 -0.395385 -1.27528
-0.678686 -0.392816 -1.27662
-0.78454 -0.384925 -1.27605
-0.721233 -0.38203 -1.27323
-0.71739 -0.386275 -1.2713
-0.7083 -0.38952 -1.27055
-0.693145 -0.389162 -1.27165
-0.684492 -0.387396 -1.27085
-0.678102 -0.385421 -1.27466
-0.78129 -0.379545 -1.2718
-0.68115 -0.3769 -1.2746
-0.678009 -0.375258 -1.2752
-0.755333 -0.363467 -1.2756
-0.68012 -0.36346 -1.2709
-0.678201 -0.364611 -1.27529
-0.77136 -0.35513 -1.2758
-0.75505 -0.35513 -1.2758
-0.680367 -0.355107 -1.27737
-0.678682 -0.354891 -1.2743
-0.75213 -0.34544 -1.273
-0.74136 -0.34862 -1.2771
-0.73872 -0.34168 -1.27395
-0.68056 -0.34262 -1.27755
-0.677859 -0.345093 -1.27618
-0.66643 -0.34898 -1.2784
-0.77199 -0.3364 -1.2721
-0.75262 -0.3324 -1.2774
-0.746487 -0.332897 -1.2725
-0.680807 -0.336831 -1.27495
-0.675072 -0.33432 -1.27666
-0.752425 -0.32398 -1.27665
-0.68111 -0.32689 -1.2722
-0.674113 -0.32464 -1.27412
-0.669473 -0.327473 -1.27698
-0.75174 -0.31803 -1.2744
-0.7497 -0.31831 -1.2755
-0.67471 -0.318222 -1.27345
-0.76033 -0.30545 -1.2784
-0.682487 -0.302633 -1.27403
-0.67932 -0.30065 -1.275
-0.679345 -0.29823 -1.27035
-0.69018 -0.28814 -1.2791
-0.68813 -0.28107 -1.2714
0.406359 -0.274334 -1.27825
0.414857 -0.274069 -1.27771
0.425013 -0.273041 -1.27754
0.433958 -0.272153 -1.27774
0.44196 -0.2722 -1.28
0.406152 -0.264959 -1.27515
0.415557 -0.264705 -1.27349
0.425612 -0.26488 -1.2736
0.434764 -0.26467 -1.27387
0.441453 -0.262062 -1.27415
-0.69806 -0.25943 -1.2754
0.40451 -0.255958 -1.27465
0.414774 -0.257843 -1.27036
0.425498 -0.257797 -1.27082
0.43487 -0.25708 -1.2701
0.443447 -0.255377 -1.27317
0.403303 -0.246073 -1.27477
0.40315 -0.235611 -1.27534
-0.78218 -0.22511 -1.2763
0.402751 -0.224864 -1.27441
0.45344 -0.22098 -1.27195
-0.78138 -0.21711 -1.27165
0.402673 -0.214573 -1.27578
0.402761 -0.205633 -1.27409
0.403199 -0.195825 -1.27485
0.403295 -0.18673 -1.27093
0.4074 -0.174963 -1.27563
0.47744 -0.16145 -1.2791
-0.8119 -0.15343 -1.2769
0.4752 -0.15587 -1.2753
-0.81802 -0.13572 -1.2798
0.418595 -0.134805 -1.27695
0.42009 -0.11558 -1.2716
0.42332 -0.10813 -1.2741
0.49018 -0.10012 -1.271
0.42363 -0.096336 -1.2704
-0.8459 -0.075196 -1.2799
0.507643 -0.0524913 -1.27827
0.44412 -0.037854 -1.2761
-0.16254 -0.020201 -1.278
0.51659 -0.0086047 -1.2722
0.52732 0.014432 -1.2777
0.56393 0.052593 -1.2767
-0.78764 0.14019 -1.2792
-0.75903 0.15916 -1.2741
-0.754146 0.165616 -1.2759
-0.745425 0.167856 -1.27426
-0.735189 0.167912 -1.27322
-0.72555 0.168239 -1.27425
-0.716595 0.168002 -1.27467
-0.704925 0.168295 -1.27381
-0.694097 0.167863 -1.2731
-0.685445 0.167637 -1.27333
-0.67499 0.168418 -1.27464
-0.664723 0.168397 -1.27542
-0.653633 0.168225 -1.27495
-0.643296 0.167392 -1.27336
-0.635182 0.167467 -1.27315
-0.625439 0.168133 -1.27416
-0.615058 0.167999 -1.27493
-0.604846 0.168149 -1.27456
-0.595995 0.167949 -1.27352
-0.585469 0.168299 -1.27363
-0.574769 0.168072 -1.27439
-0.565008 0.167024 -1.27306
-0.554263 0.168481 -1.27484
-0.54531 0.167386 -1.27361
-0.534702 0.167622 -1.27398
-0.523905 0.167017 -1.27241
-0.514767 0.167161 -1.27378
-0.505188 0.168258 -1.27513
-0.494711 0.166809 -1.27365
-0.484681 0.166948 -1.27409
-0.475622 0.167942 -1.27502
-0.465536 0.167636 -1.27358
-0.454572 0.167104 -1.27329
-0.445897 0.167752 -1.27489
-0.434857 0.168018 -1.27545
-0.42505 0.167507 -1.27422
-0.414688 0.167442 -1.27473
-0.40467 0.167566 -1.27491
-0.395248 0.167044 -1.27467
-0.384719 0.166772 -1.27473
-0.374641 0.166901 -1.27431
-0.365413 0.167362 -1.27386
-0.354316 0.166796 -1.2735
-0.344511 0.166746 -1.27411
-0.334904 0.167151 -1.27549
-0.324871 0.167278 -1.27444
-0.315711 0.166619 -1.27436
-0.304338 0.166475 -1.27327
-0.295079 0.167311 -1.27599
-0.284957 0.166871 -1.27509
-0.274511 0.166355 -1.27437
-0.264705 0.165884 -1.27407
-0.255817 0.166829 -1.27442
-0.245374 0.16662 -1.27495
-0.235217 0.166353 -1.27534
-0.224912 0.167038 -1.27535
-0.214695 0.166771 -1.27554
-0.206228 0.166658 -1.27572
-0.195091 0.166684 -1.27498
-0.185015 0.167036 -1.27459
-0.175309 0.166586 -1.27449
-0.164966 0.166391 -1.2747
-0.154394 0.166189 -1.27521
-0.144798 0.16609 -1.27516
-0.135316 0.166669 -1.27513
-0.124976 0.165795 -1.27449
-0.114558 0.166018 -1.27522
-0.105185 0.165813 -1.27455
-0.0949498 0.165805 -1.27436
-0.0849343 0.166028 -1.27579
-0.0747671 0.165664 -1.27569
-0.0652805 0.165171 -1.27426
-0.0549869 0.165878 -1.2744
-0.0444822 0.166532 -1.27632
-0.035209 0.165929 -1.27451
-0.0243788 0.166131 -1.27553
-0.0150596 0.166077 -1.2749
-0.00505777 0.166353 -1.27562
0.00498499 0.16531 -1.27448
0.0149405 0.165565 -1.27464
0.0253806 0.166521 -1.27566
0.0354712 0.165558 -1.27453
0.0450314 0.165358 -1.27484
0.0548661 0.165605 -1.27468
0.0653236 0.165479 -1.27394
0.0756612 0.165209 -1.27429
0.0851293 0.166237 -1.27613
0.0946743 0.166608 -1.27555
0.104964 0.165616 -1.27438
0.114653 0.164891 -1.27434
0.125181 0.166462 -1.27646
0.134217 0.165533 -1.27541
0.144967 0.165486 -1.27511
0.154768 0.165456 -1.27555
0.165234 0.165359 -1.27507
0.175649 0.16526 -1.27521
0.184275 0.165763 -1.27493
0.195432 0.165886 -1.27529
0.20513 0.165588 -1.27462
0.215023 0.165228 -1.27458
0.225532 0.165363 -1.2747
0.235392 0.165595 -1.27559
0.244933 0.165082 -1.27514
0.254913 0.165341 -1.27544
0.264316 0.165428 -1.27484
0.275879 0.165551 -1.27494
0.284223 0.165037 -1.27489
0.295076 0.165622 -1.27554
0.304769 0.166218 -1.27588
0.315419 0.165016 -1.27575
0.325158 0.164971 -1.27471
0.335409 0.165256 -1.2754
0.344422 0.165199 -1.27437
0.354261 0.164669 -1.27372
0.365341 0.16517 -1.2751
0.375884 0.164514 -1.27485
0.385367 0.165406 -1.27391
0.394799 0.165205 -1.27379
0.406111 0.164551 -1.27446
0.414366 0.163701 -1.27271
0.425551 0.164311 -1.27462
0.435604 0.163847 -1.27384
0.445282 0.165164 -1.2759
-0.735577 0.171823 -1.27937
-0.724165 0.171257 -1.2785
-0.71572 0.17141 -1.2796
-0.695973 0.17187 -1.27947
-0.676197 0.170483 -1.27897
-0.656983 0.17088 -1.27877
-0.644255 0.171067 -1.2792
-0.633848 0.170947 -1.27927
-0.62252 0.171247 -1.2784
-0.615545 0.1701 -1.2792
-0.6083 0.1701 -1.2791
-0.595367 0.17139 -1.27945
-0.5832 0.171853 -1.2796
-0.5751 0.170115 -1.27925
-0.56437 0.170055 -1.27885
-0.55204 0.17144 -1.2798
-0.544745 0.17009 -1.2791
-0.537005 0.170205 -1.27995
-0.52438 0.1702 -1.2799
-0.51733 0.17073 -1.2792
-0.50495 0.17076 -1.27943
-0.49477 0.170125 -1.27935
-0.48562 0.170055 -1.27885
-0.47697 0.17016 -1.2796
-0.46139 0.17013 -1.2794
-0.45413 0.170085 -1.27905
-0.443777 0.170523 -1.2792
-0.438623 0.170907 -1.27893
-0.41474 0.170077 -1.27897
-0.404775 0.170117 -1.2793
-0.396243 0.17014 -1.27947
-0.38998 0.17145 -1.2799
-0.37073 0.17016 -1.2796
-0.363758 0.170418 -1.2792
-0.3578 0.17002 -1.2786
-0.346398 0.170117 -1.2793
-0.321285 0.170095 -1.2791
-0.31289 0.170035 -1.2787
-0.30588 0.17021 -1.28
-0.29115 0.17001 -1.2785
-0.287147 0.170103 -1.27917
-0.264705 0.170845 -1.28
-0.25848 0.17015 -1.2795
-0.195983 0.170392 -1.27903
-0.18141 0.17017 -1.2797
-0.17736 0.170145 -1.2795
-0.1673 0.17017 -1.2797
-0.13918 0.17022 -1.28
0.3301 0.26665 -1.2754
-0.192606 0.357796 -1.27919
-0.184801 0.357576 -1.27906
-0.175393 0.358385 -1.27843
-0.166372 0.358121 -1.27828
-0.154851 0.358038 -1.27884
-0.145986 0.358553 -1.27926
-0.201035 0.366818 -1.2792
-0.194165 0.364986 -1.27662
-0.184824 0.364443 -1.27617
-0.175616 0.364673 -1.27632
-0.165281 0.364833 -1.27683
-0.155199 0.364922 -1.27772
-0.144817 0.365122 -1.27762
-0.135494 0.365492 -1.27842
-0.12813 0.36248 -1.2793
-0.81645 -0.60078 -1.2682
-0.80541 -0.60277 -1.2627
-0.92496 -0.59837 -1.2631
-0.90084 -0.59849 -1.2698
-0.82304 -0.59668 -1.2659
-0.81199 -0.59373 -1.2629
-0.90257 -0.58002 -1.2601
-0.81099 -0.58913 -1.2631
-0.80901 -0.58383 -1.2617
-0.79104 -0.58074 -1.2617
-0.78983 -0.5871 -1.262
-0.8993 -0.57301 -1.2683
-0.81287 -0.57866 -1.2604
-0.79419 -0.57082 -1.2668
-0.90093 -0.56955 -1.2673
-0.87766 -0.5696 -1.2641
-0.80356 -0.56219 -1.2611
-0.79756 -0.5691 -1.263
-0.801007 -0.554763 -1.2668
-0.79392 -0.55972 -1.2656
-0.80639 -0.54131 -1.2647
-0.8815 -0.53912 -1.2632
-0.87827 -0.52881 -1.2672
-0.85957 -0.51524 -1.2663
-0.78528 -0.51648 -1.2619
-0.83843 -0.50129 -1.2606
-0.78889 -0.50307 -1.2688
-0.85058 -0.49274 -1.2648
-0.84108 -0.4986 -1.2612
-0.78052 -0.4812 -1.2614
-0.78038 -0.43077 -1.2638
-0.78375 -0.42533 -1.26425
-0.78154 -0.413835 -1.2615
-0.77136 -0.39073 -1.2653
-0.764965 -0.392915 -1.2654
-0.71094 -0.39136 -1.2673
-0.70807 -0.39132 -1.2695
-0.69373 -0.39068 -1.2697
-0.76616 -0.385373 -1.26493
-0.75565 -0.38211 -1.264
-0.712888 -0.383936 -1.26651
-0.704573 -0.384546 -1.26687
-0.695664 -0.384674 -1.26747
-0.68585 -0.384135 -1.26824
-0.67938 -0.382875 -1.26902
-0.762243 -0.37331 -1.26713
-0.75213 -0.37025 -1.266
-0.74921 -0.37127 -1.2602
-0.71379 -0.374804 -1.26232
-0.704798 -0.376296 -1.26301
-0.695242 -0.375424 -1.26292
-0.685156 -0.37494 -1.26348
-0.678899 -0.374255 -1.26618
-0.76696 -0.36191 -1.2609
-0.755848 -0.36535 -1.26555
-0.749017 -0.36447 -1.26353
-0.72143 -0.36951 -1.2634
-0.70154 -0.36985 -1.2601
-0.697363 -0.369517 -1.2605
-0.682552 -0.36667 -1.26218
-0.678386 -0.365026 -1.26411
-0.76566 -0.356925 -1.26485
-0.747265 -0.355845 -1.261
-0.725893 -0.354283 -1.2645
-0.68034 -0.353593 -1.26697
-0.677931 -0.355312 -1.26566
-0.75991 -0.34219 -1.2634
-0.746297 -0.346273 -1.26187
-0.72907 -0.343973 -1.26167
-0.68002 -0.34399 -1.2601
-0.678393 -0.344208 -1.26506
-0.769 -0.33634 -1.2667
-0.75134 -0.33189 -1.2652
-0.74476 -0.332757 -1.2668
-0.73285 -0.33322 -1.2601
-0.680418 -0.334182 -1.26625
-0.678906 -0.336265 -1.26452
-0.76089 -0.32492 -1.2697
-0.752075 -0.32591 -1.2681
-0.7432 -0.326005 -1.26462
-0.73632 -0.32987 -1.2625
-0.68083 -0.32475 -1.2648
-0.678376 -0.324209 -1.26583
-0.74192 -0.31993 -1.2607
-0.73892 -0.31847 -1.2604
-0.680135 -0.31507 -1.2653
-0.677534 -0.315244 -1.26513
-0.754945 -0.30462 -1.2664
-0.677072 -0.307258 -1.26267
-0.74994 -0.29855 -1.266
-0.680867 -0.297477 -1.26715
-0.678506 -0.294151 -1.26441
-0.68189 -0.28656 -1.26617
-0.68405 -0.27806 -1.2639
0.40942 -0.26074 -1.2693
0.41405 -0.261275 -1.2688
0.406829 -0.253403 -1.26687
0.415814 -0.254284 -1.26756
0.424702 -0.254051 -1.26754
0.434234 -0.25467 -1.26696
0.405309 -0.244677 -1.26441
0.415188 -0.24583 -1.26249
0.425277 -0.245427 -1.2628
0.434577 -0.245074 -1.2634
0.442339 -0.24552 -1.26621
-0.69839 -0.23967 -1.2699
0.403697 -0.234996 -1.2641
0.43987 -0.23857 -1.2607
0.44554 -0.234872 -1.26518
-0.77202 -0.22724 -1.2631
0.402797 -0.224426 -1.26459
-0.70453 -0.21426 -1.2666
0.403034 -0.214916 -1.26466
0.403441 -0.204936 -1.26454
0.403002 -0.194964 -1.26544
0.402749 -0.184344 -1.26352
0.403807 -0.174919 -1.265
0.46212 -0.17599 -1.2612
-0.72579 -0.16808 -1.27
0.404944 -0.16512 -1.26522
0.4063 -0.156875 -1.26285
0.4736 -0.152757 -1.2675
0.40685 -0.14633 -1.2601
0.41004 -0.13905 -1.2627
0.47863 -0.13288 -1.2649
-0.74064 -0.11671 -1.2696
0.42309 -0.088356 -1.2646
0.42786 -0.074353 -1.2655
-0.158965 -0.018611 -1.26725
0.51813 0.0055485 -1.2657
0.53034 0.040881 -1.2686
-0.747555 0.15939 -1.261
-0.73817 0.15994 -1.2605
-0.716065 0.15931 -1.26035
-0.706447 0.15955 -1.2606
-0.68971 0.15998 -1.2608
-0.65728 0.15994 -1.2605
-0.643795 0.15873 -1.2606
-0.631575 0.1587 -1.2604
-0.6208 0.15991 -1.2603
-0.61841 0.15991 -1.2603
-0.60411 0.1599 -1.2602
-0.59698 0.15869 -1.2603
-0.583165 0.159965 -1.2607
-0.571545 0.15875 -1.2609
-0.565362 0.158998 -1.26272
-0.55528 0.15933 -1.26055
-0.545017 0.15904 -1.26065
-0.53478 0.15874 -1.2607
-0.52347 0.159454 -1.26054
-0.515488 0.159158 -1.26208
-0.5078 0.15874 -1.2607
-0.495703 0.158785 -1.26102
-0.48331 0.159295 -1.26025
-0.47692 0.15877 -1.2609
-0.46581 0.1587 -1.2604
-0.443165 0.159345 -1.2606
-0.43977 0.15868 -1.2602
-0.42485 0.15747 -1.2606
-0.404168 0.158398 -1.26132
-0.39651 0.159153 -1.26155
-0.384975 0.159173 -1.2617
-0.374998 0.158456 -1.26042
-0.364798 0.158159 -1.26197
-0.355644 0.158646 -1.26125
-0.34418 0.15936 -1.2608
-0.33065 0.15868 -1.2602
-0.324835 0.15889 -1.26185
-0.31522 0.15885 -1.26157
-0.305317 0.158208 -1.26147
-0.29711 0.158785 -1.26105
-0.285522 0.158303 -1.26052
-0.275776 0.158736 -1.26066
-0.262704 0.158688 -1.26224
-0.258457 0.158033 -1.26173
-0.244093 0.158717 -1.26055
-0.235085 0.158669 -1.2626
-0.226385 0.15823 -1.26163
-0.215035 0.159195 -1.26428
-0.205425 0.158713 -1.26295
-0.197274 0.158151 -1.26177
-0.186377 0.158628 -1.26312
-0.174891 0.158339 -1.26177
-0.16533 0.158614 -1.26166
-0.15422 0.158768 -1.26095
-0.142398 0.15836 -1.26166
-0.137495 0.158955 -1.26235
-0.12384 0.158403 -1.26373
-0.114973 0.158153 -1.26357
-0.105233 0.157925 -1.26275
-0.0954978 0.158368 -1.26218
-0.0856462 0.158291 -1.26156
-0.0757438 0.158575 -1.26144
-0.0651403 0.158717 -1.26218
-0.0562842 0.158644 -1.26367
-0.0458874 0.158265 -1.26294
-0.0350964 0.158445 -1.2621
-0.0251063 0.158002 -1.2612
-0.0137729 0.158381 -1.26211
-0.00496733 0.158439 -1.26276
0.00521859 0.158367 -1.26197
0.0145946 0.158566 -1.26306
0.0256468 0.158571 -1.2633
0.0359202 0.158188 -1.2623
0.0459825 0.158468 -1.26227
0.0559506 0.158489 -1.26366
0.06562 0.158361 -1.26266
0.0752092 0.158524 -1.26272
0.0846203 0.158453 -1.26267
0.0950545 0.158043 -1.26247
0.104322 0.157718 -1.26267
0.114748 0.158505 -1.26382
0.124788 0.158381 -1.26283
0.136114 0.158539 -1.26578
0.14511 0.158092 -1.26497
0.15561 0.158733 -1.26397
0.165018 0.157755 -1.26208
0.17444 0.158225 -1.26298
0.185275 0.158144 -1.26196
0.194738 0.157949 -1.26263
0.203783 0.158947 -1.264
0.214913 0.158614 -1.26468
0.224604 0.157971 -1.26308
0.235506 0.157997 -1.26284
0.244218 0.158094 -1.26311
0.255159 0.158101 -1.26369
0.264418 0.158528 -1.2654
0.274905 0.158143 -1.26349
0.284871 0.158494 -1.26373
0.294678 0.158559 -1.26479
0.304283 0.158019 -1.26324
0.314964 0.158039 -1.26266
0.324792 0.157952 -1.26264
0.334767 0.158699 -1.26463
0.345086 0.158423 -1.26458
0.355059 0.15843 -1.26379
0.365706 0.158308 -1.26459
0.37558 0.158625 -1.26478
0.385576 0.158187 -1.26268
0.394978 0.157928 -1.26321
0.40546 0.158219 -1.26439
0.415142 0.158055 -1.26457
0.424951 0.158424 -1.26318
0.435489 0.15813 -1.26389
0.445514 0.158387 -1.26574
0.451035 0.155275 -1.2638
-0.75155 0.16242 -1.2699
-0.743222 0.162859 -1.26501
-0.735364 0.163192 -1.2665
-0.724956 0.162539 -1.26507
-0.714788 0.162941 -1.26572
-0.704951 0.162887 -1.26568
-0.694954 0.162856 -1.26511
-0.683941 0.16275 -1.2645
-0.675083 0.163547 -1.26599
-0.664713 0.163175 -1.2652
-0.655285 0.163441 -1.26566
-0.64613 0.163074 -1.26543
-0.634981 0.163479 -1.26651
-0.624995 0.16349 -1.26678
-0.615089 0.162435 -1.26494
-0.60445 0.163137 -1.26557
-0.595258 0.162489 -1.26541
-0.585594 0.163348 -1.26599
-0.575139 0.163209 -1.26617
-0.564918 0.162042 -1.265
-0.554962 0.163331 -1.26699
-0.545682 0.162841 -1.26671
-0.536076 0.162442 -1.26611
-0.525707 0.163186 -1.26703
-0.515203 0.161934 -1.26494
-0.505053 0.16247 -1.26615
-0.495369 0.162085 -1.26494
-0.486237 0.162172 -1.26524
-0.475365 0.162576 -1.26565
-0.464867 0.161933 -1.26379
-0.455427 0.162354 -1.26567
-0.444429 0.162431 -1.26558
-0.435051 0.162556 -1.26551
-0.425136 0.161795 -1.26478
-0.414801 0.162059 -1.26553
-0.404194 0.162485 -1.26531
-0.394649 0.162398 -1.26552
-0.385491 0.162425 -1.26653
-0.375234 0.161925 -1.26502
-0.364543 0.162236 -1.26498
-0.35588 0.162577 -1.26532
-0.344875 0.162063 -1.26604
-0.334365 0.162004 -1.26566
-0.325025 0.162345 -1.266
-0.314939 0.161818 -1.26579
-0.305965 0.161932 -1.26667
-0.295053 0.161991 -1.26633
-0.284801 0.161959 -1.26682
-0.274933 0.161571 -1.26568
-0.264391 0.161291 -1.26667
-0.254208 0.162203 -1.26729
-0.244249 0.161452 -1.26529
-0.234845 0.161668 -1.26646
-0.224768 0.162415 -1.26687
-0.215476 0.161863 -1.26682
-0.204051 0.162843 -1.26775
-0.195113 0.161414 -1.26616
-0.184407 0.162107 -1.26725
-0.173958 0.161794 -1.26742
-0.16451 0.161468 -1.26751
-0.155277 0.161858 -1.26721
-0.145125 0.161459 -1.26745
-0.134207 0.161763 -1.26718
-0.125195 0.161637 -1.26775
-0.115491 0.162019 -1.26862
-0.104312 0.161208 -1.26883
-0.0959067 0.160949 -1.26556
-0.0847142 0.161249 -1.26633
-0.0764242 0.16156 -1.26722
-0.0658065 0.16151 -1.26765
-0.0555837 0.161716 -1.26703
-0.0460317 0.161702 -1.26694
-0.03528 0.161116 -1.26691
-0.0266834 0.16207 -1.26898
-0.0156428 0.161443 -1.26732
-0.00485504 0.161353 -1.2676
0.00583946 0.160974 -1.2666
0.015045 0.161623 -1.26809
0.0239108 0.161578 -1.26692
0.0335831 0.161819 -1.26842
0.0454964 0.161718 -1.26801
0.0547738 0.16099 -1.26712
0.0644229 0.161583 -1.26786
0.0740141 0.161866 -1.26878
0.0848653 0.161463 -1.26745
0.0947659 0.161257 -1.26585
0.104969 0.161105 -1.26589
0.11625 0.162279 -1.26866
0.125055 0.161667 -1.26801
0.13602 0.16143 -1.26887
0.144076 0.161295 -1.26743
0.155753 0.161267 -1.26809
0.165258 0.160892 -1.26804
0.172595 0.161535 -1.268
0.184019 0.161161 -1.26564
0.19443 0.161377 -1.26806
0.204677 0.160997 -1.26715
0.216073 0.16102 -1.26733
0.224324 0.160896 -1.26604
0.233654 0.161051 -1.2655
0.245306 0.161042 -1.2672
0.254326 0.16076 -1.26698
0.265447 0.161326 -1.26765
0.273232 0.161535 -1.26802
0.284088 0.160848 -1.26765
0.295003 0.16137 -1.26799
0.304458 0.16137 -1.268
0.31492 0.161517 -1.26778
0.3259 0.161033 -1.26913
0.334987 0.161187 -1.26747
0.344867 0.16092 -1.2683
0.355166 0.16092 -1.26824
0.364765 0.160892 -1.26633
0.375777 0.16086 -1.2678
0.384139 0.161617 -1.2676
0.396555 0.16131 -1.26793
0.40277 0.160865 -1.26785
0.417735 0.16106 -1.26935
0.4229 0.16083 -1.2676
0.43512 0.160885 -1.26795
0.444443 0.161305 -1.26623
-0.192065 0.363076 -1.26621
-0.186342 0.362998 -1.26619
-0.176453 0.363836 -1.26883
-0.166018 0.363995 -1.26937
-0.92329 -0.60649 -1.2511
-0.87867 -0.60255 -1.2558
-0.82154 -0.60562 -1.2588
-0.888455 -0.592215 -1.25655
-0.873575 -0.5943 -1.2561
-0.91017 -0.58528 -1.2549
-0.90636 -0.58101 -1.2556
-0.81037 -0.58317 -1.2536
-0.80654 -0.58837 -1.2548
-0.79055 -0.58797 -1.2574
-0.789095 -0.582445 -1.25705
-0.88794 -0.57218 -1.2597
-0.80938 -0.57988 -1.2532
-0.79273 -0.57987 -1.2598
-0.78666 -0.57871 -1.254
-0.89281 -0.56815 -1.2541
-0.87184 -0.56382 -1.2512
-0.79363 -0.5675 -1.256
-0.7859 -0.5685 -1.2515
-0.88688 -0.55574 -1.26
-0.80158 -0.55703 -1.2596
-0.88149 -0.54673 -1.2547
-0.86571 -0.53528 -1.25575
-0.8009 -0.53371 -1.2575
-0.78266 -0.53794 -1.2532
-0.85588 -0.52127 -1.2523
-0.84055 -0.50081 -1.2594
-0.84479 -0.49435 -1.2541
-0.77609 -0.48221 -1.2527
-0.78345 -0.45097 -1.2573
-0.77116 -0.45914 -1.252
-0.80519 -0.44408 -1.2537
-0.78038 -0.44452 -1.2591
-0.777145 -0.44209 -1.25395
-0.77077 -0.42087 -1.2596
-0.76979 -0.41406 -1.26
-0.763973 -0.405567 -1.25537
-0.76205 -0.3957 -1.2566
-0.757127 -0.392963 -1.25392
-0.76442 -0.38587 -1.2541
-0.754658 -0.384728 -1.25426
-0.77104 -0.37261 -1.2553
-0.76244 -0.37985 -1.2523
-0.753745 -0.375409 -1.25479
-0.749305 -0.37438 -1.25445
-0.711555 -0.37156 -1.25885
-0.705408 -0.372393 -1.25933
-0.69358 -0.37101 -1.2593
-0.68859 -0.37237 -1.2592
-0.76046 -0.36757 -1.2523
-0.751511 -0.364853 -1.25584
-0.747708 -0.365542 -1.25525
-0.713599 -0.364426 -1.25627
-0.704578 -0.365295 -1.25562
-0.695025 -0.364894 -1.25722
-0.684828 -0.364027 -1.25653
-0.678702 -0.363305 -1.25855
-0.75113 -0.356382 -1.25565
-0.747969 -0.353846 -1.25595
-0.714858 -0.356378 -1.25298
-0.705644 -0.357522 -1.25206
-0.695331 -0.357175 -1.25161
-0.684371 -0.356264 -1.25358
-0.678069 -0.353818 -1.25688
-0.745655 -0.344657 -1.25445
-0.72527 -0.347165 -1.2594
-0.680695 -0.34543 -1.2507
-0.678016 -0.345426 -1.2546
-0.75043 -0.33151 -1.2587
-0.744147 -0.335916 -1.25576
-0.7344 -0.33022 -1.2588
-0.72949 -0.33291 -1.2538
-0.680135 -0.33454 -1.25505
-0.678529 -0.335123 -1.25597
-0.743287 -0.323865 -1.25546
-0.738957 -0.32268 -1.25697
-0.68002 -0.324495 -1.2549
-0.67872 -0.326002 -1.25493
-0.741997 -0.31692 -1.2555
-0.73688 -0.31794 -1.25555
-0.68062 -0.315353 -1.25847
-0.678747 -0.315686 -1.25454
-0.74155 -0.30869 -1.2531
-0.680658 -0.303537 -1.25375
-0.678045 -0.305402 -1.25595
-0.744727 -0.29653 -1.2538
-0.68068 -0.29159 -1.2591
-0.677865 -0.295983 -1.25413
-0.675907 -0.286065 -1.25333
-0.68378 -0.27187 -1.2596
-0.68013 -0.26909 -1.253
-0.67968 -0.26764 -1.2524
-0.69038 -0.25162 -1.2569
-0.68908 -0.254115 -1.2588
0.407517 -0.24198 -1.25943
0.413072 -0.241863 -1.2594
0.422575 -0.24281 -1.25908
0.43824 -0.240235 -1.2595
0.40705 -0.234378 -1.2572
0.414269 -0.235465 -1.25589
0.425034 -0.23468 -1.25624
0.434951 -0.234322 -1.25696
0.441575 -0.232835 -1.25755
0.405564 -0.225442 -1.25541
0.415736 -0.226483 -1.25186
0.425604 -0.225636 -1.25231
0.434877 -0.225715 -1.25228
0.44158 -0.224755 -1.2526
0.403801 -0.21566 -1.25483
0.43109 -0.21797 -1.2507
0.444663 -0.215333 -1.25267
-0.69937 -0.20745 -1.2579
0.403465 -0.205395 -1.25375
0.44591 -0.20934 -1.2529
0.403582 -0.194887 -1.25484
0.403331 -0.184901 -1.25533
-0.71556 -0.17321 -1.26
0.402645 -0.17543 -1.25358
0.459245 -0.171975 -1.2559
0.403216 -0.165306 -1.25444
0.403719 -0.155846 -1.25337
0.40594 -0.14167 -1.25325
0.40913 -0.13072 -1.2563
0.47903 -0.10396 -1.2539
0.41527 -0.098625 -1.252
-0.73664 -0.075051 -1.2566
0.42346 -0.071106 -1.2512
0.43141 -0.039701 -1.2544
-0.16328 -0.021028 -1.2569
-0.15518 -0.018378 -1.2514
-0.85079 0.00038352 -1.2512
0.51141 0.0065875 -1.2534
0.52158 0.032979 -1.2577
-0.050217 0.14969 -1.2502
0.26493 0.14973 -1.25045
0.322085 0.149815 -1.25115
0.33619 0.14968 -1.2501
0.35229 0.14978 -1.25087
0.376335 0.1498 -1.25105
0.44754 0.1493 -1.25225
0.45069 0.14856 -1.2513
-0.75292 0.15355 -1.2551
-0.74367 0.157535 -1.2572
-0.734761 0.157045 -1.25533
-0.725186 0.156416 -1.25427
-0.714359 0.156626 -1.25562
-0.70587 0.156646 -1.25521
-0.694418 0.156611 -1.25465
-0.684663 0.156971 -1.25407
-0.675599 0.157054 -1.25526
-0.665427 0.157394 -1.25592
-0.655242 0.157309 -1.25645
-0.645551 0.157236 -1.25621
-0.635676 0.157006 -1.25651
-0.6251 0.156198 -1.25527
-0.614494 0.156694 -1.25575
-0.604714 0.156555 -1.25561
-0.594985 0.155934 -1.25477
-0.584932 0.157128 -1.25642
-0.57513 0.15685 -1.25638
-0.564487 0.156855 -1.25583
-0.554094 0.156016 -1.25484
-0.545629 0.155763 -1.25487
-0.535184 0.155733 -1.2552
-0.5253 0.156268 -1.25542
-0.514285 0.155177 -1.25493
-0.504892 0.156673 -1.25614
-0.49484 0.155366 -1.25543
-0.484771 0.156742 -1.25612
-0.475315 0.155919 -1.25401
-0.465202 0.155332 -1.25434
-0.454328 0.155926 -1.25479
-0.445591 0.156416 -1.25589
-0.434354 0.156164 -1.25561
-0.425474 0.156407 -1.25657
-0.414988 0.156775 -1.25641
-0.405831 0.156048 -1.25552
-0.394643 0.155646 -1.25438
-0.385609 0.155866 -1.25554
-0.374597 0.156085 -1.25592
-0.366203 0.154988 -1.25561
-0.354297 0.155977 -1.2567
-0.34485 0.155643 -1.2551
-0.334967 0.155903 -1.25554
-0.324956 0.155717 -1.25505
-0.314883 0.155561 -1.25504
-0.304909 0.155476 -1.25497
-0.295125 0.156091 -1.25647
-0.285224 0.155625 -1.25616
-0.274595 0.155278 -1.25579
-0.266263 0.15584 -1.25581
-0.253893 0.155562 -1.25568
-0.245028 0.155514 -1.25581
-0.234769 0.155013 -1.25537
-0.224303 0.154482 -1.25444
-0.214983 0.154811 -1.25478
-0.205164 0.155068 -1.2555
-0.194521 0.154889 -1.25517
-0.185244 0.154711 -1.25488
-0.175228 0.15478 -1.2548
-0.165207 0.155188 -1.25612
-0.155021 0.15514 -1.25601
-0.145064 0.154844 -1.25506
-0.134151 0.155267 -1.25631
-0.124819 0.154887 -1.25598
-0.114663 0.154312 -1.25481
-0.104152 0.153881 -1.25436
-0.0953204 0.154326 -1.25543
-0.0847441 0.154573 -1.25599
-0.0752613 0.154449 -1.25533
-0.0656603 0.154678 -1.25578
-0.0550297 0.154338 -1.25563
-0.0447026 0.153999 -1.25467
-0.0351503 0.154573 -1.25516
-0.0247444 0.154228 -1.25405
-0.0146981 0.154703 -1.25562
-0.004841 0.154441 -1.25527
0.00505194 0.154332 -1.25554
0.0150146 0.154446 -1.25521
0.0245987 0.154298 -1.25454
0.0348631 0.153667 -1.25459
0.0442703 0.154152 -1.25466
0.0547055 0.153552 -1.25422
0.0653611 0.154514 -1.25461
0.0751873 0.154986 -1.25554
0.0854629 0.154174 -1.25484
0.094651 0.153309 -1.25415
0.104968 0.152944 -1.25404
0.114651 0.153856 -1.25451
0.124619 0.154255 -1.2555
0.134597 0.153759 -1.25536
0.145438 0.153055 -1.25487
0.154285 0.154075 -1.25563
0.164432 0.153586 -1.25533
0.175546 0.153705 -1.25492
0.185041 0.153471 -1.25407
0.194318 0.153708 -1.25458
0.20463 0.154774 -1.25623
0.214441 0.15429 -1.25577
0.225817 0.153451 -1.25516
0.234984 0.153382 -1.25516
0.245152 0.153469 -1.25503
0.253856 0.153756 -1.25583
0.265093 0.154236 -1.25605
0.275378 0.153723 -1.25523
0.285247 0.153695 -1.25527
0.294827 0.153702 -1.25561
0.305211 0.153546 -1.255
0.315073 0.153456 -1.25466
0.325093 0.153635 -1.25537
0.335112 0.154164 -1.25551
0.344806 0.153401 -1.25475
0.354361 0.153711 -1.2556
0.365283 0.153641 -1.25579
0.374916 0.153558 -1.25482
0.385121 0.153383 -1.25567
0.395751 0.153426 -1.25534
0.404939 0.153405 -1.25491
0.415073 0.152979 -1.25478
0.424541 0.154181 -1.25631
0.434987 0.153398 -1.25555
0.444037 0.152986 -1.25477
0.45137 0.15057 -1.2575
-0.636165 0.16109 -1.25955
-0.188257 0.360843 -1.25917
-0.88794 -0.61098 -1.2413
-0.92547 -0.60586 -1.2498
-0.8917 -0.60994 -1.2484
-0.81254 -0.60255 -1.243
-0.80288 -0.60902 -1.2434
-0.79077 -0.60727 -1.2429
-0.91446 -0.5983 -1.2403
-0.87341 -0.59559 -1.2445
-0.80721 -0.59663 -1.2467
-0.79726 -0.59945 -1.2427
-0.78365 -0.58202 -1.2446
-0.894033 -0.576123 -1.24393
-0.8772 -0.5759 -1.2446
-0.8024 -0.57855 -1.2404
-0.79712 -0.57136 -1.2445
-0.784043 -0.576603 -1.24607
-0.88579 -0.56686 -1.2479
-0.88309 -0.55763 -1.2475
-0.87452 -0.55543 -1.2493
-0.78856 -0.54488 -1.2454
-0.8633 -0.53909 -1.2422
-0.790925 -0.53644 -1.2482
-0.786697 -0.537143 -1.24697
-0.77973 -0.53957 -1.2468
-0.79293 -0.52472 -1.2463
-0.77939 -0.52503 -1.247
-0.8617 -0.51941 -1.2478
-0.84689 -0.51013 -1.2464
-0.77498 -0.5133 -1.2434
-0.78286 -0.50356 -1.2413
-0.83677 -0.494123 -1.24532
-0.77166 -0.4832 -1.2439
-0.82073 -0.47864 -1.2434
-0.8254 -0.46809 -1.2456
-0.77594 -0.463125 -1.2415
-0.774649 -0.45574 -1.24291
-0.773532 -0.447212 -1.24442
-0.76287 -0.424585 -1.24365
-0.77533 -0.4146 -1.2449
-0.76238 -0.41248 -1.2468
-0.761553 -0.40579 -1.24747
-0.757001 -0.39555 -1.24582
-0.756431 -0.385885 -1.24555
-0.75773 -0.371845 -1.24605
-0.74594 -0.374817 -1.24473
-0.74791 -0.36918 -1.2485
-0.76152 -0.35923 -1.2469
-0.75653 -0.351265 -1.24255
-0.712933 -0.352143 -1.24925
-0.704402 -0.352593 -1.24844
-0.69485 -0.352725 -1.24914
-0.686275 -0.351328 -1.2492
-0.67801 -0.35036 -1.249
-0.74525 -0.34098 -1.2491
-0.721345 -0.34271 -1.24805
-0.713457 -0.345059 -1.24566
-0.704975 -0.344764 -1.2448
-0.695505 -0.345248 -1.24603
-0.684437 -0.344982 -1.24625
-0.678978 -0.342768 -1.24686
-0.743348 -0.33356 -1.24614
-0.73906 -0.33063 -1.24775
-0.723685 -0.333895 -1.24505
-0.715021 -0.336461 -1.24263
-0.704617 -0.337002 -1.24156
-0.695682 -0.33612 -1.24132
-0.684259 -0.336753 -1.24293
-0.677742 -0.334442 -1.2464
-0.74286 -0.326862 -1.24702
-0.724145 -0.323628 -1.24248
-0.678142 -0.325247 -1.24454
-0.74433 -0.31385 -1.2472
-0.737419 -0.312593 -1.24593
-0.72917 -0.3191 -1.247
-0.68013 -0.31151 -1.2431
-0.678337 -0.314788 -1.24606
-0.74212 -0.30559 -1.2405
-0.73562 -0.305612 -1.24351
-0.680487 -0.303827 -1.244
-0.678695 -0.305578 -1.24469
-0.742365 -0.293845 -1.24615
-0.73965 -0.29205 -1.244
-0.680337 -0.29507 -1.2458
-0.678565 -0.294905 -1.24475
-0.74015 -0.28996 -1.2407
-0.73817 -0.28896 -1.2421
-0.68135 -0.28375 -1.2422
-0.677256 -0.284906 -1.24536
-0.68044 -0.27961 -1.2413
-0.677557 -0.275966 -1.24341
-0.677378 -0.265409 -1.24325
-0.7609 -0.23289 -1.2475
0.407298 -0.221222 -1.24832
0.413483 -0.223045 -1.24855
0.424347 -0.221865 -1.24897
0.435614 -0.221614 -1.24941
0.44024 -0.22035 -1.2492
0.406588 -0.214398 -1.24636
0.414813 -0.214668 -1.24507
0.424516 -0.214878 -1.24579
0.434544 -0.214434 -1.24635
0.441447 -0.214295 -1.2477
-0.76761 -0.20604 -1.2411
-0.6971 -0.20231 -1.2496
0.404397 -0.20531 -1.24423
0.416646 -0.207783 -1.24106
0.425124 -0.207029 -1.24217
0.436478 -0.206262 -1.24278
0.442437 -0.203726 -1.24359
0.403594 -0.195629 -1.2457
0.443157 -0.19739 -1.24227
0.403498 -0.185806 -1.24431
0.44764 -0.18952 -1.2445
0.403104 -0.175058 -1.24453
0.402719 -0.164915 -1.24469
0.403311 -0.154838 -1.24437
0.403316 -0.145867 -1.24528
0.404108 -0.13499 -1.24338
-0.80111 -0.12211 -1.2455
0.40461 -0.126687 -1.24153
0.41067 -0.10418 -1.2416
0.47674 -0.10229 -1.2496
-0.73316 -0.095942 -1.2491
0.47822 -0.0952635 -1.24825
-0.82862 -0.063524 -1.2499
-0.73453 -0.059423 -1.2448
0.48554 -0.058027 -1.241
0.43227 -0.020856 -1.2467
-0.753695 0.14582 -1.24385
-0.74876 0.14807 -1.24185
-0.733492 0.149583 -1.24102
-0.713383 0.148543 -1.24057
-0.704763 0.148685 -1.24167
-0.694227 0.14875 -1.24227
-0.684206 0.14888 -1.24116
-0.67243 0.14879 -1.24036
-0.665155 0.148285 -1.24105
-0.65464 0.14902 -1.24182
-0.644037 0.148765 -1.24238
-0.633823 0.148843 -1.24143
-0.624816 0.148349 -1.24362
-0.615605 0.14849 -1.24275
-0.604781 0.148381 -1.24221
-0.594633 0.148212 -1.2413
-0.584965 0.148725 -1.2421
-0.57364 0.148157 -1.24256
-0.565074 0.148626 -1.2412
-0.55722 0.14865 -1.24145
-0.534503 0.14776 -1.24103
-0.525573 0.148603 -1.24282
-0.51432 0.148143 -1.24174
-0.50581 0.148317 -1.24169
-0.495692 0.148903 -1.2435
-0.48552 0.14878 -1.2425
-0.473982 0.148577 -1.24258
-0.464792 0.147681 -1.24124
-0.455172 0.147963 -1.24098
-0.44365 0.14838 -1.24268
-0.436267 0.148468 -1.24162
-0.426002 0.148858 -1.24135
-0.413913 0.148131 -1.24106
-0.405107 0.147817 -1.24211
-0.395176 0.148092 -1.24208
-0.385708 0.148398 -1.24146
-0.3745 0.147472 -1.24205
-0.365788 0.147868 -1.24279
-0.353689 0.147766 -1.24106
-0.344204 0.148461 -1.24289
-0.334878 0.147678 -1.24191
-0.325119 0.147987 -1.24261
-0.314928 0.148932 -1.2438
-0.304425 0.147855 -1.24244
-0.294256 0.148387 -1.24322
-0.285667 0.148489 -1.24407
-0.275023 0.14812 -1.24173
-0.264466 0.148303 -1.24324
-0.255124 0.148328 -1.24406
-0.245035 0.148132 -1.24382
-0.23628 0.148965 -1.24583
-0.225548 0.148316 -1.24394
-0.216113 0.148326 -1.24343
-0.205343 0.148313 -1.24388
-0.194953 0.148148 -1.24356
-0.184644 0.147917 -1.24233
-0.174357 0.14768 -1.24306
-0.165094 0.147847 -1.2436
-0.154986 0.14781 -1.2428
-0.145075 0.147878 -1.24388
-0.135326 0.147831 -1.24378
-0.123977 0.147907 -1.24288
-0.114034 0.147877 -1.24387
-0.104781 0.147553 -1.24273
-0.0955834 0.147928 -1.2433
-0.0857345 0.147811 -1.24317
-0.0760435 0.148238 -1.24471
-0.0644823 0.14785 -1.24315
-0.0549053 0.147638 -1.24262
-0.0442513 0.147661 -1.24435
-0.0352399 0.147499 -1.24476
-0.0250324 0.147135 -1.24364
-0.0154649 0.147711 -1.24408
-0.00526926 0.147892 -1.24398
0.00456645 0.147868 -1.24401
0.0153825 0.148096 -1.24351
0.0257244 0.148463 -1.2452
0.0360399 0.147686 -1.24461
0.0457064 0.147683 -1.24455
0.0554176 0.147465 -1.24341
0.0649736 0.147683 -1.24386
0.0745757 0.147329 -1.2435
0.0844906 0.148025 -1.24291
0.0954528 0.147324 -1.24343
0.104822 0.147711 -1.24407
0.11506 0.147333 -1.24335
0.124615 0.147815 -1.24333
0.134937 0.147667 -1.2437
0.144938 0.147344 -1.24379
0.15494 0.1474 -1.24497
0.164924 0.147397 -1.24511
0.175007 0.147662 -1.24563
0.185396 0.147715 -1.24541
0.195051 0.147302 -1.24413
0.205571 0.147744 -1.24436
0.214578 0.147325 -1.24328
0.225315 0.147158 -1.24249
0.235463 0.147757 -1.24352
0.245295 0.147351 -1.24411
0.254474 0.147133 -1.24445
0.264499 0.147533 -1.24561
0.275492 0.14716 -1.24439
0.284814 0.147345 -1.24325
0.294992 0.147169 -1.24445
0.304303 0.147689 -1.24528
0.314436 0.147085 -1.24437
0.325629 0.147177 -1.24481
0.334641 0.147552 -1.24553
0.344664 0.147364 -1.24414
0.355831 0.146978 -1.24314
0.366425 0.148026 -1.2467
0.375806 0.147257 -1.24465
0.38483 0.147937 -1.24597
0.394794 0.147433 -1.24542
0.405378 0.147683 -1.24534
0.414654 0.146591 -1.24398
0.424722 0.146924 -1.24447
0.435141 0.146734 -1.24539
0.443758 0.145986 -1.24358
0.450515 0.145195 -1.244
-0.742465 0.152377 -1.24543
-0.735401 0.152927 -1.24782
-0.72495 0.152709 -1.2471
-0.715257 0.152319 -1.24641
-0.704151 0.151693 -1.24511
-0.696109 0.15224 -1.24693
-0.684734 0.151997 -1.24665
-0.675589 0.152958 -1.24727
-0.66608 0.151716 -1.24528
-0.654862 0.151807 -1.24605
-0.644696 0.151826 -1.24718
-0.634196 0.15179 -1.24588
-0.62613 0.150939 -1.24649
-0.614496 0.151745 -1.24659
-0.60482 0.15123 -1.246
-0.595184 0.151041 -1.2458
-0.585221 0.152176 -1.2468
-0.574947 0.151764 -1.24654
-0.564574 0.151881 -1.24559
-0.55597 0.151626 -1.24633
-0.544853 0.151424 -1.24686
-0.535457 0.151384 -1.24642
-0.525204 0.151247 -1.2475
-0.516449 0.151671 -1.24812
-0.50465 0.151633 -1.24672
-0.495083 0.151087 -1.24601
-0.484767 0.151198 -1.24634
-0.474364 0.151616 -1.24764
-0.464979 0.151114 -1.24643
-0.45635 0.151441 -1.24701
-0.445267 0.151766 -1.24747
-0.436371 0.151596 -1.24664
-0.424325 0.151362 -1.24625
-0.414984 0.15189 -1.24672
-0.404856 0.151238 -1.24666
-0.394171 0.151125 -1.24574
-0.384029 0.150896 -1.24611
-0.375358 0.151767 -1.24764
-0.365699 0.151363 -1.24769
-0.354585 0.151593 -1.24654
-0.344967 0.150997 -1.24823
-0.33481 0.151396 -1.24796
-0.324748 0.151301 -1.24719
-0.31501 0.151216 -1.24782
-0.305765 0.151485 -1.24725
-0.295462 0.151265 -1.24689
-0.285418 0.151243 -1.24669
-0.275746 0.151073 -1.2459
-0.264007 0.151589 -1.24746
-0.255979 0.151163 -1.24666
-0.245344 0.151206 -1.2487
-0.235397 0.15121 -1.24775
-0.22546 0.151252 -1.24857
-0.214208 0.150732 -1.24786
-0.204043 0.150927 -1.24767
-0.194274 0.151124 -1.24892
-0.184103 0.150915 -1.24758
-0.175508 0.150778 -1.24822
-0.164384 0.151096 -1.24779
-0.155862 0.151012 -1.24802
-0.14569 0.150668 -1.24732
-0.134742 0.150528 -1.24618
-0.12429 0.150782 -1.24826
-0.114331 0.151419 -1.24756
-0.105455 0.15082 -1.2468
-0.093527 0.15115 -1.24916
-0.0860033 0.151017 -1.24842
-0.0765655 0.150967 -1.24977
-0.066362 0.150817 -1.2486
-0.055749 0.150778 -1.24824
-0.0454732 0.150955 -1.24703
-0.0346248 0.1509 -1.24924
-0.0239443 0.150765 -1.2481
-0.0156061 0.151474 -1.24939
-0.00441397 0.15071 -1.24767
0.00500588 0.151173 -1.2488
0.0141892 0.150918 -1.24724
0.0250413 0.15071 -1.24765
0.0453945 0.151472 -1.2486
0.0572177 0.15134 -1.24933
0.0647593 0.151104 -1.24784
0.0749358 0.15098 -1.24812
0.084175 0.150713 -1.24767
0.091748 0.15089 -1.2491
0.11467 0.151187 -1.24802
0.12483 0.150798 -1.24838
0.13199 0.15084 -1.2487
0.15469 0.15099 -1.25
0.16488 0.15095 -1.2497
0.17923 0.15091 -1.2493
0.185445 0.15155 -1.2492
0.195936 0.151026 -1.24814
0.204888 0.150762 -1.2481
0.214376 0.150794 -1.24836
0.22326 0.15099 -1.25
0.23384 0.15099 -1.25
0.24358 0.15064 -1.2471
0.255913 0.150875 -1.24902
0.26563 0.150892 -1.24914
0.277405 0.15085 -1.24885
0.28065 0.15085 -1.2488
0.296245 0.15096 -1.24975
0.30505 0.15097 -1.2498
0.312725 0.150955 -1.2497
0.327935 0.150845 -1.2488
0.333643 0.150887 -1.2491
0.35729 0.15088 -1.2491
0.36059 0.15085 -1.2488
0.41805 0.15072 -1.2478
0.42461 0.150885 -1.24915
-0.92481 -0.62006 -1.2312
-0.77391 -0.62117 -1.23243
-0.92752 -0.61729 -1.2319
-0.85839 -0.61558 -1.2347
-0.806717 -0.615433 -1.2365
-0.7898 -0.61647 -1.2364
-0.763205 -0.614867 -1.23403
-0.757182 -0.616785 -1.2356
-0.807767 -0.605013 -1.2363
-0.79554 -0.603725 -1.2372
-0.78638 -0.60994 -1.2329
-0.913845 -0.596438 -1.23495
-0.86435 -0.59622 -1.2361
-0.85503 -0.596725 -1.2325
-0.79069 -0.59397 -1.238
-0.78514 -0.596752 -1.23403
-0.90191 -0.58175 -1.2374
-0.80175 -0.58884 -1.2398
-0.782217 -0.5866 -1.23403
-0.87292 -0.57682 -1.2367
-0.8004 -0.57959 -1.2361
-0.79316 -0.57469 -1.2353
-0.780375 -0.575185 -1.23485
-0.77711 -0.5769 -1.2304
-0.86278 -0.56661 -1.2342
-0.78944 -0.56511 -1.2326
-0.77739 -0.565797 -1.2324
-0.86756 -0.55468 -1.2376
-0.777543 -0.554367 -1.23243
-0.782625 -0.54373 -1.23445
-0.77498 -0.54288 -1.2308
-0.782297 -0.535947 -1.23723
-0.775028 -0.533294 -1.23292
-0.83743 -0.52158 -1.2352
-0.776498 -0.52633 -1.23202
-0.783905 -0.513295 -1.23665
-0.83738 -0.50682 -1.2312
-0.77448 -0.502975 -1.23615
-0.76761 -0.50335 -1.2334
-0.777395 -0.494515 -1.2347
-0.76673 -0.49233 -1.2309
-0.7747 -0.48268 -1.2317
-0.76673 -0.48381 -1.2343
-0.77277 -0.473707 -1.233
-0.772815 -0.464802 -1.23634
-0.764618 -0.462952 -1.2319
-0.77044 -0.45243 -1.2378
-0.764207 -0.455177 -1.2336
-0.803655 -0.44532 -1.23565
-0.760895 -0.44622 -1.23235
-0.76139 -0.43051 -1.2388
-0.75793 -0.434695 -1.23095
-0.759465 -0.423585 -1.23265
-0.77159 -0.41478 -1.2332
-0.766469 -0.41498 -1.2336
-0.75768 -0.41425 -1.2375
-0.76336 -0.408117 -1.2335
-0.756348 -0.404108 -1.2359
-0.755147 -0.396857 -1.23687
-0.755004 -0.385078 -1.23704
-0.74953 -0.38825 -1.2309
-0.75205 -0.37322 -1.2304
-0.753535 -0.3629 -1.23615
-0.75056 -0.35038 -1.2344
-0.74907 -0.34711 -1.2326
-0.712856 -0.33243 -1.23806
-0.705289 -0.333287 -1.23816
-0.695604 -0.334273 -1.23905
-0.685529 -0.332647 -1.23832
-0.67769 -0.33142 -1.2381
-0.74163 -0.3203 -1.2359
-0.72112 -0.32347 -1.23805
-0.714294 -0.325824 -1.2348
-0.70498 -0.324975 -1.23378
-0.695653 -0.32513 -1.23486
-0.684831 -0.325797 -1.23591
-0.678083 -0.324581 -1.23786
-0.721437 -0.313133 -1.23407
-0.715762 -0.317402 -1.23098
-0.704748 -0.318053 -1.23133
-0.693129 -0.316763 -1.23184
-0.684561 -0.317245 -1.23176
-0.677664 -0.315415 -1.23511
-0.73126 -0.30302 -1.238
-0.722937 -0.30475 -1.23175
-0.677926 -0.304376 -1.2334
-0.734028 -0.29631 -1.23472
-0.72932 -0.29605 -1.2337
-0.678571 -0.29475 -1.23511
-0.74208 -0.28761 -1.2307
-0.736318 -0.285675 -1.2336
-0.72981 -0.28789 -1.2319
-0.68034 -0.28346 -1.23525
-0.678319 -0.285358 -1.23518
-0.68103 -0.276945 -1.2381
-0.678874 -0.274205 -1.23374
-0.677787 -0.265198 -1.23502
-0.74699 -0.25062 -1.2382
-0.677064 -0.255675 -1.23439
-0.74749 -0.2495 -1.2393
-0.67653 -0.244535 -1.2312
0.407253 -0.203023 -1.23827
0.414251 -0.203319 -1.23796
0.425266 -0.202557 -1.23772
0.433289 -0.203177 -1.23813
-0.69439 -0.19033 -1.2369
0.406414 -0.194684 -1.2354
0.414807 -0.195016 -1.23414
0.424832 -0.195289 -1.23543
0.434538 -0.194974 -1.23555
0.442668 -0.19253 -1.23668
0.404851 -0.185573 -1.23394
0.415017 -0.188923 -1.23078
0.426097 -0.187333 -1.23229
0.434844 -0.187194 -1.23187
0.44225 -0.184357 -1.23337
0.403956 -0.174903 -1.23418
0.445577 -0.177317 -1.2321
-0.70597 -0.1665 -1.2386
0.403434 -0.164459 -1.23497
0.449423 -0.16306 -1.23217
0.45076 -0.16471 -1.2347
-0.7826 -0.1575 -1.2378
0.403387 -0.155182 -1.23362
-0.71418 -0.14503 -1.2378
0.403168 -0.144682 -1.23515
0.403376 -0.135081 -1.23459
0.403282 -0.125142 -1.23445
0.404325 -0.116148 -1.23486
0.404165 -0.106965 -1.2322
-0.7223 -0.0978525 -1.23435
0.41176 -0.0903 -1.2399
-0.723255 -0.088117 -1.23455
0.41074 -0.082435 -1.2332
0.47323 -0.089888 -1.2343
-0.72521 -0.075114 -1.2366
0.41116 -0.078729 -1.2344
0.41625 -0.065188 -1.2361
0.41986 -0.053063 -1.2394
0.4832 -0.056674 -1.2367
-0.83405 0.072993 -1.2326
-0.81884 0.084712 -1.23175
-0.77437 0.12016 -1.2329
-0.192995 0.13987 -1.23095
-0.18916 0.13991 -1.2313
-0.173695 0.139815 -1.23045
-0.16703 0.13992 -1.2314
-0.14493 0.13989 -1.2311
-0.13723 0.13981 -1.2304
-0.12289 0.139915 -1.23135
-0.114897 0.139413 -1.23073
-0.104692 0.139868 -1.2309
-0.085546 0.13989 -1.2311
-0.070207 0.13997 -1.2318
-0.060663 0.13983 -1.2305
-0.057314 0.139495 -1.23045
-0.0328715 0.139795 -1.23025
-0.020302 0.13993 -1.2315
-0.0174295 0.139905 -1.23125
-0.0030751 0.13851 -1.2303
0.00423417 0.139875 -1.23098
0.026028 0.13991 -1.2313
0.038908 0.139003 -1.23087
0.044139 0.13989 -1.2311
0.053203 0.13987 -1.2309
0.0668135 0.139815 -1.2305
0.074695 0.13985 -1.2308
0.096237 0.13979 -1.2303
0.1032 0.139825 -1.2305
0.111315 0.13994 -1.23155
0.12542 0.139857 -1.23083
0.133987 0.13981 -1.23043
0.14199 0.13981 -1.2304
0.15508 0.139825 -1.23055
0.165335 0.139905 -1.2312
0.176335 0.13983 -1.2306
0.18569 0.139913 -1.2313
0.197815 0.139845 -1.2307
0.21603 0.139917 -1.23135
0.225825 0.13862 -1.23125
0.234837 0.139883 -1.23107
0.24569 0.139167 -1.23237
0.256122 0.138495 -1.23207
0.265072 0.138248 -1.23085
0.274343 0.138643 -1.23147
0.286273 0.139427 -1.23083
0.296657 0.139107 -1.2318
0.30233 0.13865 -1.23157
0.314176 0.139188 -1.23172
0.3286 0.13993 -1.2315
0.33964 0.13993 -1.2315
0.34575 0.13914 -1.2302
0.35517 0.13991 -1.2313
0.364414 0.139606 -1.23088
0.37409 0.13921 -1.2308
0.385428 0.13964 -1.23118
0.39262 0.13928 -1.2314
0.401715 0.139255 -1.23115
0.41492 0.139217 -1.2309
0.422735 0.138635 -1.23145
0.436213 0.138147 -1.2309
0.44809 0.13875 -1.2324
0.452727 0.138227 -1.2354
-0.752255 0.141645 -1.23525
-0.744024 0.145959 -1.23622
-0.735695 0.14632 -1.23453
-0.724974 0.146316 -1.23455
-0.71544 0.146088 -1.23391
-0.705577 0.144595 -1.23386
-0.694911 0.145515 -1.23606
-0.685336 0.144924 -1.23428
-0.675128 0.145319 -1.23488
-0.665489 0.144973 -1.23494
-0.654415 0.146011 -1.23628
-0.644138 0.144712 -1.23452
-0.63575 0.144848 -1.23567
-0.625484 0.144674 -1.2341
-0.614199 0.145142 -1.23527
-0.604237 0.144392 -1.2346
-0.593393 0.144528 -1.23434
-0.584997 0.14484 -1.23562
-0.574627 0.1445 -1.23375
-0.564397 0.144647 -1.2343
-0.554514 0.144871 -1.2341
-0.545508 0.145701 -1.2357
-0.535669 0.145849 -1.23619
-0.524532 0.144756 -1.23412
-0.515142 0.144592 -1.23346
-0.505433 0.144727 -1.23584
-0.495054 0.144723 -1.23461
-0.484724 0.144821 -1.23449
-0.474677 0.145157 -1.23498
-0.465709 0.144662 -1.23548
-0.455079 0.145572 -1.23648
-0.44498 0.144646 -1.23456
-0.434049 0.144933 -1.23505
-0.424898 0.144749 -1.23508
-0.414965 0.144717 -1.23559
-0.404973 0.143619 -1.23507
-0.395466 0.143947 -1.23483
-0.385101 0.144202 -1.23455
-0.375573 0.143769 -1.23392
-0.365336 0.144349 -1.23533
-0.356295 0.144627 -1.23553
-0.344808 0.144332 -1.23447
-0.33492 0.144189 -1.23536
-0.324986 0.144076 -1.23514
-0.314722 0.144389 -1.23525
-0.304607 0.144172 -1.23521
-0.294692 0.143829 -1.23398
-0.284897 0.143837 -1.23442
-0.27512 0.144101 -1.23516
-0.264971 0.144462 -1.23641
-0.25464 0.144081 -1.23519
-0.245767 0.143827 -1.2356
-0.234572 0.144514 -1.23573
-0.224811 0.143762 -1.23528
-0.214573 0.143582 -1.23449
-0.204677 0.144048 -1.23477
-0.195712 0.143742 -1.23453
-0.185695 0.143694 -1.23428
-0.175395 0.143037 -1.23446
-0.16457 0.143106 -1.23431
-0.154873 0.143859 -1.2354
-0.145426 0.143112 -1.23438
-0.13523 0.143496 -1.23602
-0.12507 0.143656 -1.23643
-0.115097 0.143341 -1.23455
-0.104731 0.143623 -1.23594
-0.0949945 0.143489 -1.23571
-0.0850434 0.143545 -1.23557
-0.07471 0.143478 -1.23536
-0.0649263 0.142875 -1.23369
-0.0545021 0.143242 -1.23464
-0.0454987 0.14295 -1.23482
-0.0350005 0.142741 -1.23541
-0.0252968 0.142295 -1.23409
-0.0143002 0.143186 -1.23564
-0.0045107 0.143256 -1.23562
0.00577538 0.143361 -1.23588
0.0151282 0.143711 -1.2357
0.0248898 0.143498 -1.23561
0.0343265 0.143483 -1.23651
0.0447183 0.143038 -1.23561
0.0548954 0.1432 -1.23625
0.0648669 0.143014 -1.23463
0.0756018 0.143033 -1.23627
0.0853466 0.143634 -1.23601
0.0949798 0.142878 -1.23577
0.105478 0.142629 -1.23535
0.114901 0.143037 -1.23627
0.125049 0.143116 -1.23577
0.135564 0.142889 -1.23639
0.1432 0.142834 -1.23567
0.154434 0.142377 -1.23332
0.164901 0.142709 -1.23645
0.174474 0.143096 -1.23683
0.184636 0.142881 -1.23568
0.195065 0.142008 -1.23448
0.205007 0.142246 -1.23498
0.215805 0.142808 -1.23601
0.225219 0.142146 -1.23551
0.234749 0.143211 -1.2366
0.245884 0.142018 -1.23597
0.254957 0.141885 -1.23499
0.264705 0.142338 -1.2355
0.275091 0.141667 -1.23549
0.284455 0.142615 -1.23602
0.29469 0.142682 -1.23763
0.305374 0.142444 -1.23633
0.316343 0.142507 -1.2368
0.324394 0.141761 -1.23469
0.335485 0.142206 -1.23559
0.34481 0.142707 -1.23599
0.355107 0.14252 -1.23582
0.365127 0.142894 -1.23652
0.375138 0.142491 -1.23631
0.38483 0.142683 -1.23542
0.39631 0.142255 -1.23596
0.404678 0.142273 -1.23609
0.414711 0.142023 -1.23579
0.424012 0.141932 -1.23578
0.43675 0.14124 -1.23454
0.444191 0.141695 -1.23571
0.450755 0.141265 -1.23755
-0.927223 -0.621957 -1.22213
-0.80208 -0.624207 -1.22445
-0.76256 -0.621125 -1.2215
-0.754201 -0.622901 -1.22274
-0.74782 -0.624291 -1.22666
-0.92641 -0.61779 -1.2298
-0.88257 -0.6185 -1.2281
-0.8471 -0.61649 -1.2262
-0.79498 -0.612827 -1.22603
-0.78248 -0.61431 -1.2229
-0.772117 -0.61305 -1.2214
-0.764949 -0.615569 -1.22516
-0.755975 -0.619264 -1.22602
-0.74456 -0.61988 -1.2278
-0.91488 -0.60552 -1.2271
-0.80304 -0.60275 -1.2246
-0.794395 -0.60267 -1.22435
-0.784511 -0.605532 -1.2229
-0.76732 -0.6096 -1.22565
-0.903105 -0.59467 -1.2204
-0.86756 -0.5904 -1.2209
-0.85105 -0.59919 -1.2294
-0.84843 -0.59852 -1.225
-0.79529 -0.59379 -1.2249
-0.782913 -0.596197 -1.22293
-0.778953 -0.591388 -1.22298
-0.8973 -0.584688 -1.22312
-0.781002 -0.586228 -1.22478
-0.777859 -0.583174 -1.22581
-0.88779 -0.57653 -1.2263
-0.85641 -0.57685 -1.22865
-0.79642 -0.57791 -1.2292
-0.78038 -0.57388 -1.2272
-0.7767 -0.57425 -1.22652
-0.87867 -0.56337 -1.2271
-0.776715 -0.565643 -1.22812
-0.86691 -0.554415 -1.2238
-0.78027 -0.55168 -1.221
-0.774195 -0.554356 -1.22819
-0.78545 -0.5453 -1.2232
-0.773194 -0.545382 -1.22623
-0.769695 -0.54407 -1.22535
-0.78391 -0.535465 -1.22725
-0.773981 -0.53573 -1.22613
-0.769657 -0.535923 -1.22707
-0.83794 -0.52736 -1.2286
-0.773914 -0.524644 -1.22298
-0.768026 -0.522574 -1.2251
-0.84471 -0.51762 -1.2294
-0.77271 -0.514534 -1.22428
-0.767848 -0.515113 -1.22544
-0.82328 -0.50714 -1.2214
-0.773057 -0.505938 -1.22287
-0.767161 -0.504702 -1.22411
-0.773333 -0.495425 -1.22562
-0.766071 -0.494446 -1.22416
-0.81495 -0.48054 -1.2225
-0.77311 -0.484453 -1.2289
-0.765953 -0.484968 -1.22549
-0.77044 -0.47476 -1.2294
-0.764328 -0.475156 -1.22556
-0.762812 -0.465262 -1.22585
-0.759892 -0.46634 -1.22427
-0.762943 -0.45529 -1.22697
-0.758759 -0.45524 -1.22448
-0.80103 -0.44418 -1.2265
-0.78372 -0.44091 -1.2214
-0.761462 -0.445172 -1.22747
-0.757782 -0.444659 -1.22541
-0.77866 -0.4338 -1.2247
-0.757215 -0.434865 -1.22488
-0.772093 -0.425743 -1.2238
-0.769065 -0.42243 -1.2235
-0.755332 -0.425476 -1.22434
-0.766136 -0.414684 -1.22627
-0.753673 -0.414443 -1.22359
-0.76004 -0.40285 -1.2259
-0.753786 -0.405236 -1.22403
-0.752252 -0.395292 -1.22427
-0.749057 -0.39554 -1.22277
-0.751836 -0.38612 -1.22464
-0.748067 -0.386513 -1.22383
-0.750933 -0.377525 -1.22582
-0.747325 -0.37261 -1.22195
-0.75105 -0.367307 -1.2256
-0.746578 -0.366807 -1.22238
-0.7431 -0.35042 -1.2209
-0.744092 -0.345034 -1.22326
-0.74012 -0.33193 -1.2206
-0.738655 -0.33608 -1.22155
-0.73594 -0.32265 -1.2226
-0.70971 -0.32116 -1.2292
-0.735198 -0.314756 -1.2238
-0.713277 -0.313467 -1.22721
-0.705031 -0.313654 -1.22729
-0.695512 -0.313912 -1.22814
-0.684265 -0.313107 -1.22824
-0.67852 -0.311755 -1.2285
-0.733963 -0.304975 -1.22353
-0.7205 -0.30794 -1.2288
-0.713544 -0.304954 -1.22344
-0.705102 -0.305279 -1.22343
-0.694695 -0.305793 -1.22459
-0.684936 -0.305058 -1.2252
-0.678248 -0.304219 -1.22696
-0.7324 -0.292167 -1.2246
-0.723445 -0.29751 -1.22615
-0.71614 -0.297535 -1.2209
-0.706305 -0.2992 -1.22108
-0.694246 -0.298034 -1.22118
-0.684756 -0.297394 -1.22196
-0.678218 -0.295203 -1.22502
-0.733931 -0.286346 -1.22391
-0.723443 -0.28762 -1.2234
-0.68032 -0.2801 -1.2262
-0.677963 -0.285075 -1.22452
-0.7356 -0.2777 -1.2214
-0.68083 -0.274258 -1.2261
-0.678823 -0.274668 -1.22407
-0.680826 -0.263645 -1.22538
-0.678998 -0.264978 -1.22563
-0.73653 -0.25512 -1.2234
-0.68072 -0.254375 -1.2229
-0.676839 -0.254847 -1.22461
-0.74182 -0.24081 -1.222
-0.675329 -0.245099 -1.2236
-0.677322 -0.235062 -1.2247
-0.68002 -0.22287 -1.2277
-0.67753 -0.228923 -1.2218
-0.68288 -0.21566 -1.2298
-0.67582 -0.21887 -1.2203
-0.75474 -0.19764 -1.2208
0.407186 -0.183352 -1.22834
0.414725 -0.184337 -1.22783
0.424919 -0.182396 -1.22782
0.435369 -0.18257 -1.2287
0.44233 -0.18166 -1.2297
-0.76949 -0.17615 -1.2268
-0.69061 -0.179225 -1.2268
0.406802 -0.174456 -1.22515
0.415115 -0.175119 -1.22344
0.424492 -0.174693 -1.22355
0.434412 -0.17483 -1.22446
0.441454 -0.173606 -1.22614
0.405232 -0.165677 -1.22425
0.415127 -0.167097 -1.22032
0.425073 -0.16692 -1.2204
0.436028 -0.166956 -1.22126
0.442517 -0.16559 -1.2226
0.403773 -0.154573 -1.22455
0.402733 -0.145699 -1.22538
0.403369 -0.135277 -1.22511
0.40333 -0.124792 -1.22509
0.46238 -0.12172 -1.2293
0.402716 -0.114414 -1.22429
0.403559 -0.105259 -1.22402
0.404324 -0.0951477 -1.22289
0.40863 -0.088275 -1.2283
-0.71561 -0.0756075 -1.2242
-0.70301 -0.072186 -1.2287
0.40757 -0.070654 -1.2222
0.47147 -0.074266 -1.2227
0.47336 -0.064456 -1.2222
0.41451 -0.054869 -1.223
0.41665 -0.048742 -1.2278
0.4213 -0.030322 -1.2284
-0.15403 -0.019433 -1.2294
0.54158 0.059449 -1.2291
0.45593 0.12757 -1.2207
-0.75224 0.136315 -1.2271
-0.745182 0.137573 -1.22377
-0.735395 0.13804 -1.22233
-0.726532 0.138506 -1.22455
-0.715467 0.138731 -1.22411
-0.704037 0.138283 -1.22258
-0.696805 0.138328 -1.22298
-0.686332 0.13848 -1.22322
-0.673797 0.138334 -1.22224
-0.665244 0.138379 -1.22345
-0.655707 0.138277 -1.22366
-0.645176 0.138122 -1.22308
-0.635475 0.138409 -1.2237
-0.624673 0.138055 -1.22284
-0.615929 0.138203 -1.22378
-0.605209 0.138392 -1.22292
-0.594936 0.138289 -1.22379
-0.586411 0.137804 -1.22259
-0.574565 0.137498 -1.22132
-0.566032 0.138104 -1.2233
-0.555243 0.138411 -1.22312
-0.545582 0.137365 -1.22179
-0.535465 0.137862 -1.22266
-0.525272 0.137989 -1.22283
-0.515249 0.138413 -1.22375
-0.504421 0.138023 -1.2239
-0.494556 0.138382 -1.22347
-0.484192 0.137914 -1.22408
-0.47556 0.138227 -1.22433
-0.464556 0.137685 -1.22298
-0.455657 0.13825 -1.22385
-0.444025 0.138075 -1.22334
-0.434774 0.137822 -1.2233
-0.42541 0.137591 -1.22296
-0.415315 0.138111 -1.22325
-0.404731 0.137511 -1.22367
-0.395324 0.137882 -1.2247
-0.384787 0.137735 -1.22342
-0.374305 0.137954 -1.22339
-0.365554 0.138125 -1.22378
-0.355714 0.137712 -1.22316
-0.345988 0.138042 -1.22422
-0.334593 0.137968 -1.22384
-0.324573 0.137428 -1.2229
-0.315341 0.137614 -1.22439
-0.305014 0.137893 -1.22372
-0.295156 0.137218 -1.22268
-0.284557 0.137941 -1.22431
-0.275186 0.137847 -1.22506
-0.264672 0.137628 -1.22493
-0.254623 0.137062 -1.22398
-0.244714 0.137738 -1.22482
-0.234906 0.137295 -1.22417
-0.225068 0.137826 -1.22425
-0.215538 0.137931 -1.22517
-0.205367 0.137364 -1.22456
-0.194936 0.137205 -1.22458
-0.184294 0.136845 -1.22294
-0.175368 0.137071 -1.22408
-0.165158 0.13725 -1.22432
-0.155136 0.137861 -1.22585
-0.144378 0.137131 -1.22361
-0.135014 0.136898 -1.22478
-0.126087 0.136851 -1.22485
-0.11482 0.137759 -1.22587
-0.104932 0.136692 -1.22366
-0.0949495 0.137139 -1.22493
-0.0857223 0.137407 -1.22509
-0.0758233 0.137183 -1.22617
-0.0642601 0.136949 -1.22444
-0.0543407 0.137747 -1.22581
-0.0453858 0.137304 -1.22533
-0.0348831 0.137511 -1.22516
-0.0249468 0.137371 -1.22476
-0.0146844 0.137544 -1.22621
-0.00543048 0.137137 -1.22528
0.00486 0.136787 -1.22457
0.0155577 0.137458 -1.22483
0.0254831 0.137215 -1.22577
0.034798 0.137431 -1.22592
0.045154 0.136394 -1.22454
0.0553671 0.136962 -1.22574
0.0645836 0.136676 -1.22554
0.0750879 0.137465 -1.22544
0.0854527 0.137125 -1.22554
0.0950035 0.136434 -1.22488
0.105534 0.135858 -1.22435
0.115286 0.136827 -1.22535
0.125799 0.136054 -1.22449
0.135678 0.136031 -1.22394
0.145583 0.136958 -1.22478
0.155083 0.136383 -1.22429
0.16546 0.136537 -1.22566
0.175198 0.135834 -1.22448
0.184661 0.136117 -1.22528
0.194858 0.135902 -1.22513
0.205165 0.136031 -1.22536
0.214196 0.13602 -1.22472
0.224864 0.136279 -1.225
0.234615 0.136344 -1.22543
0.244587 0.135743 -1.22509
0.254829 0.135302 -1.22552
0.26517 0.135562 -1.22541
0.274943 0.134753 -1.2241
0.285065 0.136103 -1.22539
0.294503 0.135713 -1.22525
0.305716 0.13543 -1.22543
0.315067 0.135289 -1.2249
0.325379 0.136243 -1.22533
0.334594 0.135853 -1.22443
0.345263 0.136288 -1.22596
0.355502 0.13586 -1.22547
0.365567 0.136061 -1.22473
0.375417 0.136278 -1.22556
0.385214 0.135262 -1.22398
0.394881 0.13624 -1.22437
0.405651 0.136501 -1.22575
0.414158 0.136451 -1.22496
0.425704 0.136404 -1.22606
0.435574 0.13596 -1.22569
0.444372 0.135829 -1.22598
0.453348 0.132735 -1.22565
-0.74279 0.14101 -1.22695
-0.733929 0.141841 -1.22596
-0.725939 0.141361 -1.22664
-0.714155 0.142095 -1.22735
-0.705628 0.141146 -1.22648
-0.694755 0.141781 -1.22666
-0.685057 0.140975 -1.22758
-0.67614 0.141386 -1.2286
-0.664472 0.141218 -1.22787
-0.654961 0.141777 -1.22783
-0.645207 0.140918 -1.22708
-0.633615 0.140683 -1.22688
-0.624941 0.141491 -1.22839
-0.614749 0.141508 -1.22853
-0.606287 0.14088 -1.22857
-0.595246 0.141426 -1.2286
-0.584397 0.141107 -1.2269
-0.576798 0.14069 -1.22692
-0.565274 0.140638 -1.22652
-0.556172 0.140984 -1.22728
-0.544852 0.140987 -1.22767
-0.534972 0.141471 -1.22761
-0.525811 0.141296 -1.22805
-0.514604 0.141207 -1.22829
-0.504978 0.14134 -1.22895
-0.49501 0.140746 -1.22744
-0.485102 0.141138 -1.22862
-0.475074 0.141285 -1.22798
-0.464613 0.141279 -1.22891
-0.454467 0.141388 -1.22749
-0.445864 0.1411 -1.22836
-0.435352 0.141237 -1.22803
-0.424112 0.141106 -1.22836
-0.414217 0.141035 -1.2281
-0.404842 0.140935 -1.22907
-0.392385 0.141195 -1.22857
-0.38142 0.141005 -1.2297
-0.37567 0.14102 -1.22983
-0.364734 0.141419 -1.22853
-0.355566 0.141273 -1.22886
-0.34642 0.141295 -1.22942
-0.33563 0.140846 -1.2283
-0.325662 0.140854 -1.22838
-0.318875 0.140955 -1.2293
-0.305611 0.14145 -1.22884
-0.295175 0.14101 -1.22975
-0.28007 0.14079 -1.2278
-0.272167 0.140743 -1.22743
-0.264634 0.140958 -1.2293
-0.25525 0.141204 -1.2292
-0.244407 0.140903 -1.2288
-0.236295 0.14089 -1.22868
-0.225495 0.140755 -1.2275
-0.215825 0.142015 -1.22745
-0.206253 0.14084 -1.22827
-0.191775 0.1408 -1.2279
-0.184695 0.140983 -1.22953
-0.16394 0.14081 -1.228
-0.15439 0.14087 -1.2285
-0.135283 0.140967 -1.22933
-0.11137 0.140975 -1.2294
-0.0913 0.14093 -1.229
-0.089382 0.14104 -1.23
-0.056872 0.14096 -1.2293
0.0142285 0.140965 -1.2294
0.03751 0.14102 -1.2298
0.11486 0.140955 -1.2292
0.146657 0.141522 -1.22868
0.29951 0.14098 -1.2295
-0.92836 -0.63066 -1.2109
-0.754587 -0.632393 -1.21543
-0.924727 -0.622943 -1.21407
-0.8444 -0.625265 -1.2177
-0.8034 -0.6249 -1.2197
-0.77286 -0.62187 -1.2109
-0.765196 -0.62203 -1.2144
-0.756509 -0.624434 -1.21548
-0.91391 -0.61286 -1.21405
-0.875575 -0.61189 -1.21655
-0.83885 -0.617815 -1.2193
-0.790697 -0.61389 -1.21703
-0.784281 -0.613342 -1.21536
-0.773161 -0.614109 -1.21548
-0.767557 -0.615638 -1.21678
-0.90489 -0.60143 -1.2124
-0.84581 -0.60765 -1.2158
-0.80166 -0.606375 -1.21465
-0.79592 -0.60811 -1.2136
-0.784088 -0.606258 -1.21722
-0.905675 -0.5948 -1.2144
-0.79604 -0.59986 -1.2125
-0.78238 -0.597825 -1.21833
-0.77875 -0.5992 -1.2174
-0.89331 -0.58263 -1.2174
-0.84795 -0.5882 -1.2134
-0.78714 -0.58294 -1.21165
-0.88662 -0.57739 -1.2188
-0.79154 -0.577 -1.2149
-0.88124 -0.56733 -1.2195
-0.87533 -0.56172 -1.2171
-0.78112 -0.5619 -1.21265
-0.854517 -0.55686 -1.214
-0.78087 -0.55257 -1.2165
-0.777845 -0.55506 -1.21215
-0.86364 -0.54649 -1.2193
-0.8557 -0.544545 -1.2166
-0.84104 -0.54021 -1.2183
-0.780625 -0.54811 -1.218
-0.775047 -0.54377 -1.21103
-0.84773 -0.53109 -1.2139
-0.83421 -0.5305 -1.2157
-0.78096 -0.53851 -1.2177
-0.773741 -0.533109 -1.21377
-0.774057 -0.52696 -1.21657
-0.76937 -0.52097 -1.2137
-0.772398 -0.515087 -1.2185
-0.76987 -0.51522 -1.2171
-0.77093 -0.50198 -1.2195
-0.767885 -0.50361 -1.21815
-0.82213 -0.48704 -1.2177
-0.80098 -0.46952 -1.2121
-0.78164 -0.44174 -1.2125
-0.78287 -0.431875 -1.2134
-0.773805 -0.43192 -1.21175
-0.77171 -0.42394 -1.21402
-0.768703 -0.422942 -1.21378
-0.767914 -0.41813 -1.21684
-0.75304 -0.41169 -1.2199
-0.75304 -0.404875 -1.21975
-0.74956 -0.39515 -1.219
-0.75055 -0.38465 -1.2193
-0.746085 -0.383727 -1.21868
-0.74856 -0.37251 -1.2195
-0.745717 -0.362991 -1.21851
-0.743608 -0.355173 -1.21597
-0.739375 -0.35167 -1.2137
-0.74457 -0.3487 -1.2193
-0.74094 -0.337963 -1.21887
-0.73758 -0.333454 -1.21678
-0.74058 -0.32847 -1.2177
-0.734999 -0.325128 -1.21507
-0.734099 -0.315641 -1.21465
-0.73299 -0.304943 -1.21546
-0.72901 -0.30621 -1.21425
-0.71225 -0.30055 -1.22
-0.70207 -0.301135 -1.21975
-0.69749 -0.300775 -1.2183
-0.73232 -0.295472 -1.21594
-0.728844 -0.295286 -1.21436
-0.713397 -0.294135 -1.21679
-0.705189 -0.29383 -1.21689
-0.695597 -0.293111 -1.21744
-0.685341 -0.292444 -1.21784
-0.678582 -0.292984 -1.21878
-0.731904 -0.284936 -1.21655
-0.725671 -0.284191 -1.21454
-0.713829 -0.2865 -1.21355
-0.704847 -0.285161 -1.21249
-0.69472 -0.285381 -1.21366
-0.68449 -0.285346 -1.21496
-0.678676 -0.285244 -1.21803
-0.731158 -0.277342 -1.217
-0.726532 -0.275383 -1.21513
-0.716378 -0.277534 -1.21162
-0.682499 -0.276835 -1.21194
-0.678348 -0.275024 -1.21414
-0.73111 -0.26989 -1.2151
-0.725705 -0.265195 -1.2111
-0.68002 -0.26404 -1.21953
-0.678732 -0.265305 -1.21357
-0.72687 -0.25561 -1.21065
-0.68033 -0.254613 -1.215
-0.678254 -0.25446 -1.21642
-0.68028 -0.24293 -1.21337
-0.677487 -0.244753 -1.21601
-0.68086 -0.235892 -1.21155
-0.677649 -0.23477 -1.21502
-0.68015 -0.22406 -1.2136
-0.676013 -0.225308 -1.21434
-0.674047 -0.216195 -1.21272
-0.673535 -0.209045 -1.2107
-0.75371 -0.19629 -1.2192
-0.678975 -0.19479 -1.21415
-0.68443 -0.18616 -1.2188
-0.76165 -0.17319 -1.2143
0.40863 -0.17142 -1.2195
0.41095 -0.17142 -1.2195
-0.76145 -0.16515 -1.2108
0.407458 -0.163486 -1.21643
0.414675 -0.164675 -1.21678
0.424218 -0.164626 -1.21767
0.433878 -0.164448 -1.21814
0.44119 -0.160907 -1.21897
-0.69529 -0.15051 -1.212
0.405959 -0.154912 -1.21448
0.415042 -0.155583 -1.21225
0.425481 -0.155055 -1.21429
0.435123 -0.155278 -1.21447
0.442439 -0.15407 -1.21641
0.403897 -0.145422 -1.21451
0.411435 -0.149195 -1.21105
0.42162 -0.14914 -1.2106
0.435772 -0.14609 -1.21177
0.443831 -0.145572 -1.21241
0.403356 -0.135371 -1.21472
0.446627 -0.13607 -1.21228
0.403777 -0.124635 -1.21514
-0.70862 -0.11933 -1.2172
0.403575 -0.115556 -1.21557
-0.71289 -0.10095 -1.2176
0.403298 -0.104988 -1.21514
0.45839 -0.10535 -1.2136
0.403451 -0.0951714 -1.21442
-0.71428 -0.089788 -1.2165
0.403422 -0.0863023 -1.2147
0.4668 -0.081409 -1.2179
0.404931 -0.0755181 -1.21403
0.465723 -0.075838 -1.21467
0.405367 -0.0672778 -1.2115
0.47196 -0.06317 -1.2196
0.40709 -0.056674 -1.2121
0.46963 -0.059081 -1.2109
0.40981 -0.044617 -1.2135
0.4837 -0.025123 -1.2159
-0.15533 -0.01666 -1.2184
0.48841 -0.0020335 -1.2159
-0.6167 0.12889 -1.2102
-0.54888 0.12888 -1.2101
-0.48012 0.12775 -1.2112
-0.47978 0.12888 -1.2101
-0.43188 0.1289 -1.2103
-0.40144 0.12897 -1.211
-0.39715 0.12888 -1.2101
-0.372453 0.128107 -1.2106
-0.34234 0.12893 -1.2106
-0.300963 0.128573 -1.2111
-0.253225 0.129128 -1.21245
-0.244636 0.12916 -1.21274
-0.2361 0.129215 -1.21327
-0.22541 0.128143 -1.21192
-0.21219 0.12916 -1.21277
-0.204184 0.12889 -1.21252
-0.194191 0.128697 -1.21173
-0.186344 0.128693 -1.2117
-0.179775 0.128315 -1.2106
-0.166612 0.128693 -1.21125
-0.15812 0.128975 -1.21095
-0.144018 0.128526 -1.21144
-0.132422 0.128742 -1.21346
-0.125234 0.128491 -1.21228
-0.114927 0.129318 -1.21422
-0.106812 0.128674 -1.21282
-0.0946143 0.12839 -1.21216
-0.084378 0.128493 -1.21285
-0.0759704 0.1289 -1.21262
-0.067915 0.12901 -1.2113
-0.0559561 0.128671 -1.21147
-0.0424417 0.129173 -1.2128
-0.0343713 0.128983 -1.21103
-0.0263937 0.129177 -1.2129
-0.0150517 0.129182 -1.21293
-0.0046952 0.12911 -1.21225
0.00436478 0.129182 -1.21295
0.0168419 0.128617 -1.21096
0.0260035 0.128725 -1.21301
0.0348897 0.128719 -1.21191
0.042754 0.12903 -1.2115
0.053752 0.128557 -1.21204
0.0643395 0.128968 -1.21288
0.0771182 0.128678 -1.21286
0.0847642 0.128875 -1.21198
0.092258 0.12932 -1.2142
0.104303 0.128367 -1.21111
0.115319 0.128542 -1.21269
0.124797 0.128583 -1.21308
0.137103 0.12868 -1.21213
0.143879 0.12888 -1.21301
0.153415 0.129025 -1.2115
0.165308 0.128752 -1.21278
0.17409 0.128593 -1.2124
0.185005 0.128561 -1.21242
0.196045 0.12808 -1.21232
0.204124 0.128422 -1.213
0.215748 0.128603 -1.21188
0.225237 0.128589 -1.21239
0.235007 0.128318 -1.21219
0.244688 0.12904 -1.21355
0.25445 0.128725 -1.21305
0.265983 0.128663 -1.21306
0.276139 0.128574 -1.21419
0.28532 0.128508 -1.21303
0.2946 0.128523 -1.21193
0.304906 0.129136 -1.21486
0.315147 0.128957 -1.21275
0.325784 0.129062 -1.21414
0.334607 0.128906 -1.21364
0.344705 0.128206 -1.21237
0.354106 0.127901 -1.21231
0.364901 0.128658 -1.21242
0.374162 0.128767 -1.21293
0.385081 0.128364 -1.21246
0.395129 0.12884 -1.21307
0.404667 0.128423 -1.2123
0.414632 0.128551 -1.21285
0.424391 0.128546 -1.21338
0.43582 0.1289 -1.21418
0.445845 0.128387 -1.21315
0.452437 0.127277 -1.21387
-0.744666 0.132902 -1.21548
-0.735763 0.135023 -1.21692
-0.724697 0.133386 -1.21439
-0.714887 0.134709 -1.21695
-0.705035 0.134219 -1.21543
-0.694829 0.134377 -1.2155
-0.684861 0.134561 -1.21591
-0.675161 0.134469 -1.21549
-0.664698 0.133521 -1.21407
-0.654862 0.133704 -1.21551
-0.645092 0.134032 -1.21699
-0.634899 0.133969 -1.21586
-0.624637 0.133695 -1.21506
-0.615405 0.133377 -1.21495
-0.605037 0.134043 -1.21627
-0.595216 0.133787 -1.21518
-0.583445 0.134346 -1.21638
-0.575008 0.133493 -1.21572
-0.565009 0.133902 -1.21535
-0.554655 0.133384 -1.21393
-0.545179 0.133565 -1.21533
-0.534815 0.133006 -1.21325
-0.524922 0.133136 -1.21377
-0.515348 0.133752 -1.21497
-0.505719 0.133662 -1.21545
-0.494183 0.133506 -1.21482
-0.484921 0.132796 -1.21409
-0.474419 0.133657 -1.21501
-0.465835 0.133613 -1.21555
-0.454296 0.133118 -1.21444
-0.445415 0.133804 -1.21624
-0.434623 0.132598 -1.21493
-0.424198 0.133134 -1.21501
-0.414826 0.133449 -1.21535
-0.404942 0.132938 -1.21453
-0.394567 0.132783 -1.21539
-0.385166 0.132397 -1.21393
-0.374924 0.133319 -1.21501
-0.364976 0.132984 -1.21531
-0.355824 0.133044 -1.21552
-0.344564 0.133708 -1.21598
-0.335312 0.133503 -1.21612
-0.324712 0.132536 -1.21438
-0.315357 0.132753 -1.2155
-0.305399 0.133445 -1.21569
-0.29521 0.133073 -1.21591
-0.285774 0.133658 -1.21617
-0.274611 0.133226 -1.21666
-0.26573 0.132691 -1.21541
-0.254555 0.132447 -1.21552
-0.244994 0.132626 -1.215
-0.235459 0.13237 -1.2144
-0.225003 0.132722 -1.21481
-0.214931 0.132443 -1.21536
-0.204953 0.132143 -1.21485
-0.195704 0.13224 -1.21539
-0.185161 0.131986 -1.21497
-0.175272 0.132247 -1.2158
-0.165091 0.132445 -1.21663
-0.15515 0.132792 -1.21622
-0.145229 0.132081 -1.21467
-0.134732 0.13194 -1.21449
-0.125061 0.131979 -1.21563
-0.115203 0.132708 -1.21632
-0.104359 0.132336 -1.21628
-0.0954157 0.131981 -1.21644
-0.0850174 0.132205 -1.21594
-0.0739894 0.132542 -1.21807
-0.0654329 0.132171 -1.21665
-0.0553814 0.132848 -1.21674
-0.0450966 0.132395 -1.21614
-0.0349914 0.132458 -1.21632
-0.0250635 0.132469 -1.21661
-0.014841 0.132366 -1.216
-0.00409925 0.132101 -1.216
0.00565136 0.132879 -1.21777
0.0145936 0.132327 -1.21741
0.0251002 0.13211 -1.21621
0.0349867 0.132347 -1.21694
0.0454185 0.131903 -1.21583
0.0547481 0.131828 -1.21596
0.0650545 0.131596 -1.21559
0.0748931 0.132151 -1.21507
0.0847265 0.132305 -1.21795
0.0951571 0.131656 -1.21612
0.104014 0.131598 -1.21553
0.114923 0.13184 -1.21605
0.12472 0.131655 -1.21718
0.134118 0.131453 -1.21489
0.144464 0.131689 -1.21537
0.154742 0.131371 -1.21503
0.164586 0.131448 -1.2164
0.173682 0.130922 -1.21548
0.185509 0.131657 -1.21686
0.195652 0.131445 -1.21524
0.204391 0.131598 -1.21638
0.215241 0.131743 -1.21628
0.224685 0.132186 -1.21755
0.235822 0.131888 -1.21691
0.244901 0.131808 -1.21696
0.254596 0.131536 -1.21718
0.264264 0.13137 -1.21716
0.277157 0.131525 -1.2171
0.285777 0.131321 -1.21777
0.296159 0.131172 -1.2153
0.30557 0.130937 -1.21763
0.3153 0.131677 -1.21792
0.324548 0.131878 -1.2178
0.333599 0.131233 -1.21441
0.345112 0.131436 -1.21629
0.354565 0.131538 -1.21723
0.363946 0.132022 -1.217
0.374312 0.131755 -1.21665
0.3836 0.13205 -1.21854
0.394641 0.131947 -1.21777
0.404906 0.131969 -1.21777
0.413567 0.132195 -1.21757
0.424648 0.131867 -1.21797
0.434282 0.131785 -1.21691
0.444153 0.131609 -1.21704
-0.927395 -0.634325 -1.20225
-0.82158 -0.63449 -1.2001
-0.764662 -0.63411 -1.20337
-0.9238 -0.62527 -1.20355
-0.91737 -0.62049 -1.2082
-0.88145 -0.627685 -1.2082
-0.87502 -0.62063 -1.2085
-0.83056 -0.62169 -1.202
-0.828395 -0.62496 -1.20705
-0.771941 -0.623116 -1.20342
-0.766445 -0.623685 -1.20735
-0.75684 -0.6247 -1.2078
-0.91402 -0.61164 -1.2072
-0.79018 -0.61637 -1.2092
-0.783757 -0.613885 -1.20427
-0.774689 -0.615761 -1.20479
-0.76995 -0.61708 -1.2075
-0.83533 -0.60278 -1.2044
-0.79243 -0.6018 -1.21
-0.90101 -0.59391 -1.2096
-0.89789 -0.593895 -1.2019
-0.79304 -0.59884 -1.2072
-0.78595 -0.59308 -1.2017
-0.84372 -0.58037 -1.2096
-0.7849 -0.58737 -1.2052
-0.783728 -0.574832 -1.20493
-0.77889 -0.57409 -1.2026
-0.85154 -0.56941 -1.2081
-0.84443 -0.561465 -1.20695
-0.78046 -0.56846 -1.203
-0.777725 -0.56511 -1.2033
-0.86193 -0.55327 -1.2083
-0.84612 -0.55056 -1.2024
-0.77614 -0.555154 -1.2047
-0.8388 -0.54711 -1.2012
-0.77276 -0.544077 -1.20419
-0.77253 -0.535568 -1.20942
-0.76888 -0.53503 -1.2066
-0.76789 -0.52722 -1.2081
-0.83134 -0.51349 -1.2031
-0.83081 -0.4976 -1.2088
-0.82708 -0.49656 -1.2029
-0.79486 -0.455368 -1.2055
-0.783387 -0.446883 -1.20243
-0.77953 -0.44271 -1.2036
-0.774885 -0.432145 -1.20366
-0.771761 -0.42656 -1.20586
-0.769667 -0.42567 -1.2081
-0.73068 -0.3095 -1.2095
-0.713343 -0.282997 -1.2091
-0.707692 -0.281886 -1.20948
-0.697195 -0.281047 -1.20945
-0.685585 -0.2802 -1.20995
-0.72088 -0.27254 -1.2099
-0.713474 -0.275478 -1.20668
-0.704656 -0.274403 -1.20666
-0.694663 -0.274577 -1.20701
-0.685425 -0.273835 -1.20739
-0.722913 -0.266667 -1.20727
-0.714788 -0.265621 -1.20258
-0.70559 -0.266384 -1.20286
-0.694177 -0.265084 -1.20281
-0.684325 -0.264799 -1.20428
-0.678714 -0.264309 -1.2065
-0.72164 -0.25914 -1.2006
-0.71875 -0.257165 -1.2004
-0.694087 -0.259093 -1.20047
-0.683006 -0.257219 -1.20179
-0.678505 -0.254292 -1.20533
-0.680633 -0.24562 -1.20492
-0.678432 -0.24515 -1.20541
-0.68016 -0.23348 -1.2041
-0.678771 -0.235096 -1.20425
-0.680972 -0.225547 -1.20364
-0.67822 -0.224477 -1.20617
-0.680887 -0.215026 -1.20279
-0.676454 -0.214529 -1.206
-0.680769 -0.204976 -1.20129
-0.675811 -0.205316 -1.20293
-0.6806 -0.19624 -1.2009
-0.676212 -0.195097 -1.20273
-0.74819 -0.18862 -1.2025
-0.677553 -0.18539 -1.20487
-0.7604 -0.17111 -1.2083
-0.68012 -0.1777 -1.2029
-0.76092 -0.16631 -1.2098
-0.7586 -0.16043 -1.2026
0.40964 -0.15202 -1.2093
0.41426 -0.152635 -1.20925
0.42814 -0.1502 -1.2096
0.43277 -0.1502 -1.2095
0.406043 -0.143306 -1.20707
0.414382 -0.145067 -1.20574
0.424658 -0.14477 -1.20725
0.434157 -0.144159 -1.20786
0.442355 -0.142812 -1.20728
-0.69897 -0.13295 -1.2074
0.40563 -0.135737 -1.20452
0.415783 -0.137197 -1.20264
0.423998 -0.136583 -1.20284
0.434545 -0.13532 -1.2031
0.442947 -0.13424 -1.20513
0.404173 -0.125505 -1.20505
0.42288 -0.12982 -1.2011
0.436547 -0.129163 -1.2007
0.444349 -0.125413 -1.20385
-0.777535 -0.11413 -1.20895
0.404251 -0.114992 -1.20495
0.44734 -0.11525 -1.2004
0.45103 -0.11175 -1.2033
0.403517 -0.105118 -1.20485
0.403923 -0.0947304 -1.2055
0.403245 -0.084725 -1.20516
0.459605 -0.08504 -1.2084
-0.79408 -0.078031 -1.2047
0.403295 -0.0755456 -1.20365
-0.70211 -0.061272 -1.2056
0.403927 -0.0644069 -1.20398
0.4645 -0.069928 -1.2096
-0.70818 -0.054 -1.2037
0.405183 -0.0548815 -1.20328
-0.798625 -0.048435 -1.2051
0.407252 -0.0444963 -1.20447
0.40868 -0.036983 -1.2066
0.41326 -0.022502 -1.2069
-0.15828 -0.017685 -1.2042
0.48027 -0.00093575 -1.2009
0.48774 0.023215 -1.2012
0.50432 0.04376 -1.2085
-0.83254 0.055729 -1.203
-0.77271 0.10489 -1.2022
0.45475 0.11829 -1.2008
-0.751517 0.124135 -1.20473
-0.743877 0.126757 -1.20343
-0.734762 0.128343 -1.20503
-0.724815 0.127044 -1.20408
-0.714152 0.126825 -1.20284
-0.705112 0.128243 -1.20523
-0.695551 0.127829 -1.20402
-0.685169 0.127399 -1.2049
-0.674923 0.127486 -1.20534
-0.664534 0.127343 -1.20384
-0.655767 0.127597 -1.20407
-0.644571 0.126996 -1.20395
-0.635278 0.127275 -1.20386
-0.625138 0.127525 -1.20417
-0.61405 0.127214 -1.20485
-0.604933 0.127008 -1.20366
-0.59539 0.127588 -1.20468
-0.584629 0.127515 -1.20335
-0.575804 0.127655 -1.20461
-0.56508 0.12806 -1.20579
-0.554845 0.126817 -1.20384
-0.544716 0.127316 -1.20465
-0.534237 0.126481 -1.20283
-0.525347 0.127381 -1.20512
-0.514774 0.126825 -1.20355
-0.505664 0.127319 -1.20483
-0.494329 0.126821 -1.20369
-0.485248 0.126457 -1.20449
-0.474879 0.127988 -1.20625
-0.465198 0.127271 -1.20459
-0.454633 0.126733 -1.20379
-0.444679 0.126819 -1.20384
-0.436056 0.126463 -1.20417
-0.425872 0.126358 -1.20435
-0.415583 0.127062 -1.20358
-0.405201 0.126908 -1.2054
-0.394646 0.12684 -1.20517
-0.384954 0.126886 -1.20562
-0.375313 0.126845 -1.20489
-0.364761 0.126861 -1.20522
-0.354482 0.127234 -1.2053
-0.345214 0.126365 -1.20417
-0.334337 0.126942 -1.20503
-0.325108 0.126744 -1.20604
-0.314992 0.126602 -1.20499
-0.305787 0.127078 -1.20617
-0.294431 0.127154 -1.20446
-0.284624 0.126363 -1.20439
-0.275132 0.126831 -1.20543
-0.264893 0.12663 -1.20445
-0.255574 0.126466 -1.20548
-0.244964 0.125696 -1.20355
-0.234457 0.126066 -1.20382
-0.224561 0.126345 -1.20494
-0.215286 0.126058 -1.20487
-0.204686 0.125774 -1.20512
-0.194663 0.125932 -1.20617
-0.184314 0.125395 -1.2037
-0.1741 0.127286 -1.20638
-0.164351 0.126294 -1.20547
-0.15451 0.126427 -1.20491
-0.145004 0.126279 -1.20561
-0.134981 0.125669 -1.20522
-0.125409 0.125322 -1.20492
-0.114293 0.126041 -1.20454
-0.104373 0.125981 -1.20527
-0.0955051 0.126293 -1.20619
-0.0849071 0.125386 -1.20434
-0.0741314 0.126021 -1.20491
-0.0651557 0.126514 -1.20574
-0.0543198 0.125732 -1.20417
-0.0452165 0.125633 -1.20408
-0.0354553 0.126371 -1.20549
-0.0247737 0.125597 -1.20419
-0.0146177 0.125691 -1.20518
-0.00473672 0.125716 -1.20445
0.00559777 0.126086 -1.20571
0.0143147 0.125141 -1.20443
0.0248275 0.124821 -1.20422
0.0352283 0.125049 -1.20429
0.0452715 0.125595 -1.20466
0.0555944 0.125519 -1.20482
0.0649292 0.125815 -1.20568
0.0739383 0.125684 -1.20428
0.0845679 0.125093 -1.2036
0.0952111 0.125891 -1.20543
0.105366 0.124422 -1.20414
0.11484 0.124977 -1.2051
0.124921 0.124719 -1.20388
0.134188 0.125531 -1.20546
0.145272 0.125373 -1.20537
0.155275 0.125978 -1.20578
0.164462 0.124943 -1.20488
0.175259 0.125461 -1.20565
0.184584 0.124843 -1.20467
0.195733 0.124302 -1.20525
0.205617 0.124636 -1.2044
0.214546 0.124642 -1.20495
0.224954 0.124784 -1.20586
0.235076 0.124252 -1.2036
0.245358 0.124969 -1.20525
0.255235 0.124105 -1.20455
0.264381 0.124574 -1.20513
0.274318 0.125029 -1.2057
0.284728 0.125014 -1.20575
0.295008 0.124237 -1.20424
0.305388 0.124895 -1.20471
0.313733 0.124479 -1.20427
0.324966 0.124797 -1.20476
0.335399 0.124795 -1.20595
0.344499 0.123885 -1.20431
0.354996 0.123644 -1.20358
0.36525 0.123961 -1.20487
0.375161 0.124017 -1.20425
0.384739 0.124336 -1.20519
0.394841 0.124296 -1.20533
0.405143 0.123747 -1.2051
0.414936 0.124134 -1.20512
0.424886 0.123774 -1.2046
0.434689 0.124858 -1.20595
0.443809 0.123954 -1.20526
0.451858 0.122821 -1.20675
-0.73368 0.131083 -1.20717
-0.727175 0.130652 -1.20902
-0.715534 0.130854 -1.20972
-0.70485 0.13089 -1.20927
-0.694982 0.130993 -1.20925
-0.68502 0.131012 -1.20894
-0.67366 0.130365 -1.20932
-0.65271 0.131305 -1.20925
-0.64222 0.13134 -1.2096
-0.635867 0.130487 -1.2095
-0.624123 0.130473 -1.20937
-0.614867 0.13048 -1.20943
-0.60718 0.1309 -1.20933
-0.59415 0.130463 -1.20927
-0.58708 0.130808 -1.20932
-0.57328 0.130725 -1.2097
-0.56308 0.130807 -1.20853
-0.559625 0.13066 -1.20915
-0.546325 0.13127 -1.20903
-0.535705 0.13075 -1.20995
-0.523618 0.130725 -1.2097
-0.514613 0.13052 -1.20973
-0.501885 0.13005 -1.20935
-0.495748 0.130316 -1.20946
-0.464897 0.130903 -1.20943
-0.457635 0.130715 -1.2096
-0.44622 0.1301 -1.2098
-0.425484 0.130056 -1.2094
-0.4111 0.13002 -1.2091
-0.40573 0.13004 -1.20927
-0.37496 0.13072 -1.20965
-0.351945 0.13067 -1.20915
-0.345018 0.130288 -1.2092
-0.33512 0.13001 -1.209
-0.31179 0.1301 -1.2098
-0.30395 0.131018 -1.2095
-0.286483 0.130067 -1.2095
-0.277178 0.130546 -1.20924
-0.266295 0.130105 -1.20985
-0.258565 0.130695 -1.20945
-0.23471 0.130725 -1.20975
-0.22515 0.130065 -1.20945
-0.20617 0.13007 -1.2096
-0.14584 0.13012 -1.21
-0.025656 0.13009 -1.2097
-0.81326 -0.644 -1.19
-0.925845 -0.634225 -1.19455
-0.82659 -0.63544 -1.19815
-0.81799 -0.63077 -1.1952
-0.80016 -0.63932 -1.1947
-0.771313 -0.637137 -1.19227
-0.767455 -0.634303 -1.1949
-0.735165 -0.636325 -1.1962
-0.7299 -0.63527 -1.1941
-0.8685 -0.6217 -1.1913
-0.77476 -0.624184 -1.19409
-0.765417 -0.626125 -1.195
-0.75122 -0.62427 -1.1935
-0.74209 -0.628495 -1.19495
-0.73693 -0.62548 -1.197
-0.822005 -0.615065 -1.19215
-0.783706 -0.615363 -1.19607
-0.776799 -0.617932 -1.19591
-0.75686 -0.61996 -1.1961
-0.74227 -0.6168 -1.19
-0.79004 -0.60729 -1.1971
-0.78598 -0.60559 -1.1937
-0.83427 -0.59484 -1.196
-0.82558 -0.595637 -1.19367
-0.784089 -0.595811 -1.19291
-0.832935 -0.58279 -1.19435
-0.781833 -0.584828 -1.1951
-0.779637 -0.584227 -1.19383
-0.83368 -0.573027 -1.19523
-0.82951 -0.57248 -1.1932
-0.777627 -0.575848 -1.19492
-0.87542 -0.56856 -1.1941
-0.86649 -0.56016 -1.1979
-0.84192 -0.56176 -1.1949
-0.775818 -0.56839 -1.19675
-0.86677 -0.559087 -1.19553
-0.83674 -0.5573 -1.198
-0.85314 -0.54452 -1.1923
-0.84108 -0.52443 -1.1955
-0.83905 -0.52495 -1.1967
-0.802493 -0.473847 -1.1905
-0.79918 -0.47421 -1.1925
-0.80022 -0.4604 -1.1998
-0.79102 -0.46675 -1.1908
-0.792793 -0.453997 -1.19243
-0.7828 -0.444046 -1.1945
-0.7771 -0.441697 -1.19243
-0.775486 -0.435469 -1.19427
-0.77637 -0.42966 -1.1979
-0.714038 -0.261733 -1.19918
-0.704217 -0.262552 -1.19837
-0.695442 -0.26077 -1.19892
-0.68965 -0.26648 -1.1998
-0.72103 -0.25084 -1.1968
-0.714463 -0.254967 -1.19635
-0.704496 -0.254959 -1.19589
-0.694706 -0.254415 -1.19643
-0.685197 -0.253438 -1.19721
-0.67969 -0.2523 -1.1979
-0.716102 -0.245624 -1.19299
-0.705809 -0.247388 -1.19196
-0.694711 -0.246344 -1.19249
-0.684537 -0.245078 -1.19359
-0.678778 -0.24469 -1.19648
-0.721623 -0.233527 -1.19145
-0.71653 -0.23981 -1.1912
-0.70134 -0.2397 -1.1906
-0.681644 -0.237363 -1.19392
-0.678931 -0.234604 -1.19463
-0.73247 -0.22522 -1.1999
-0.72416 -0.22886 -1.1935
-0.680532 -0.225223 -1.1942
-0.678847 -0.22488 -1.19487
-0.73368 -0.21209 -1.1956
-0.680675 -0.214645 -1.19563
-0.679067 -0.215053 -1.1916
-0.681033 -0.205909 -1.19557
-0.674096 -0.20357 -1.19749
-0.668145 -0.20104 -1.19945
-0.680663 -0.195107 -1.19556
-0.675843 -0.194848 -1.19763
-0.66884 -0.1999 -1.1964
-0.74218 -0.18901 -1.1967
-0.680862 -0.184964 -1.19421
-0.675541 -0.185101 -1.19411
-0.68122 -0.176665 -1.1961
-0.675897 -0.176047 -1.19453
-0.67577 -0.16993 -1.1915
-0.68277 -0.15605 -1.19295
-0.76261 -0.131095 -1.1959
-0.69173 -0.13548 -1.1985
0.406367 -0.131877 -1.19787
0.413502 -0.132881 -1.19884
0.424828 -0.132349 -1.19895
0.435892 -0.132458 -1.199
0.44041 -0.1331 -1.1987
-0.69231 -0.124848 -1.19415
0.406401 -0.124911 -1.19616
0.414787 -0.124782 -1.19545
0.425475 -0.125106 -1.19688
0.434357 -0.124098 -1.19682
0.440648 -0.125055 -1.19887
0.405421 -0.115592 -1.19334
0.415842 -0.116441 -1.19187
0.425629 -0.115682 -1.19265
0.435172 -0.11571 -1.19346
0.44179 -0.116074 -1.19511
-0.77184 -0.101815 -1.1929
-0.70014 -0.10646 -1.199
0.403754 -0.105001 -1.19453
0.4263 -0.10951 -1.1913
0.434195 -0.108872 -1.19108
0.443097 -0.106307 -1.19137
-0.69986 -0.09033 -1.1912
0.403666 -0.0953278 -1.19488
0.447385 -0.0980615 -1.1906
0.404277 -0.0849611 -1.19596
-0.79155 -0.071503 -1.1972
-0.7897 -0.078812 -1.198
-0.69397 -0.074057 -1.1992
0.403621 -0.0748346 -1.19439
0.403524 -0.0654579 -1.19473
0.45937 -0.065494 -1.1956
-0.70086 -0.058304 -1.195
0.403062 -0.0554592 -1.19435
-0.79984 -0.042808 -1.1991
0.403918 -0.0452399 -1.19291
0.404872 -0.0352147 -1.19382
0.4695 -0.031859 -1.1938
0.408775 -0.0158625 -1.19535
0.48484 0.024267 -1.1959
0.49377 0.0398 -1.1985
-0.77481 0.098576 -1.1978
0.47045 0.10166 -1.1917
-0.742445 0.11972 -1.1913
-0.73628 0.119747 -1.19157
-0.726673 0.11982 -1.1923
-0.7139 0.11908 -1.1907
-0.702895 0.119772 -1.19182
-0.69668 0.11975 -1.1916
-0.68336 0.119755 -1.19165
-0.676743 0.119647 -1.19057
-0.662677 0.11969 -1.191
-0.656394 0.11961 -1.19252
-0.643476 0.118688 -1.19034
-0.635817 0.119422 -1.19123
-0.627042 0.11921 -1.19084
-0.614107 0.11974 -1.1915
-0.602427 0.11968 -1.1909
-0.59215 0.119655 -1.1906
-0.58896 0.11969 -1.191
-0.575261 0.119193 -1.19107
-0.56385 0.119785 -1.19195
-0.555993 0.11975 -1.1916
-0.544388 0.119332 -1.19206
-0.535365 0.119758 -1.19167
-0.525778 0.119784 -1.19192
-0.513753 0.118843 -1.19043
-0.504548 0.119225 -1.1922
-0.495736 0.119364 -1.19234
-0.484818 0.1194 -1.19197
-0.47567 0.118188 -1.1908
-0.462427 0.119142 -1.1913
-0.45459 0.118848 -1.19251
-0.445294 0.118644 -1.19229
-0.434435 0.118632 -1.19106
-0.42413 0.119059 -1.192
-0.416872 0.118915 -1.19107
-0.40428 0.11844 -1.19035
-0.393805 0.119259 -1.19103
-0.385524 0.118936 -1.19171
-0.375893 0.119743 -1.19147
-0.36582 0.119646 -1.19056
-0.354436 0.119507 -1.19083
-0.345218 0.11935 -1.19147
-0.335707 0.119625 -1.19228
-0.323893 0.118817 -1.19138
-0.314718 0.11949 -1.19187
-0.304836 0.119207 -1.19113
-0.296842 0.119282 -1.19156
-0.285098 0.118847 -1.19192
-0.2776 0.119063 -1.19247
-0.264706 0.118897 -1.19214
-0.255155 0.119212 -1.192
-0.24428 0.11874 -1.1915
-0.235804 0.118862 -1.19186
-0.224163 0.118617 -1.19187
-0.214275 0.119068 -1.1925
-0.203869 0.119401 -1.19245
-0.195912 0.118238 -1.1921
-0.183688 0.118817 -1.19393
-0.17476 0.118714 -1.19144
-0.164672 0.118566 -1.19257
-0.155602 0.118628 -1.19202
-0.14546 0.118371 -1.19247
-0.135199 0.118764 -1.19255
-0.124721 0.118887 -1.1935
-0.116216 0.118101 -1.19286
-0.10573 0.118716 -1.19299
-0.0964803 0.118241 -1.19304
-0.0837625 0.118071 -1.19215
-0.0751349 0.118825 -1.19256
-0.06424 0.11908 -1.19262
-0.0553196 0.118778 -1.19144
-0.0451766 0.118357 -1.19107
-0.0354841 0.118326 -1.19296
-0.0256046 0.118458 -1.19301
-0.0149911 0.118704 -1.19206
-0.00460329 0.118333 -1.19267
0.00474057 0.118011 -1.19145
0.0154066 0.118411 -1.19331
0.0237768 0.118573 -1.19158
0.0356874 0.117984 -1.19223
0.0449453 0.117942 -1.19166
0.0555326 0.118494 -1.19348
0.0651945 0.119166 -1.19219
0.0760389 0.118178 -1.19222
0.0855693 0.118653 -1.19233
0.09523 0.118643 -1.19327
0.10408 0.118038 -1.19218
0.114889 0.117926 -1.19233
0.125148 0.118178 -1.19304
0.1354 0.118764 -1.19334
0.144567 0.117828 -1.1921
0.155228 0.117363 -1.19231
0.164517 0.117832 -1.19313
0.174569 0.1176 -1.19301
0.184662 0.118151 -1.19431
0.195295 0.117389 -1.19192
0.20475 0.117384 -1.1928
0.215234 0.117355 -1.19291
0.22423 0.118339 -1.19362
0.23494 0.117454 -1.19333
0.244467 0.117874 -1.19358
0.255301 0.117491 -1.19281
0.264162 0.11759 -1.19277
0.274564 0.117656 -1.1936
0.285299 0.117988 -1.19372
0.295332 0.117094 -1.19296
0.305473 0.117716 -1.19285
0.315744 0.117768 -1.19456
0.324621 0.117483 -1.19464
0.334259 0.118053 -1.19499
0.345374 0.118185 -1.19528
0.353683 0.117755 -1.19298
0.364166 0.118077 -1.19421
0.374992 0.117571 -1.19458
0.385253 0.117684 -1.19387
0.395163 0.117733 -1.19277
0.404944 0.117633 -1.19425
0.414347 0.117479 -1.19353
0.424501 0.117596 -1.19387
0.434094 0.117949 -1.19368
0.445539 0.117424 -1.19309
0.454448 0.116137 -1.19587
0.46214 0.11018 -1.1931
-0.75044 0.12041 -1.1981
-0.742392 0.122362 -1.19556
-0.735019 0.123375 -1.19701
-0.724902 0.122763 -1.19514
-0.714463 0.122435 -1.19487
-0.70421 0.123139 -1.1962
-0.694566 0.123259 -1.19616
-0.68481 0.122399 -1.1945
-0.674452 0.122866 -1.19548
-0.664929 0.122539 -1.19492
-0.654586 0.122644 -1.19603
-0.645766 0.122302 -1.19547
-0.634467 0.122688 -1.1965
-0.625318 0.122851 -1.19632
-0.615361 0.122871 -1.19673
-0.604094 0.122239 -1.19467
-0.594689 0.122704 -1.19482
-0.584583 0.122895 -1.19485
-0.57479 0.12287 -1.19602
-0.565055 0.123085 -1.19629
-0.555659 0.122851 -1.19661
-0.544217 0.122332 -1.19564
-0.536479 0.12279 -1.1986
-0.524843 0.122898 -1.19668
-0.515185 0.12247 -1.19608
-0.505878 0.123007 -1.1976
-0.495674 0.122645 -1.196
-0.485625 0.122105 -1.19773
-0.475466 0.122756 -1.19715
-0.465107 0.122756 -1.19633
-0.455543 0.122268 -1.19555
-0.44578 0.122779 -1.19739
-0.434737 0.121982 -1.19613
-0.424487 0.122129 -1.19696
-0.414329 0.122376 -1.19698
-0.405442 0.122569 -1.19619
-0.395355 0.122453 -1.19509
-0.385426 0.122241 -1.19681
-0.374458 0.122035 -1.19541
-0.364534 0.122579 -1.19715
-0.354664 0.122734 -1.19607
-0.345641 0.122035 -1.19655
-0.335577 0.122304 -1.19631
-0.324377 0.122317 -1.19711
-0.315196 0.121763 -1.19634
-0.305608 0.121967 -1.19672
-0.295015 0.122306 -1.19615
-0.284846 0.121374 -1.19565
-0.274614 0.121686 -1.19707
-0.264886 0.121952 -1.19565
-0.255489 0.122056 -1.19701
-0.245538 0.121093 -1.19529
-0.234743 0.121808 -1.19616
-0.225356 0.122019 -1.19625
-0.215927 0.1215 -1.19588
-0.205825 0.121971 -1.1954
-0.195602 0.122204 -1.19733
-0.185092 0.121606 -1.19707
-0.175172 0.12211 -1.19672
-0.164672 0.122036 -1.19706
-0.154616 0.121756 -1.19687
-0.145498 0.121736 -1.19736
-0.135603 0.121625 -1.19693
-0.124777 0.121349 -1.19534
-0.115761 0.121893 -1.19635
-0.104015 0.122047 -1.19753
-0.0949481 0.121965 -1.19756
-0.0857925 0.121643 -1.19738
-0.074971 0.121603 -1.19591
-0.0653814 0.121968 -1.19791
-0.0555073 0.121906 -1.19673
-0.0440104 0.121295 -1.19636
-0.0347316 0.121772 -1.19702
-0.0243965 0.121043 -1.19597
-0.0144229 0.121784 -1.19631
-0.00374887 0.121403 -1.19683
0.00479798 0.121594 -1.1967
0.0150349 0.121173 -1.19627
0.025271 0.121522 -1.19702
0.0345786 0.121438 -1.19862
0.0450246 0.121016 -1.1975
0.0543212 0.121358 -1.19632
0.0665202 0.121876 -1.19781
0.0750625 0.121468 -1.19749
0.0865764 0.121415 -1.19755
0.0950447 0.121341 -1.19681
0.105302 0.120504 -1.1967
0.113713 0.121139 -1.196
0.125348 0.121384 -1.19837
0.134361 0.120924 -1.19725
0.144737 0.120925 -1.1978
0.153929 0.121371 -1.19674
0.165055 0.120973 -1.19715
0.175038 0.121434 -1.19814
0.185785 0.121345 -1.19713
0.194744 0.121196 -1.19729
0.204547 0.120713 -1.19771
0.215282 0.120725 -1.19717
0.225852 0.121063 -1.19797
0.234709 0.120677 -1.19736
0.244277 0.121182 -1.19824
0.256283 0.120407 -1.19817
0.26525 0.121429 -1.19878
0.274664 0.120937 -1.19739
0.284764 0.121087 -1.19761
0.296198 0.120513 -1.19718
0.303508 0.12079 -1.19712
0.31707 0.121544 -1.19875
0.323798 0.121085 -1.1989
0.333304 0.120868 -1.19792
0.34537 0.120347 -1.19757
0.35585 0.120802 -1.19907
0.36737 0.1205 -1.199
0.37554 0.121065 -1.19865
0.385968 0.12072 -1.1988
0.39259 0.120405 -1.1981
0.406967 0.12034 -1.19747
0.41289 0.120395 -1.19795
0.42593 0.121075 -1.1988
0.434757 0.120993 -1.19795
0.44041 0.1218 -1.1999
-0.813105 -0.64293 -1.1821
-0.805673 -0.64593 -1.18347
-0.79774 -0.6423 -1.1828
-0.773779 -0.641805 -1.18315
-0.762452 -0.648394 -1.185
-0.75806 -0.648079 -1.18687
-0.735055 -0.646475 -1.1876
-0.72758 -0.64511 -1.1838
-0.92467 -0.63485 -1.1821
-0.813755 -0.634363 -1.1866
-0.80817 -0.639 -1.183
-0.772201 -0.636785 -1.18619
-0.7698 -0.63207 -1.1881
-0.73226 -0.63921 -1.1855
-0.72821 -0.634097 -1.18727
-0.92399 -0.62985 -1.1887
-0.915353 -0.623643 -1.18453
-0.86634 -0.62861 -1.1838
-0.817575 -0.62481 -1.1868
-0.8098 -0.62918 -1.1805
-0.781037 -0.6251 -1.1853
-0.777077 -0.624793 -1.18474
-0.76537 -0.625391 -1.1841
-0.754305 -0.622195 -1.1869
-0.727125 -0.624975 -1.18205
-0.90371 -0.612605 -1.1819
-0.782652 -0.616269 -1.18671
-0.777842 -0.61891 -1.1854
-0.755747 -0.617787 -1.1838
-0.742947 -0.614473 -1.18283
-0.73782 -0.61641 -1.1865
-0.784057 -0.604563 -1.18555
-0.77972 -0.603735 -1.18425
-0.85828 -0.59945 -1.1873
-0.781895 -0.597957 -1.1874
-0.77797 -0.59176 -1.1869
-0.88809 -0.58577 -1.187
-0.82223 -0.58821 -1.1826
-0.86841 -0.56356 -1.1896
-0.83302 -0.562525 -1.18895
-0.82991 -0.56528 -1.1872
-0.86128 -0.55775 -1.1803
-0.85572 -0.55026 -1.1892
-0.84988 -0.54363 -1.1872
-0.828145 -0.5466 -1.18285
-0.84297 -0.53863 -1.1826
-0.83421 -0.5361 -1.1834
-0.8275 -0.53542 -1.1819
-0.83838 -0.52747 -1.1896
-0.80144 -0.46947 -1.1841
-0.793285 -0.465528 -1.18093
-0.788586 -0.46307 -1.18224
-0.794925 -0.458405 -1.1889
-0.78612 -0.454013 -1.18649
-0.77968 -0.4508 -1.1817
-0.78268 -0.44868 -1.1831
-0.77741 -0.443538 -1.18522
-0.774254 -0.435434 -1.18599
-0.71198 -0.243058 -1.18905
-0.704584 -0.242131 -1.18868
-0.696324 -0.242025 -1.18878
-0.687927 -0.24053 -1.18837
-0.714356 -0.234634 -1.18616
-0.705565 -0.234848 -1.185
-0.694988 -0.234821 -1.18569
-0.684605 -0.23433 -1.18739
-0.67821 -0.23561 -1.1893
-0.72148 -0.22603 -1.185
-0.714858 -0.226267 -1.18212
-0.705529 -0.227531 -1.18129
-0.693991 -0.227171 -1.18187
-0.684012 -0.225447 -1.18351
-0.678862 -0.22455 -1.18668
-0.725927 -0.21552 -1.18747
-0.71895 -0.21943 -1.1819
-0.680401 -0.214473 -1.1865
-0.679305 -0.215059 -1.18358
-0.680544 -0.204186 -1.18545
-0.678792 -0.205225 -1.18528
-0.680812 -0.195402 -1.1865
-0.679146 -0.194533 -1.18573
-0.73783 -0.18121 -1.1864
-0.681299 -0.184793 -1.1852
-0.67878 -0.185701 -1.18581
-0.73524 -0.17952 -1.1823
-0.68125 -0.17646 -1.18403
-0.676424 -0.174888 -1.18589
-0.681657 -0.1663 -1.18295
-0.676492 -0.166217 -1.18292
-0.67787 -0.153957 -1.18137
-0.68355 -0.14621 -1.1868
-0.75384 -0.13477 -1.1814
-0.68393 -0.13752 -1.1842
-0.69174 -0.11363 -1.1835
0.407242 -0.112673 -1.18796
0.414457 -0.111283 -1.18818
0.425603 -0.11163 -1.18878
0.437 -0.11157 -1.18797
0.44006 -0.11019 -1.1865
-0.69406 -0.1028 -1.1843
0.406392 -0.104654 -1.18675
0.41515 -0.104761 -1.18557
0.425055 -0.104306 -1.18572
0.435295 -0.10411 -1.18645
0.441503 -0.104107 -1.18768
0.405071 -0.0955005 -1.18517
0.415001 -0.0971086 -1.18152
0.424944 -0.0955635 -1.18144
0.4355 -0.0954356 -1.18229
0.442034 -0.0947571 -1.18373
0.404397 -0.0850881 -1.18426
0.41782 -0.08951 -1.1804
0.42506 -0.089575 -1.1813
0.43596 -0.089497 -1.1802
0.445075 -0.0869655 -1.18323
-0.782035 -0.0738755 -1.18655
-0.69555 -0.073435 -1.1891
-0.68976 -0.071872 -1.1833
0.404186 -0.074785 -1.18585
0.404194 -0.0648322 -1.18514
0.403843 -0.0552718 -1.18576
0.403913 -0.0450306 -1.18556
0.403702 -0.0347212 -1.18421
0.404644 -0.0252099 -1.18578
0.405588 -0.0153677 -1.18583
0.47031 0.097358 -1.183
-0.76414 0.10255 -1.1888
-0.75833 0.10737 -1.1873
0.11145 0.10901 -1.1804
0.26347 0.10907 -1.1811
0.27133 0.10926 -1.1831
0.38758 0.10907 -1.18107
0.39839 0.10901 -1.1804
0.4074 0.10794 -1.1806
0.4187 0.10903 -1.1806
0.42398 0.109163 -1.18203
0.43732 0.10909 -1.1813
0.445535 0.109115 -1.18155
0.45517 0.10938 -1.1844
-0.74352 0.115396 -1.18402
-0.73424 0.116435 -1.18381
-0.724549 0.116493 -1.18276
-0.715776 0.116581 -1.18369
-0.704576 0.116134 -1.18354
-0.695538 0.116413 -1.18469
-0.685392 0.116969 -1.18411
-0.674569 0.116859 -1.18467
-0.665375 0.117016 -1.18588
-0.654477 0.116481 -1.18595
-0.644931 0.116258 -1.18528
-0.634487 0.116129 -1.18485
-0.62482 0.115388 -1.18452
-0.615501 0.11619 -1.18493
-0.605112 0.117042 -1.18627
-0.594727 0.115953 -1.18499
-0.584444 0.117206 -1.18658
-0.575226 0.115771 -1.18486
-0.564845 0.115815 -1.18469
-0.554835 0.115924 -1.18479
-0.546047 0.115487 -1.18494
-0.534522 0.115993 -1.18452
-0.525118 0.115856 -1.18453
-0.515192 0.116768 -1.18559
-0.504753 0.116192 -1.18591
-0.494891 0.11517 -1.18465
-0.485069 0.115533 -1.186
-0.474897 0.115365 -1.18632
-0.465549 0.116082 -1.18563
-0.454925 0.114118 -1.18345
-0.445306 0.114343 -1.18348
-0.434891 0.114873 -1.18427
-0.424801 0.115181 -1.1843
-0.414478 0.115913 -1.18536
-0.404795 0.115957 -1.1861
-0.395484 0.115832 -1.18567
-0.384907 0.115513 -1.18514
-0.374829 0.116485 -1.18608
-0.364964 0.116168 -1.18561
-0.355433 0.115695 -1.18548
-0.344991 0.11583 -1.18579
-0.334674 0.115586 -1.18537
-0.325707 0.115624 -1.1857
-0.315039 0.116129 -1.1862
-0.304679 0.115121 -1.18517
-0.294775 0.116117 -1.18696
-0.285407 0.115313 -1.18479
-0.274947 0.11574 -1.18498
-0.265584 0.115563 -1.18485
-0.255015 0.115496 -1.18556
-0.245223 0.114815 -1.1846
-0.234861 0.115242 -1.18462
-0.224608 0.11584 -1.18574
-0.214775 0.114991 -1.18461
-0.205646 0.115794 -1.18591
-0.194969 0.114819 -1.18466
-0.185681 0.115902 -1.18523
-0.175017 0.114879 -1.1853
-0.16539 0.1142 -1.18357
-0.154432 0.114445 -1.18459
-0.14484 0.114226 -1.18333
-0.13498 0.113863 -1.18396
-0.124648 0.114491 -1.18413
-0.114771 0.114554 -1.18558
-0.105436 0.1143 -1.18535
-0.0943909 0.114168 -1.18468
-0.0866111 0.114695 -1.18556
-0.0740983 0.114718 -1.18516
-0.0647206 0.114502 -1.18559
-0.0548698 0.114085 -1.18424
-0.0450067 0.114881 -1.1855
-0.0347117 0.113926 -1.184
-0.0254413 0.113724 -1.18435
-0.0147144 0.11401 -1.18537
-0.00531866 0.113768 -1.18492
0.00493507 0.113908 -1.18486
0.0147956 0.113341 -1.18389
0.0253879 0.114513 -1.18497
0.0352773 0.113702 -1.18576
0.044427 0.113428 -1.18436
0.0552238 0.11398 -1.18541
0.0653256 0.114073 -1.18581
0.0747128 0.113429 -1.1844
0.0852647 0.114316 -1.18554
0.0949638 0.113876 -1.18476
0.105014 0.1139 -1.18519
0.115446 0.113802 -1.18516
0.125032 0.113894 -1.18495
0.135193 0.114733 -1.18593
0.145214 0.114191 -1.18633
0.154622 0.112331 -1.18337
0.165068 0.113741 -1.18556
0.174804 0.113063 -1.18529
0.184591 0.113662 -1.18567
0.194337 0.113654 -1.18571
0.204894 0.113594 -1.18552
0.214883 0.113108 -1.18469
0.224977 0.113599 -1.1857
0.234683 0.113208 -1.18484
0.244914 0.113438 -1.18491
0.254533 0.113116 -1.18495
0.264566 0.112909 -1.18499
0.275042 0.113361 -1.18533
0.284015 0.113815 -1.18556
0.294696 0.112615 -1.18511
0.30434 0.113863 -1.18539
0.315302 0.113031 -1.18569
0.324609 0.112469 -1.18421
0.335023 0.113154 -1.18495
0.345044 0.113456 -1.18561
0.355063 0.113324 -1.18586
0.364759 0.113525 -1.18667
0.374461 0.113503 -1.18643
0.385383 0.112912 -1.18584
0.394647 0.112796 -1.18431
0.40411 0.112796 -1.18464
0.415208 0.112478 -1.18456
0.424811 0.112477 -1.18341
0.435137 0.113179 -1.18586
0.443516 0.112278 -1.18439
0.452514 0.111598 -1.18534
-0.74048 0.12323 -1.1898
-0.78065 -0.65281 -1.1764
-0.775593 -0.654851 -1.17387
-0.72852 -0.65265 -1.1701
-0.93028 -0.64316 -1.1766
-0.87005 -0.64736 -1.175
-0.81078 -0.64784 -1.1777
-0.804 -0.64809 -1.17815
-0.793887 -0.641357 -1.17583
-0.776763 -0.645538 -1.17542
-0.73214 -0.64858 -1.1772
-0.723588 -0.64253 -1.17215
-0.92448 -0.637175 -1.17545
-0.91776 -0.63139 -1.1776
-0.79126 -0.63503 -1.17738
-0.78676 -0.634917 -1.17263
-0.773881 -0.634675 -1.17384
-0.76958 -0.63204 -1.1766
-0.721864 -0.635559 -1.1727
-0.719397 -0.63209 -1.17307
-0.911715 -0.624465 -1.17635
-0.80675 -0.62456 -1.1718
-0.782466 -0.623864 -1.17334
-0.776367 -0.625929 -1.17468
-0.765604 -0.624453 -1.17479
-0.75991 -0.62106 -1.1795
-0.722425 -0.621417 -1.17483
-0.718307 -0.624378 -1.17102
-0.80779 -0.61624 -1.1729
-0.782186 -0.615453 -1.17665
-0.77947 -0.615912 -1.17747
-0.761045 -0.618358 -1.1763
-0.75326 -0.615202 -1.1751
-0.745419 -0.612679 -1.17524
-0.733852 -0.612337 -1.17373
-0.72628 -0.615512 -1.17432
-0.89931 -0.60723 -1.1799
-0.80829 -0.60135 -1.17105
-0.78232 -0.608195 -1.17895
-0.779005 -0.60901 -1.1775
-0.7404 -0.60948 -1.1732
-0.736115 -0.609245 -1.1727
-0.815 -0.59827 -1.1764
-0.81186 -0.58945 -1.1734
-0.81332 -0.57929 -1.1709
-0.8589 -0.5601 -1.1704
-0.816815 -0.56507 -1.1715
-0.8589 -0.55895 -1.1709
-0.8307 -0.55299 -1.1794
-0.8512 -0.54669 -1.1783
-0.847275 -0.546605 -1.17655
-0.83956 -0.54047 -1.1711
-0.825825 -0.540495 -1.17425
-0.83045 -0.53249 -1.1786
-0.82235 -0.534472 -1.17582
-0.827495 -0.527635 -1.1757
-0.82427 -0.51858 -1.17415
-0.817455 -0.49738 -1.17645
-0.80433 -0.49136 -1.1706
-0.803973 -0.483843 -1.17313
-0.8013 -0.4759 -1.1765
-0.796563 -0.475693 -1.17467
-0.792404 -0.465264 -1.17478
-0.788473 -0.463357 -1.17657
-0.783775 -0.456608 -1.17691
-0.77956 -0.45398 -1.1756
-0.78151 -0.44983 -1.1759
-0.77537 -0.443922 -1.17488
-0.76943 -0.44167 -1.1718
-0.712679 -0.222611 -1.17777
-0.704387 -0.222685 -1.17827
-0.69551 -0.222879 -1.17897
-0.684581 -0.22348 -1.17909
-0.72112 -0.21385 -1.1781
-0.713634 -0.215419 -1.17531
-0.704969 -0.214713 -1.17397
-0.695145 -0.21455 -1.17493
-0.684694 -0.215031 -1.17596
-0.678685 -0.215347 -1.17727
-0.72081 -0.203205 -1.17305
-0.715787 -0.207071 -1.17174
-0.70431 -0.207885 -1.17136
-0.694959 -0.207294 -1.17153
-0.684703 -0.206538 -1.17247
-0.679005 -0.204526 -1.17428
-0.72304 -0.19816 -1.1714
-0.68042 -0.194863 -1.17853
-0.67907 -0.195195 -1.17511
-0.680558 -0.18535 -1.1768
-0.678906 -0.184961 -1.17299
-0.681122 -0.174675 -1.17568
-0.678809 -0.174399 -1.17504
-0.681327 -0.164702 -1.17543
-0.677129 -0.163381 -1.17817
-0.681102 -0.154533 -1.17401
-0.677642 -0.155643 -1.17553
-0.68038 -0.14796 -1.1723
-0.677757 -0.145636 -1.17374
-0.678373 -0.136727 -1.17218
-0.68233 -0.12855 -1.1781
-0.75342 -0.11592 -1.1706
-0.68351 -0.11383 -1.1731
-0.68433 -0.10645 -1.1711
-0.765437 -0.095099 -1.1767
-0.68564 -0.095786 -1.1701
0.406859 -0.0928519 -1.17845
0.414563 -0.0932082 -1.17855
0.425416 -0.0929682 -1.17858
0.432777 -0.093494 -1.17893
-0.69273 -0.087899 -1.1747
0.4065 -0.0844552 -1.1754
0.41487 -0.0848644 -1.17449
0.424592 -0.0851229 -1.17467
0.434481 -0.084633 -1.17526
0.442 -0.0826197 -1.17688
-0.688267 -0.0763347 -1.17193
-0.67646 -0.072401 -1.1723
0.405428 -0.0756407 -1.17474
0.415003 -0.0768897 -1.17158
0.424579 -0.0772096 -1.17188
0.435164 -0.0771908 -1.17287
0.44284 -0.0748801 -1.17403
0.404942 -0.0657113 -1.17454
0.42778 -0.068745 -1.1701
0.44451 -0.069966 -1.1715
0.404471 -0.0548554 -1.17529
0.44904 -0.059559 -1.1719
0.404033 -0.0459046 -1.17555
-0.78102 -0.033582 -1.1711
0.404171 -0.0351457 -1.17563
0.45491 -0.038244 -1.1708
0.403744 -0.0253603 -1.17529
0.39907 -0.01148 -1.1729
0.404019 -0.014838 -1.17409
0.401864 -0.00671216 -1.17134
0.4783 0.031988 -1.1753
0.50714 0.0585185 -1.17455
-0.79602 0.070836 -1.1762
0.46468 0.098635 -1.1768
-0.75076 0.10642 -1.17735
-0.743563 0.108833 -1.1744
-0.73289 0.109235 -1.17055
-0.724722 0.109046 -1.17098
-0.715783 0.108885 -1.17289
-0.705433 0.108794 -1.17194
-0.695809 0.109074 -1.1723
-0.683755 0.108983 -1.17192
-0.67332 0.108782 -1.17168
-0.663949 0.108747 -1.17202
-0.654098 0.108627 -1.17209
-0.645555 0.10871 -1.17246
-0.635931 0.108438 -1.17185
-0.62612 0.10918 -1.17349
-0.613871 0.1085 -1.17229
-0.604801 0.108746 -1.1722
-0.59591 0.109182 -1.17203
-0.586035 0.108491 -1.17153
-0.574512 0.108984 -1.17274
-0.56351 0.109236 -1.17298
-0.554391 0.108191 -1.17138
-0.545137 0.108642 -1.17254
-0.534838 0.108402 -1.17266
-0.526049 0.108167 -1.1723
-0.515492 0.108453 -1.17174
-0.504587 0.10862 -1.17301
-0.496143 0.108906 -1.17373
-0.484181 0.107971 -1.1722
-0.474742 0.108769 -1.17228
-0.464957 0.108698 -1.17156
-0.455382 0.108578 -1.17281
-0.444836 0.108566 -1.17322
-0.435872 0.108451 -1.17231
-0.424577 0.108282 -1.17316
-0.415281 0.108291 -1.17246
-0.404901 0.108587 -1.17363
-0.395292 0.108966 -1.17376
-0.385573 0.108528 -1.174
-0.375451 0.108318 -1.17276
-0.36492 0.108607 -1.17288
-0.354771 0.1089 -1.17353
-0.344505 0.108601 -1.1734
-0.334786 0.108275 -1.17308
-0.325076 0.108198 -1.17374
-0.3153 0.108793 -1.17415
-0.305019 0.108638 -1.1732
-0.294495 0.10907 -1.17335
-0.284273 0.108572 -1.1725
-0.274487 0.10842 -1.17303
-0.264896 0.108469 -1.17348
-0.254679 0.108925 -1.17385
-0.244567 0.108313 -1.17275
-0.235005 0.108331 -1.17358
-0.224999 0.108376 -1.17333
-0.215127 0.107952 -1.17259
-0.205425 0.108054 -1.17334
-0.195391 0.108094 -1.17439
-0.184874 0.107907 -1.1733
-0.175296 0.108339 -1.17396
-0.164816 0.108212 -1.17403
-0.154868 0.108183 -1.17367
-0.144984 0.107793 -1.17316
-0.135725 0.107948 -1.17338
-0.126104 0.108045 -1.17411
-0.115115 0.107655 -1.17314
-0.104545 0.10753 -1.17412
-0.0952237 0.107807 -1.17332
-0.0841519 0.107941 -1.17375
-0.0744166 0.107898 -1.17351
-0.06519 0.108095 -1.17335
-0.0549849 0.108219 -1.17491
-0.0454481 0.108285 -1.17584
-0.0351315 0.107932 -1.17462
-0.0248259 0.108067 -1.1743
-0.0141551 0.107837 -1.17321
-0.0047499 0.108357 -1.17398
0.00589897 0.107584 -1.17269
0.0157297 0.107878 -1.17408
0.0242223 0.107088 -1.17295
0.0342047 0.107504 -1.17392
0.0449009 0.107506 -1.17406
0.0545221 0.107609 -1.17378
0.0646201 0.107997 -1.17413
0.0752619 0.107142 -1.17303
0.0852355 0.107876 -1.17384
0.0953461 0.108314 -1.1744
0.105254 0.107766 -1.17578
0.115178 0.108036 -1.17486
0.124271 0.107994 -1.17382
0.134686 0.107828 -1.17421
0.144791 0.108124 -1.17401
0.155393 0.106868 -1.17359
0.164405 0.107301 -1.17418
0.174633 0.10732 -1.17454
0.184852 0.107287 -1.1747
0.194424 0.107298 -1.17478
0.205225 0.107714 -1.17483
0.214849 0.107752 -1.17504
0.226091 0.107544 -1.17503
0.234832 0.108179 -1.17503
0.244507 0.107381 -1.17347
0.254587 0.107584 -1.17493
0.265828 0.107394 -1.17501
0.275346 0.107614 -1.17417
0.285042 0.106552 -1.17317
0.294681 0.107115 -1.17457
0.304661 0.107169 -1.17512
0.314948 0.106967 -1.17581
0.325569 0.106978 -1.17537
0.335353 0.107021 -1.17454
0.344629 0.107861 -1.17595
0.354624 0.106991 -1.1745
0.364659 0.106914 -1.17442
0.37497 0.106965 -1.1752
0.385554 0.106461 -1.17386
0.394327 0.106343 -1.17489
0.404723 0.107417 -1.17615
0.414036 0.106504 -1.17422
0.425716 0.105974 -1.17402
0.433615 0.106343 -1.17397
0.444894 0.106141 -1.17421
0.453995 0.105117 -1.17516
-0.742508 0.111694 -1.17862
-0.733701 0.11222 -1.17646
-0.723611 0.112164 -1.17588
-0.715415 0.112273 -1.17571
-0.705263 0.112129 -1.17549
-0.695564 0.112103 -1.17667
-0.685078 0.112521 -1.17747
-0.675359 0.112355 -1.17695
-0.665503 0.112197 -1.17739
-0.655086 0.112315 -1.17747
-0.645192 0.112099 -1.17772
-0.63518 0.111861 -1.17841
-0.625553 0.111332 -1.17783
-0.614972 0.111817 -1.1786
-0.604362 0.112261 -1.17688
-0.59587 0.111539 -1.1766
-0.584953 0.112221 -1.17753
-0.574469 0.111538 -1.17639
-0.565263 0.111337 -1.17785
-0.553511 0.112069 -1.17771
-0.542657 0.111852 -1.179
-0.534769 0.111526 -1.17556
-0.524989 0.111579 -1.1761
-0.513784 0.111829 -1.17583
-0.505166 0.111653 -1.17762
-0.49498 0.111412 -1.17755
-0.485934 0.111809 -1.17692
-0.475323 0.111244 -1.17533
-0.464636 0.111434 -1.17734
-0.45708 0.111013 -1.17657
-0.44451 0.111401 -1.17703
-0.43722 0.11192 -1.17757
-0.425032 0.111468 -1.17708
-0.414371 0.111755 -1.17798
-0.40659 0.111702 -1.17738
-0.395283 0.111791 -1.17766
-0.384856 0.111658 -1.17843
-0.374941 0.111715 -1.17756
-0.365306 0.111639 -1.17616
-0.354676 0.111444 -1.1779
-0.344622 0.11159 -1.17694
-0.335152 0.111861 -1.17749
-0.324539 0.111504 -1.17696
-0.314928 0.111497 -1.17527
-0.306564 0.111676 -1.17714
-0.294893 0.111991 -1.17791
-0.284793 0.111558 -1.17717
-0.27505 0.11171 -1.17822
-0.264466 0.11186 -1.17762
-0.254337 0.111561 -1.1787
-0.245122 0.111086 -1.17734
-0.234923 0.111851 -1.17811
-0.225946 0.111693 -1.17733
-0.216547 0.111746 -1.17881
-0.20516 0.111519 -1.1787
-0.19459 0.111405 -1.1786
-0.184592 0.111828 -1.17768
-0.175031 0.11108 -1.17729
-0.165953 0.112196 -1.17781
-0.158025 0.111825 -1.17875
-0.145394 0.111746 -1.1788
-0.1349 0.111935 -1.17775
-0.125519 0.111323 -1.17843
-0.114311 0.110944 -1.17908
-0.104046 0.110719 -1.17899
-0.0956663 0.110877 -1.17833
-0.085212 0.111428 -1.17883
-0.0772329 0.111733 -1.17848
-0.068886 0.11105 -1.17695
-0.053334 0.110675 -1.17945
-0.046095 0.111173 -1.17827
-0.035468 0.11102 -1.17924
-0.0223643 0.111193 -1.1785
-0.0174413 0.111657 -1.1791
-0.00644287 0.111263 -1.17923
0.00520273 0.110077 -1.1796
0.0175977 0.11127 -1.1793
0.0260821 0.110783 -1.17901
0.0483037 0.110507 -1.17983
0.058759 0.11006 -1.1794
0.062548 0.11131 -1.1797
0.075603 0.11009 -1.1798
0.082935 0.111217 -1.17873
0.09814 0.11131 -1.1797
0.104907 0.110833 -1.17897
0.113633 0.11066 -1.1793
0.12393 0.11087 -1.17937
0.133563 0.110953 -1.17915
0.14276 0.1113 -1.1796
0.15528 0.1101 -1.1799
0.165894 0.110756 -1.17904
0.17401 0.111323 -1.17987
0.183595 0.11061 -1.17878
0.197075 0.110395 -1.17973
0.20777 0.110655 -1.17925
0.215235 0.110367 -1.1794
0.22952 0.11002 -1.179
0.237093 0.111303 -1.17963
0.246207 0.110013 -1.17887
0.253665 0.110025 -1.17905
0.27133 0.110837 -1.17903
0.2875 0.11005 -1.1793
0.296973 0.110083 -1.17967
0.304356 0.11054 -1.1793
0.312545 0.110055 -1.1794
0.32001 0.11129 -1.1795
0.33172 0.11009 -1.17975
0.34658 0.11007 -1.1795
0.357055 0.110005 -1.1788
0.362877 0.11009 -1.1797
0.37523 0.110083 -1.17967
0.381355 0.110065 -1.1794
0.40246 0.11007 -1.1795
0.416 0.11008 -1.1796
0.42959 0.11007 -1.1795
0.44827 0.11012 -1.18
-0.9318 -0.65095 -1.1697
-0.871785 -0.653955 -1.16395
-0.86943 -0.65518 -1.16425
-0.802707 -0.652463 -1.16863
-0.79693 -0.65051 -1.1603
-0.786441 -0.652009 -1.16325
-0.777695 -0.655029 -1.16591
-0.732978 -0.656053 -1.16385
-0.727835 -0.652511 -1.16526
-0.92618 -0.64494 -1.16635
-0.865995 -0.64951 -1.16665
-0.80155 -0.64377 -1.1676
-0.792457 -0.645046 -1.1643
-0.786364 -0.644098 -1.16318
-0.776885 -0.644905 -1.16515
-0.73015 -0.64982 -1.1694
-0.724522 -0.645245 -1.16684
-0.92172 -0.639325 -1.16465
-0.9153 -0.63468 -1.1667
-0.80005 -0.63024 -1.1667
-0.796433 -0.636163 -1.16547
-0.783804 -0.636417 -1.16607
-0.776285 -0.635075 -1.16506
-0.721952 -0.638062 -1.16817
-0.718542 -0.634022 -1.16727
-0.908367 -0.625673 -1.16183
-0.78054 -0.62713 -1.1682
-0.777246 -0.627061 -1.16799
-0.721295 -0.62515 -1.16945
-0.718765 -0.62623 -1.16915
-0.80148 -0.612157 -1.16453
-0.721395 -0.61978 -1.1697
-0.804038 -0.603605 -1.16593
-0.88123 -0.5888 -1.1691
-0.81123 -0.5837 -1.1649
-0.80711 -0.58155 -1.1635
-0.87529 -0.5785 -1.1693
-0.8101 -0.57146 -1.1639
-0.80756 -0.573955 -1.1631
-0.808 -0.56656 -1.1625
-0.86092 -0.55953 -1.1692
-0.8154 -0.55683 -1.16795
-0.847317 -0.54839 -1.16447
-0.81788 -0.5385 -1.1638
-0.81933 -0.52711 -1.1667
-0.82438 -0.51744 -1.17
-0.814737 -0.505015 -1.16375
-0.80719 -0.50025 -1.1623
-0.81135 -0.494573 -1.16403
-0.804993 -0.494212 -1.16427
-0.801296 -0.485386 -1.16494
-0.799113 -0.483283 -1.16366
-0.80132 -0.47826 -1.16855
-0.795823 -0.474917 -1.16743
-0.71273 -0.203892 -1.16836
-0.704526 -0.203535 -1.1676
-0.694495 -0.202767 -1.16779
-0.685205 -0.202904 -1.16866
-0.721077 -0.191447 -1.1678
-0.713991 -0.194975 -1.16451
-0.705979 -0.195984 -1.16436
-0.694938 -0.195077 -1.16398
-0.684435 -0.195307 -1.16508
-0.679 -0.193591 -1.16741
-0.72152 -0.185275 -1.16265
-0.715377 -0.187397 -1.1609
-0.70095 -0.18736 -1.1605
-0.694977 -0.187659 -1.16146
-0.684241 -0.185638 -1.16234
-0.678432 -0.184317 -1.16478
-0.725655 -0.17471 -1.1629
-0.68086 -0.173893 -1.16346
-0.678791 -0.175466 -1.16529
-0.72888 -0.16643 -1.1633
-0.680664 -0.164382 -1.16488
-0.67935 -0.166792 -1.1666
-0.681242 -0.154814 -1.1644
-0.679239 -0.155673 -1.16498
-0.681151 -0.144131 -1.16651
-0.678658 -0.145235 -1.16758
-0.681112 -0.136104 -1.16414
-0.677898 -0.134553 -1.16584
-0.681264 -0.127606 -1.16352
-0.678574 -0.124894 -1.16449
-0.681467 -0.117563 -1.16353
-0.679301 -0.115783 -1.16249
-0.68167 -0.10441 -1.1624
-0.682933 -0.0967783 -1.16383
-0.68412 -0.077834 -1.16457
0.407143 -0.0731343 -1.16818
0.414948 -0.0732793 -1.16862
0.424272 -0.0734001 -1.1685
0.433927 -0.0722212 -1.16783
0.44039 -0.073307 -1.1678
-0.7678 -0.067356 -1.1651
0.406437 -0.0643601 -1.16499
0.414709 -0.06535 -1.16353
0.424794 -0.0648492 -1.16491
0.43472 -0.0651677 -1.16566
0.442326 -0.0645484 -1.16763
-0.68118 -0.05919 -1.1647
0.405642 -0.055411 -1.16427
0.414879 -0.0533454 -1.16057
0.424906 -0.0560872 -1.16141
0.435334 -0.0572451 -1.16117
0.443267 -0.0559835 -1.16496
0.404009 -0.044894 -1.16505
0.444969 -0.0466821 -1.16171
-0.77826 -0.032311 -1.1669
0.404289 -0.035798 -1.16512
0.44699 -0.036726 -1.1604
0.403998 -0.024605 -1.16435
0.404224 -0.0151873 -1.16394
0.399135 -0.0066213 -1.1684
0.403508 -0.00677489 -1.16459
0.46599 0.01423 -1.1619
-0.76874 0.088019 -1.1691
-0.483733 0.0990567 -1.1612
-0.151545 0.0990295 -1.1609
-0.057761 0.098962 -1.1601
0.028494 0.098969 -1.1602
0.039589 0.099105 -1.1618
0.079646 0.099014 -1.1607
0.0861535 0.098477 -1.16115
0.0990185 0.0990165 -1.16075
0.11468 0.098968 -1.1602
0.12356 0.0986613 -1.16103
0.1318 0.099089 -1.1616
0.14095 0.098999 -1.1605
0.15034 0.098984 -1.1604
0.166605 0.0990335 -1.16095
0.176165 0.0990395 -1.16105
0.186717 0.0988573 -1.16333
0.207297 0.0990287 -1.1609
0.226673 0.099072 -1.1614
0.23516 0.098975 -1.1603
0.267605 0.099113 -1.1619
0.275698 0.0991178 -1.16192
0.28788 0.099116 -1.1619
0.29193 0.099107 -1.1618
0.30575 0.098987 -1.1604
0.313928 0.099076 -1.16148
0.327685 0.099012 -1.1607
0.334093 0.0987283 -1.16183
0.345495 0.099202 -1.1629
0.356457 0.099057 -1.1612
0.364688 0.098992 -1.16048
0.37548 0.0989258 -1.16236
0.385293 0.0990973 -1.16167
0.398043 0.0985525 -1.16202
0.4045 0.099091 -1.1616
0.415655 0.099096 -1.1617
0.42401 0.0991177 -1.16197
0.435642 0.0990488 -1.16114
0.443235 0.0989885 -1.1604
0.45488 0.0982807 -1.16583
0.464 0.09487 -1.1672
-0.74403 0.10387 -1.16585
-0.734833 0.106068 -1.16569
-0.725761 0.105336 -1.1647
-0.715056 0.104733 -1.16356
-0.704693 0.104435 -1.16445
-0.694208 0.105046 -1.16459
-0.68485 0.105149 -1.16545
-0.674869 0.105241 -1.16574
-0.666173 0.105462 -1.16687
-0.654866 0.104867 -1.16501
-0.645293 0.105223 -1.16611
-0.634962 0.104638 -1.16414
-0.624812 0.104984 -1.16533
-0.615356 0.104862 -1.16476
-0.605258 0.105001 -1.16565
-0.594728 0.10492 -1.1647
-0.586013 0.105112 -1.16557
-0.574861 0.10499 -1.16538
-0.56515 0.104853 -1.16497
-0.555308 0.105039 -1.16492
-0.544949 0.104548 -1.16569
-0.535187 0.10512 -1.16636
-0.524742 0.104663 -1.16544
-0.515324 0.105269 -1.16641
-0.505384 0.104834 -1.1648
-0.495114 0.104484 -1.16548
-0.485133 0.1037 -1.16432
-0.474552 0.104058 -1.16535
-0.465678 0.104505 -1.16517
-0.45485 0.104192 -1.16543
-0.444856 0.104136 -1.16471
-0.435011 0.104205 -1.16538
-0.425646 0.103864 -1.16451
-0.414717 0.104326 -1.16592
-0.405008 0.104762 -1.16642
-0.394921 0.104825 -1.16585
-0.385124 0.103922 -1.16424
-0.374655 0.103932 -1.16524
-0.365262 0.103764 -1.16437
-0.354584 0.10392 -1.16496
-0.345203 0.104407 -1.16561
-0.335218 0.103295 -1.16372
-0.325228 0.103683 -1.16428
-0.314874 0.103825 -1.16503
-0.30474 0.103723 -1.16485
-0.29489 0.104575 -1.16593
-0.284856 0.104465 -1.16558
-0.274744 0.103436 -1.16462
-0.265002 0.103638 -1.16474
-0.255061 0.104006 -1.16503
-0.24501 0.103979 -1.16584
-0.235251 0.103505 -1.16517
-0.225141 0.103572 -1.16482
-0.215224 0.103395 -1.16592
-0.205114 0.103091 -1.16478
-0.193997 0.103302 -1.16448
-0.185136 0.102843 -1.16521
-0.174248 0.10368 -1.16562
-0.164688 0.103252 -1.16518
-0.1547 0.103491 -1.16719
-0.145419 0.103013 -1.16577
-0.135248 0.103381 -1.16513
-0.124795 0.103227 -1.16501
-0.114979 0.10387 -1.1657
-0.106199 0.103254 -1.16467
-0.0957935 0.103305 -1.16455
-0.0855655 0.103656 -1.16415
-0.0747412 0.103747 -1.16537
-0.0652874 0.103287 -1.16476
-0.0549202 0.103603 -1.16565
-0.0448213 0.102945 -1.16419
-0.0352325 0.103031 -1.16555
-0.025286 0.103151 -1.16477
-0.0153975 0.103785 -1.16556
-0.00518746 0.103782 -1.16536
0.00366387 0.103131 -1.16634
0.0145981 0.103018 -1.16411
0.0243848 0.103833 -1.16587
0.0354073 0.103114 -1.16426
0.0449936 0.102951 -1.16482
0.0551705 0.103492 -1.16573
0.0651552 0.103047 -1.16484
0.0760146 0.102363 -1.16391
0.0861376 0.102724 -1.16404
0.0952266 0.103522 -1.16624
0.104565 0.102441 -1.16458
0.114965 0.102956 -1.16522
0.125568 0.103096 -1.16534
0.135449 0.102757 -1.16497
0.145231 0.102687 -1.16441
0.155138 0.101748 -1.16338
0.165406 0.102551 -1.16478
0.175113 0.102283 -1.16533
0.184745 0.102531 -1.16582
0.194892 0.102362 -1.16479
0.20465 0.102409 -1.16534
0.215411 0.102871 -1.16593
0.225528 0.102696 -1.16611
0.234705 0.102662 -1.16544
0.245149 0.102422 -1.16624
0.254952 0.102511 -1.16535
0.264832 0.10261 -1.16622
0.274948 0.10241 -1.16545
0.285553 0.102051 -1.16636
0.294372 0.101971 -1.16496
0.304867 0.101912 -1.16581
0.315281 0.101954 -1.16653
0.325164 0.101638 -1.16561
0.334546 0.102317 -1.16461
0.345102 0.102494 -1.16623
0.354661 0.101757 -1.16511
0.364739 0.101612 -1.16434
0.375321 0.10199 -1.16586
0.384411 0.101763 -1.1651
0.395577 0.102276 -1.16615
0.403857 0.10184 -1.16592
0.414785 0.101729 -1.16567
0.424476 0.101597 -1.1656
0.435256 0.102054 -1.16656
0.444182 0.101802 -1.16525
0.452773 0.103933 -1.16717
-0.70506 0.11031 -1.1691
0.29005 0.24555 -1.1686
-0.868286 -0.662872 -1.15217
-0.806214 -0.664237 -1.15363
-0.795425 -0.662513 -1.15089
-0.782562 -0.665128 -1.1556
-0.77922 -0.662787 -1.15125
-0.7364 -0.66003 -1.1598
-0.866393 -0.65592 -1.15587
-0.801179 -0.657989 -1.15426
-0.795887 -0.655904 -1.15268
-0.784036 -0.654002 -1.1541
-0.777179 -0.654148 -1.15319
-0.791757 -0.644235 -1.15647
-0.785098 -0.645533 -1.15586
-0.776289 -0.645287 -1.15643
-0.916465 -0.63344 -1.1568
-0.79366 -0.63586 -1.15675
-0.787103 -0.63607 -1.15283
-0.91111 -0.62538 -1.1599
-0.793035 -0.623478 -1.15428
-0.789163 -0.62663 -1.15133
-0.795963 -0.61362 -1.15727
-0.789575 -0.6119 -1.15125
-0.798505 -0.60586 -1.1583
-0.88451 -0.59636 -1.156
-0.80254 -0.594285 -1.1589
-0.798725 -0.59798 -1.15765
-0.796007 -0.588757 -1.15307
-0.803603 -0.57639 -1.15803
-0.802535 -0.565915 -1.15545
-0.79918 -0.567335 -1.15115
-0.8459 -0.55118 -1.1576
-0.805497 -0.5554 -1.1535
-0.80683 -0.546933 -1.15377
-0.80664 -0.53961 -1.15085
-0.81302 -0.52203 -1.15647
-0.80986 -0.52159 -1.1575
-0.814457 -0.514755 -1.15545
-0.80896 -0.51285 -1.1504
-0.81262 -0.504625 -1.15795
-0.80643 -0.501448 -1.15486
-0.804114 -0.494944 -1.15555
-0.80174 -0.487384 -1.15844
-0.79883 -0.48877 -1.1575
-0.701983 -0.190773 -1.15893
-0.69814 -0.19065 -1.1593
-0.713987 -0.183414 -1.15796
-0.705043 -0.184448 -1.15764
-0.695178 -0.183282 -1.1573
-0.687075 -0.182746 -1.158
-0.72343 -0.17279 -1.15745
-0.714149 -0.175315 -1.15458
-0.704924 -0.175018 -1.15294
-0.695051 -0.174989 -1.154
-0.684244 -0.174752 -1.15545
-0.679407 -0.17429 -1.15837
-0.723537 -0.16588 -1.15523
-0.71786 -0.16998 -1.1506
-0.703266 -0.168731 -1.15076
-0.693944 -0.167976 -1.15052
-0.683399 -0.165852 -1.15282
-0.678663 -0.165023 -1.15417
-0.72812 -0.15096 -1.15405
-0.680517 -0.155973 -1.15453
-0.678844 -0.154909 -1.15486
-0.732607 -0.144473 -1.15683
-0.72832 -0.14587 -1.151
-0.681 -0.144176 -1.15524
-0.678867 -0.145064 -1.15511
-0.681053 -0.135493 -1.15546
-0.678987 -0.134423 -1.15491
-0.681108 -0.125261 -1.15561
-0.679308 -0.124839 -1.15617
-0.681124 -0.114618 -1.15466
-0.678652 -0.115635 -1.15598
-0.68135 -0.106032 -1.15198
-0.679168 -0.105447 -1.15523
-0.68167 -0.093311 -1.1581
-0.679107 -0.0962483 -1.15193
-0.682347 -0.0837947 -1.15553
-0.679515 -0.0821985 -1.1521
-0.76109 -0.075024 -1.1583
-0.68203 -0.07937 -1.1526
-0.676094 -0.073035 -1.15248
-0.76135 -0.060741 -1.1518
-0.68289 -0.069088 -1.1568
-0.66197 -0.060715 -1.1513
0.40748 -0.0607993 -1.15983
0.4123 -0.060619 -1.15985
-0.681755 -0.0547695 -1.15765
-0.66765 -0.059943 -1.1573
0.407295 -0.0531568 -1.15794
0.414607 -0.0553008 -1.15854
0.425067 -0.0535727 -1.15754
0.434922 -0.0536179 -1.15837
0.44315 -0.0519955 -1.15895
-0.67863 -0.0494265 -1.15445
0.406174 -0.0447489 -1.15613
0.414743 -0.0453273 -1.1542
0.424975 -0.0450782 -1.15525
0.434705 -0.0448933 -1.15536
0.44143 -0.043596 -1.15577
0.404733 -0.0347608 -1.15408
0.415444 -0.037157 -1.15161
0.42343 -0.0375335 -1.15185
0.434885 -0.0364893 -1.15214
0.442847 -0.035175 -1.15335
0.404632 -0.0257922 -1.15506
0.446068 -0.0266108 -1.15296
0.45054 -0.022723 -1.1588
-0.77265 -0.0187265 -1.15115
-0.152055 -0.0158335 -1.158
0.404799 -0.0152115 -1.15541
0.44994 -0.018234 -1.1535
0.34319 -0.0042508 -1.1545
0.395553 -0.0030782 -1.15203
0.404403 -0.00616272 -1.15543
0.45843 0.0072322 -1.1524
0.45795 0.015786 -1.1515
-0.76055 0.085905 -1.1567
0.45988 0.08911 -1.1517
-0.74526 0.096888 -1.15474
-0.735268 0.0985833 -1.15377
-0.723452 0.0983292 -1.15285
-0.713939 0.0990344 -1.15359
-0.704007 0.0991753 -1.15398
-0.694426 0.0982517 -1.15305
-0.684858 0.098984 -1.15391
-0.675154 0.0989426 -1.15341
-0.664172 0.0982875 -1.15233
-0.655493 0.0986645 -1.15412
-0.6447 0.0990718 -1.15494
-0.635403 0.0985898 -1.15468
-0.624771 0.0987677 -1.15435
-0.615599 0.097745 -1.15447
-0.605741 0.0991099 -1.15464
-0.595643 0.0989084 -1.15481
-0.584166 0.0990383 -1.15453
-0.574501 0.0986491 -1.15529
-0.566301 0.0980349 -1.15349
-0.553579 0.0983801 -1.15442
-0.545171 0.0976802 -1.1525
-0.535449 0.0984017 -1.15457
-0.524662 0.0985477 -1.15431
-0.514974 0.0981329 -1.15323
-0.505106 0.0982082 -1.15255
-0.494312 0.0987843 -1.15375
-0.485801 0.0972006 -1.15391
-0.474126 0.0986802 -1.15546
-0.465171 0.0973949 -1.15334
-0.4549 0.0987573 -1.15453
-0.444984 0.0983003 -1.15337
-0.434225 0.0978734 -1.15325
-0.425291 0.0979936 -1.1531
-0.414328 0.0983599 -1.1532
-0.405267 0.0985666 -1.15559
-0.395128 0.0979509 -1.15513
-0.384951 0.0979777 -1.15505
-0.374631 0.0982084 -1.15495
-0.365014 0.098457 -1.15524
-0.354595 0.0977002 -1.15301
-0.344316 0.0976717 -1.15406
-0.334622 0.0980209 -1.1549
-0.324073 0.0975577 -1.15367
-0.314947 0.0977327 -1.15382
-0.304955 0.0976857 -1.15326
-0.295837 0.097894 -1.15399
-0.284424 0.0982436 -1.15515
-0.274726 0.0978661 -1.1544
-0.26471 0.0978548 -1.15445
-0.253961 0.0980467 -1.15455
-0.245961 0.0983307 -1.15463
-0.235393 0.0978535 -1.15387
-0.225555 0.0981317 -1.15445
-0.214628 0.0977746 -1.15337
-0.204463 0.0973686 -1.15347
-0.195176 0.0976914 -1.1537
-0.186318 0.0972563 -1.15367
-0.175491 0.0975141 -1.1533
-0.16516 0.0975187 -1.15347
-0.155174 0.0981709 -1.15452
-0.144644 0.0982855 -1.15497
-0.135419 0.0978594 -1.15457
-0.124523 0.0978529 -1.15567
-0.115003 0.0982049 -1.15475
-0.105139 0.0976779 -1.1541
-0.0947644 0.0976764 -1.15413
-0.0850717 0.0981451 -1.15487
-0.0758094 0.0974288 -1.15462
-0.0649803 0.0976086 -1.15479
-0.0546192 0.0977251 -1.15525
-0.0452705 0.0977815 -1.15468
-0.0347117 0.097071 -1.1541
-0.0246584 0.0976223 -1.1547
-0.0145932 0.0972112 -1.15427
-0.00495485 0.0977415 -1.1551
0.004534 0.0969444 -1.15465
0.01535 0.0976342 -1.1552
0.0241346 0.0964886 -1.15368
0.0348552 0.0975866 -1.15522
0.0457145 0.0968373 -1.15555
0.0549411 0.0972105 -1.15532
0.0658504 0.0972094 -1.1549
0.0742904 0.0973484 -1.15471
0.0850881 0.0975523 -1.15637
0.094165 0.0963736 -1.15436
0.104747 0.0964164 -1.15358
0.115287 0.0964461 -1.15396
0.125006 0.097021 -1.15563
0.135964 0.0965511 -1.15497
0.145081 0.0966789 -1.15431
0.155267 0.0967419 -1.15462
0.1651 0.0960762 -1.15389
0.174881 0.0960467 -1.15411
0.184886 0.0956894 -1.15409
0.194989 0.0961526 -1.15425
0.204554 0.0957052 -1.15346
0.214618 0.0957451 -1.15388
0.224786 0.0968582 -1.15611
0.235416 0.0968637 -1.15576
0.245711 0.0971489 -1.15684
0.25472 0.0967634 -1.15575
0.264609 0.0959244 -1.15397
0.274814 0.0956189 -1.15366
0.283898 0.0961182 -1.15451
0.295299 0.0958932 -1.15485
0.304773 0.0956993 -1.15517
0.315142 0.0964642 -1.15462
0.325256 0.0960921 -1.15494
0.33553 0.0963973 -1.15524
0.345009 0.0967917 -1.15609
0.354708 0.0960822 -1.15497
0.364302 0.0958638 -1.1546
0.375323 0.0957652 -1.15511
0.385229 0.0961563 -1.15576
0.395182 0.0963478 -1.15655
0.405337 0.0961785 -1.15597
0.415043 0.0963784 -1.15511
0.425831 0.0961009 -1.15522
0.435004 0.0959353 -1.15418
0.445201 0.0963652 -1.15456
0.454378 0.0935915 -1.15318
-0.74039 0.1008 -1.1554
-0.734323 0.101461 -1.15694
-0.72502 0.101244 -1.1576
-0.716212 0.101244 -1.15758
-0.708147 0.1011 -1.15873
-0.694702 0.101348 -1.15878
-0.684822 0.101464 -1.15732
-0.675413 0.101022 -1.15785
-0.663978 0.10147 -1.15779
-0.654581 0.101763 -1.15837
-0.643553 0.101405 -1.15758
-0.634798 0.101701 -1.15864
-0.6258 0.101313 -1.15772
-0.61404 0.101046 -1.15801
-0.605253 0.100947 -1.157
-0.59665 0.101258 -1.15822
-0.584095 0.10164 -1.15798
-0.576367 0.101689 -1.15856
-0.56305 0.101093 -1.15863
-0.554269 0.101791 -1.15795
-0.543837 0.101088 -1.15628
-0.533604 0.101742 -1.15838
-0.524735 0.101 -1.1576
-0.51427 0.101304 -1.15709
-0.505716 0.101311 -1.1572
-0.49586 0.10103 -1.158
-0.48124 0.1012 -1.1598
-0.474844 0.101378 -1.15898
-0.46329 0.101078 -1.15832
-0.45521 0.101005 -1.1576
-0.44384 0.101067 -1.15833
-0.434052 0.100768 -1.15822
-0.428025 0.101155 -1.1594
-0.41463 0.10097 -1.15943
-0.405314 0.1011 -1.15874
-0.394224 0.101344 -1.15836
-0.38449 0.10094 -1.15695
-0.376033 0.100993 -1.1575
-0.35509 0.10099 -1.1575
-0.343057 0.101217 -1.15977
-0.33479 0.101573 -1.15933
-0.326188 0.101502 -1.15778
-0.31542 0.10076 -1.15927
-0.30497 0.10004 -1.1598
-0.293243 0.10085 -1.159
-0.285165 0.101008 -1.1577
-0.27354 0.10117 -1.1595
-0.26235 0.10107 -1.1584
-0.235213 0.100423 -1.15977
-0.203692 0.100704 -1.15932
-0.196346 0.101587 -1.15837
-0.175359 0.101461 -1.15891
-0.16668 0.10115 -1.1593
-0.15699 0.101596 -1.15888
-0.13092 0.10113 -1.1591
-0.1202 0.10107 -1.1584
-0.11753 0.10112 -1.15895
-0.103573 0.100417 -1.15973
-0.0952493 0.100873 -1.15947
-0.0885708 0.10135 -1.1581
-0.0756432 0.10081 -1.1587
-0.066713 0.1 -1.1593
-0.057761 0.1012 -1.1599
-0.0247095 0.101135 -1.1591
-0.0154483 0.100747 -1.15913
-0.00500228 0.101105 -1.1588
0.00665253 0.101282 -1.15838
0.0130995 0.101185 -1.15975
0.026589 0.10057 -1.15925
0.033803 0.10074 -1.159
0.041798 0.101015 -1.15775
0.051944 0.10111 -1.1589
0.064878 0.10006 -1.16
0.077524 0.10231 -1.1588
0.082237 0.1006 -1.1596
0.0932945 0.100605 -1.15965
0.10714 0.10116 -1.1595
0.12958 0.10006 -1.16
0.133255 0.10003 -1.15965
0.15593 0.1012 -1.1598
0.18829 0.10003 -1.1597
0.204695 0.10003 -1.15965
0.23904 0.10006 -1.1599
0.2588 0.10002 -1.1596
0.26693 0.10005 -1.1599
0.29931 0.10003 -1.1596
-0.87184 -0.662385 -1.14875
-0.866895 -0.661772 -1.14849
-0.801438 -0.661937 -1.14847
-0.795344 -0.661918 -1.14808
-0.783841 -0.661207 -1.14705
-0.777698 -0.661054 -1.14643
-0.863327 -0.657594 -1.14292
-0.85953 -0.65627 -1.1409
-0.801267 -0.659527 -1.14737
-0.79491 -0.658274 -1.14778
-0.783735 -0.657158 -1.14423
-0.776386 -0.657463 -1.14381
-0.85639 -0.64671 -1.1459
-0.782789 -0.645339 -1.14328
-0.779483 -0.64539 -1.1417
-0.91006 -0.6351 -1.1429
-0.90948 -0.63194 -1.1437
-0.784427 -0.636079 -1.14554
-0.90859 -0.62745 -1.1496
-0.784051 -0.62543 -1.1439
-0.89687 -0.61819 -1.1404
-0.785493 -0.616127 -1.14387
-0.88831 -0.60831 -1.1414
-0.788763 -0.606587 -1.14563
-0.87552 -0.59152 -1.1436
-0.791583 -0.595213 -1.14663
-0.788215 -0.597455 -1.146
-0.79356 -0.582298 -1.1472
-0.795333 -0.578547 -1.14687
-0.85329 -0.56582 -1.1437
-0.80117 -0.56737 -1.1498
-0.84349 -0.55115 -1.1487
-0.80197 -0.55378 -1.148
-0.797625 -0.557782 -1.14315
-0.8357 -0.54294 -1.149
-0.80478 -0.54065 -1.14705
-0.82881 -0.53686 -1.145
-0.81183 -0.53728 -1.149
-0.805248 -0.53474 -1.14587
-0.81003 -0.52393 -1.1473
-0.805408 -0.523532 -1.147
-0.79971 -0.52075 -1.1403
-0.81285 -0.51184 -1.1481
-0.807301 -0.512764 -1.14491
-0.70254 -0.17331 -1.1488
-0.713068 -0.164693 -1.14629
-0.70585 -0.164999 -1.14801
-0.695264 -0.164394 -1.14733
-0.684885 -0.163856 -1.14811
-0.722378 -0.15551 -1.14605
-0.714807 -0.155468 -1.14238
-0.704928 -0.155616 -1.14299
-0.694469 -0.155162 -1.14384
-0.683974 -0.15552 -1.14406
-0.679497 -0.154289 -1.14712
-0.72024 -0.14645 -1.1418
-0.715147 -0.149447 -1.14097
-0.70306 -0.149817 -1.14087
-0.691969 -0.14733 -1.14086
-0.683411 -0.145955 -1.14248
-0.678579 -0.145848 -1.14559
-0.72323 -0.13475 -1.1401
-0.680712 -0.135678 -1.14602
-0.678304 -0.134728 -1.14443
-0.680772 -0.127622 -1.14742
-0.678251 -0.123445 -1.14333
-0.680756 -0.115996 -1.14542
-0.67903 -0.114697 -1.14369
-0.681182 -0.105276 -1.14494
-0.678735 -0.102923 -1.14567
-0.681247 -0.0969385 -1.14579
-0.678738 -0.0933768 -1.14579
-0.681138 -0.0885222 -1.14384
-0.677167 -0.0841081 -1.14424
-0.68078 -0.0755143 -1.1412
-0.675922 -0.0754278 -1.1446
-0.677283 -0.0683247 -1.14367
-0.661 -0.06863 -1.1491
-0.75641 -0.059269 -1.1443
-0.676902 -0.051559 -1.14592
-0.68003 -0.047673 -1.1428
-0.675575 -0.0452067 -1.14298
0.411355 -0.041054 -1.15
0.43465 -0.041047 -1.1498
-0.672693 -0.0370155 -1.14255
0.407753 -0.0350819 -1.14787
0.414706 -0.033649 -1.14726
0.426047 -0.0333913 -1.14784
0.43525 -0.0343548 -1.14814
0.441607 -0.0333367 -1.14897
0.406363 -0.0243886 -1.14529
0.415244 -0.0250373 -1.1441
0.425217 -0.0248163 -1.1445
0.435017 -0.0251794 -1.14473
0.442533 -0.0240728 -1.14685
-0.0041984 -0.012253 -1.1427
0.405409 -0.0151976 -1.14471
0.415036 -0.0182481 -1.14161
0.425833 -0.0175324 -1.14094
0.435515 -0.0169302 -1.14199
0.44332 -0.0150639 -1.14133
0.45027 -0.015724 -1.15
0.1489 -0.0087448 -1.1433
0.16859 -0.0077126 -1.1403
0.25855 -0.0053695 -1.1406
0.27542 -0.00420065 -1.1409
0.29635 -0.00420003 -1.14073
0.302468 -0.00391275 -1.1409
0.314159 -0.00377081 -1.14154
0.336177 -0.00309877 -1.14157
0.344157 -0.0027291 -1.14239
0.354838 -0.00221525 -1.14168
0.365895 -0.00298033 -1.14322
0.3752 -0.0020466 -1.14108
0.385988 -0.00228157 -1.14347
0.395646 -0.00140213 -1.14333
0.404066 -0.00603964 -1.14473
0.444708 -0.00854646 -1.14148
0.365597 0.00279314 -1.14129
0.374495 0.00132949 -1.14127
0.38477 0.000917285 -1.14095
0.395626 0.00314101 -1.14109
0.401496 0.00278523 -1.14131
0.44994 0.0003498 -1.1412
0.45138 0.0088029 -1.14375
0.457835 0.0327975 -1.14265
0.48899 0.065653 -1.1471
-0.75301 0.083639 -1.1414
-0.74612 0.089503 -1.1419
-0.57708 0.089394 -1.1405
-0.56032 0.088878 -1.1412
-0.55794 0.089405 -1.1406
-0.50373 0.089366 -1.1401
-0.462083 0.089474 -1.1415
-0.44006 0.089391 -1.1405
-0.433058 0.0891672 -1.14054
-0.414095 0.0894425 -1.14115
-0.394845 0.0894135 -1.14075
-0.37207 0.089394 -1.1405
-0.36918 0.089375 -1.1403
-0.35892 0.0888165 -1.14045
-0.322957 0.08944 -1.14107
-0.31364 0.089388 -1.1404
-0.29852 0.0890413 -1.1409
-0.2773 0.088822 -1.14055
-0.263027 0.0890727 -1.14127
-0.25041 0.089425 -1.1409
-0.24866 0.089446 -1.1412
-0.23787 0.089411 -1.1407
-0.21114 0.089362 -1.1401
-0.1848 0.089491 -1.1417
-0.16539 0.0894515 -1.14125
-0.144577 0.0893044 -1.14144
-0.13903 0.089409 -1.1407
-0.12154 0.089454 -1.1413
-0.118033 0.0894347 -1.141
-0.10403 0.089398 -1.1405
-0.0830285 0.08947 -1.14145
-0.0733747 0.0891535 -1.14232
-0.0646428 0.0888855 -1.14132
-0.0558622 0.0889197 -1.14177
-0.0433017 0.089089 -1.1415
-0.036376 0.0881034 -1.14186
-0.0278182 0.0888575 -1.14095
-0.013601 0.089559 -1.1426
-0.00341036 0.0893018 -1.14297
0.00478122 0.0891417 -1.14092
0.0125976 0.0889926 -1.14126
0.025307 0.0895225 -1.14215
0.0346384 0.0890876 -1.14211
0.0438984 0.0888861 -1.1414
0.0547812 0.0895392 -1.14236
0.0660307 0.0888218 -1.14206
0.0720447 0.0887272 -1.1418
0.0846424 0.089066 -1.14259
0.0938946 0.0884682 -1.14211
0.105785 0.0886611 -1.14221
0.115017 0.0883537 -1.14202
0.125441 0.0884982 -1.14217
0.13428 0.0890445 -1.14151
0.145229 0.0893662 -1.14381
0.15557 0.0892764 -1.14319
0.165428 0.0889489 -1.14299
0.176043 0.0886495 -1.1431
0.185895 0.088729 -1.14182
0.196485 0.0881714 -1.14159
0.205845 0.0883234 -1.1429
0.215719 0.0890413 -1.14336
0.224912 0.0890023 -1.142
0.234538 0.0894075 -1.1431
0.243649 0.0887378 -1.14194
0.254574 0.0890032 -1.14202
0.26504 0.0893013 -1.1435
0.27475 0.0886696 -1.14155
0.28525 0.0886196 -1.14123
0.294501 0.0889535 -1.14219
0.305167 0.0890166 -1.142
0.317497 0.0883462 -1.1419
0.325543 0.0886981 -1.14266
0.334045 0.0884216 -1.14161
0.3459 0.0891208 -1.14288
0.356269 0.0885075 -1.1426
0.365583 0.0885883 -1.14253
0.375425 0.0886477 -1.14308
0.385239 0.0888373 -1.1432
0.395161 0.0886785 -1.14284
0.404246 0.0884015 -1.14261
0.413638 0.0889328 -1.14278
0.424883 0.0883253 -1.14163
0.433887 0.0891789 -1.14194
0.444951 0.0890349 -1.14219
0.453185 0.088768 -1.14363
0.463072 0.0840082 -1.14614
-0.742393 0.0919503 -1.1449
-0.734979 0.0944644 -1.14496
-0.725912 0.0953665 -1.14626
-0.715228 0.094331 -1.14469
-0.704997 0.0952192 -1.14527
-0.696018 0.0946632 -1.14479
-0.684988 0.0942662 -1.14456
-0.675208 0.0945989 -1.14427
-0.665368 0.0941405 -1.14514
-0.654588 0.0948301 -1.14641
-0.64513 0.0946032 -1.14594
-0.634931 0.0942203 -1.14473
-0.624976 0.0947357 -1.14563
-0.615302 0.0949206 -1.14698
-0.605497 0.0936542 -1.14443
-0.595939 0.0943015 -1.14512
-0.58521 0.0944111 -1.14576
-0.574947 0.0935472 -1.14422
-0.56462 0.0937227 -1.14434
-0.555421 0.0938317 -1.14589
-0.544612 0.0939944 -1.14645
-0.535113 0.0935687 -1.14527
-0.525004 0.0940788 -1.14555
-0.514842 0.093281 -1.1455
-0.504631 0.0936585 -1.14515
-0.495104 0.0942148 -1.14525
-0.485595 0.0932511 -1.14552
-0.474468 0.0938081 -1.14531
-0.465815 0.0934946 -1.14522
-0.455468 0.093956 -1.14579
-0.445034 0.0935559 -1.14535
-0.43554 0.0935143 -1.1449
-0.424448 0.0932213 -1.14454
-0.415937 0.0938877 -1.14621
-0.405163 0.0936579 -1.14528
-0.39543 0.092844 -1.14484
-0.385207 0.0930843 -1.14404
-0.375582 0.0935752 -1.14533
-0.364776 0.0934185 -1.1445
-0.355615 0.0940357 -1.14605
-0.345766 0.0931303 -1.146
-0.334875 0.0937354 -1.14581
-0.325814 0.0931439 -1.14478
-0.314369 0.0935873 -1.14475
-0.30517 0.0932349 -1.14604
-0.295105 0.0930592 -1.14523
-0.285324 0.093682 -1.14605
-0.275416 0.0930206 -1.1448
-0.264637 0.0934109 -1.14544
-0.255995 0.0941701 -1.14601
-0.244513 0.093436 -1.1463
-0.233745 0.0933627 -1.14565
-0.223866 0.093089 -1.14551
-0.215544 0.0933611 -1.14576
-0.205255 0.0928229 -1.14434
-0.194526 0.0930681 -1.14523
-0.183966 0.0929619 -1.14477
-0.175125 0.0930018 -1.1449
-0.165004 0.0924987 -1.14404
-0.155189 0.0933977 -1.14553
-0.145581 0.0931291 -1.14484
-0.13418 0.092672 -1.14486
-0.124005 0.0936248 -1.14595
-0.115381 0.0932124 -1.14523
-0.104832 0.0929409 -1.1461
-0.0943073 0.0930782 -1.1455
-0.0853162 0.0931961 -1.145
-0.0744171 0.0929566 -1.14586
-0.0645157 0.092794 -1.14613
-0.0552168 0.0928242 -1.1458
-0.0447407 0.0929559 -1.14521
-0.0347481 0.0926432 -1.14455
-0.0248812 0.0927711 -1.14617
-0.0157507 0.0922672 -1.14508
-0.00516409 0.0926712 -1.14499
0.00545006 0.0924714 -1.1454
0.0140671 0.0923641 -1.14551
0.0256542 0.0920965 -1.14547
0.0346498 0.0923933 -1.14635
0.0442962 0.0925817 -1.14635
0.0548399 0.0925694 -1.14629
0.064159 0.0927212 -1.14627
0.0749343 0.0927208 -1.14637
0.0850796 0.0927132 -1.14727
0.0953805 0.0922584 -1.14565
0.105021 0.0921951 -1.14672
0.114795 0.092066 -1.14631
0.125331 0.092332 -1.14606
0.134471 0.0922251 -1.14627
0.144727 0.0925042 -1.14707
0.155032 0.0920316 -1.14672
0.165601 0.0917433 -1.14734
0.175789 0.0920852 -1.14774
0.185322 0.0912919 -1.14634
0.195522 0.0918643 -1.14683
0.20529 0.0917384 -1.14726
0.216524 0.0922166 -1.14819
0.225082 0.0921748 -1.1477
0.235541 0.0922656 -1.14726
0.244941 0.0923537 -1.14724
0.255234 0.0919064 -1.14633
0.265601 0.0919259 -1.14731
0.274906 0.0916418 -1.1466
0.28587 0.0919707 -1.1464
0.29408 0.09179 -1.14806
0.305875 0.0919016 -1.14829
0.314638 0.0921511 -1.14642
0.326042 0.091857 -1.14767
0.335054 0.091925 -1.146
0.345492 0.0919896 -1.14798
0.355123 0.0918237 -1.14706
0.365708 0.0918891 -1.14623
0.375062 0.0918351 -1.14622
0.384869 0.0918595 -1.14721
0.394733 0.0919792 -1.14666
0.405222 0.0917905 -1.14713
0.415099 0.0920143 -1.14566
0.424856 0.0916857 -1.1462
0.434642 0.0921717 -1.14643
0.444475 0.0921166 -1.14701
0.450745 0.091591 -1.14735
0.48741 0.189405 -1.14705
-0.86076 -0.654975 -1.13865
-0.855826 -0.652961 -1.13398
-0.781677 -0.654773 -1.13713
-0.77696 -0.654397 -1.13602
-0.85448 -0.64994 -1.1304
-0.781398 -0.645298 -1.13724
-0.77784 -0.64698 -1.13517
-0.781398 -0.637092 -1.13762
-0.778665 -0.635312 -1.13725
-0.784175 -0.610715 -1.13905
-0.8852 -0.607435 -1.13185
-0.87808 -0.5986 -1.1393
-0.80165 -0.52024 -1.1392
-0.713923 -0.152022 -1.1396
-0.708145 -0.15077 -1.1392
-0.68355 -0.15086 -1.1399
-0.714672 -0.145029 -1.1377
-0.705073 -0.144592 -1.13689
-0.695365 -0.145095 -1.13769
-0.684361 -0.144034 -1.13745
-0.67916 -0.14268 -1.13935
-0.721256 -0.136742 -1.13592
-0.713808 -0.1361 -1.13198
-0.705678 -0.136451 -1.13271
-0.694464 -0.135591 -1.13262
-0.684135 -0.135287 -1.13432
-0.678965 -0.134695 -1.13725
-0.72302 -0.125067 -1.13307
-0.71916 -0.127785 -1.13045
-0.69187 -0.12897 -1.1306
-0.683108 -0.126265 -1.13399
-0.678534 -0.125017 -1.13488
-0.68026 -0.116285 -1.1342
-0.678645 -0.115235 -1.13388
-0.680682 -0.106098 -1.13637
-0.679254 -0.104664 -1.13359
-0.68089 -0.0954351 -1.1368
-0.678884 -0.0944127 -1.13355
-0.74341 -0.084001 -1.1381
-0.68075 -0.0845717 -1.13517
-0.678879 -0.0843375 -1.13544
-0.74656 -0.0735457 -1.1348
-0.680779 -0.0741229 -1.13425
-0.676773 -0.0743378 -1.13664
-0.74817 -0.064303 -1.1315
-0.68085 -0.0682505 -1.1331
-0.677377 -0.0677033 -1.13518
-0.6668 -0.066447 -1.131
-0.65173 -0.060866 -1.1329
-0.64999 -0.062111 -1.1338
-0.672455 -0.0525222 -1.1345
-0.66086 -0.058894 -1.1371
-0.65248 -0.059607 -1.1303
-0.68192 -0.041557 -1.1303
-0.675202 -0.0434689 -1.13486
-0.66845 -0.0424822 -1.1374
-0.675004 -0.0352684 -1.13518
-0.665165 -0.0328773 -1.13577
-0.65581 -0.0313155 -1.1313
0.408145 -0.020722 -1.1398
0.41098 -0.020178 -1.1389
0.42905 -0.020192 -1.1397
0.43126 -0.0207195 -1.1397
-0.0243033 -0.012142 -1.13233
-0.00509223 -0.0117967 -1.1331
0.407889 -0.0136527 -1.13753
0.41501 -0.0141653 -1.13746
0.42471 -0.0140372 -1.13747
0.435346 -0.0143995 -1.13884
0.442619 -0.0130327 -1.13889
-0.766105 -0.0047573 -1.13395
0.038685 -0.0086645 -1.1328
0.040139 -0.0097922 -1.1306
0.05956 -0.0076477 -1.1307
0.068842 -0.0098155 -1.1332
0.0721733 -0.0084447 -1.13193
0.088209 -0.0076554 -1.1319
0.097929 -0.00852057 -1.1327
0.104232 -0.00780046 -1.13127
0.11502 -0.00748394 -1.13223
0.125816 -0.005829 -1.13223
0.134964 -0.00573327 -1.13117
0.145034 -0.00624691 -1.1324
0.153238 -0.00492679 -1.1324
0.165941 -0.00490142 -1.13241
0.175856 -0.00442696 -1.13244
0.183915 -0.00475351 -1.13221
0.195142 -0.00427491 -1.13393
0.205293 -0.00339407 -1.1335
0.215044 -0.00354473 -1.13313
0.225002 -0.00386775 -1.13394
0.235309 -0.00352333 -1.13382
0.244806 -0.00367249 -1.13484
0.254694 -0.00351157 -1.1355
0.265024 -0.00345072 -1.1358
0.274601 -0.00297161 -1.13581
0.285107 -0.0029785 -1.13713
0.294164 -0.00277718 -1.13625
0.305474 -0.00227817 -1.13831
0.315607 -0.00265566 -1.13621
0.325227 -0.00236678 -1.13686
0.334181 -0.00225446 -1.13786
0.344972 -0.00264725 -1.13591
0.355143 -0.00215206 -1.13735
0.363845 -0.00114239 -1.13947
0.374004 -0.00174996 -1.13856
0.38173 -0.000887565 -1.1391
0.406177 -0.00479655 -1.13479
0.415071 -0.00538985 -1.13361
0.425204 -0.00527239 -1.1335
0.434794 -0.00609823 -1.13445
0.442685 -0.00399773 -1.13543
0.13475 0.0014705 -1.1303
0.14752 0.0049547 -1.1303
0.16602 0.003767 -1.1307
0.172575 0.00198005 -1.13095
0.184074 0.00165416 -1.1315
0.194639 0.00379124 -1.13095
0.205062 0.00221057 -1.13156
0.214812 0.00334531 -1.13185
0.223812 0.00462431 -1.13109
0.235803 0.00315953 -1.13236
0.246165 0.00320587 -1.13246
0.254936 0.00326283 -1.13247
0.264814 0.00430459 -1.13259
0.275273 0.0042977 -1.13271
0.285744 0.00434785 -1.13376
0.295402 0.0042731 -1.13373
0.304909 0.00478594 -1.13378
0.314863 0.00474685 -1.13359
0.325391 0.00484941 -1.13499
0.335303 0.00465996 -1.13625
0.344838 0.00513107 -1.13627
0.354428 0.00474275 -1.13653
0.365089 0.00546922 -1.13725
0.375264 0.00552652 -1.13755
0.385011 0.00529802 -1.13804
0.394498 0.00616683 -1.13773
0.404898 0.00479297 -1.13524
0.414968 0.00181323 -1.13065
0.425577 0.00251165 -1.13162
0.432888 0.00353362 -1.1304
0.445163 0.00202559 -1.1355
0.243515 0.013294 -1.131
0.25519 0.013853 -1.1312
0.265705 0.011753 -1.1306
0.276827 0.011762 -1.1314
0.287345 0.01291 -1.13106
0.294521 0.012499 -1.13162
0.303786 0.0122347 -1.13108
0.313975 0.0134701 -1.1306
0.325598 0.0129448 -1.13165
0.334908 0.0138406 -1.13163
0.345678 0.0137133 -1.13207
0.354704 0.0144949 -1.13184
0.364664 0.014918 -1.13267
0.374755 0.0146374 -1.13284
0.385548 0.0151023 -1.13332
0.39529 0.014397 -1.13376
0.403227 0.0141996 -1.13295
0.445285 0.0116435 -1.13055
0.34093 0.021843 -1.1302
0.35889 0.022946 -1.1308
0.367415 0.0218552 -1.1311
0.373454 0.0229493 -1.13079
0.384105 0.0218853 -1.13272
0.395277 0.0231932 -1.13156
0.40327 0.0218497 -1.13087
0.4542 0.024166 -1.1363
0.45836 0.040066 -1.1392
0.47893 0.044349 -1.1308
0.081294 0.079532 -1.1304
0.45767 0.079633 -1.1318
0.46519 0.0769233 -1.13523
0.472 0.071767 -1.1334
-0.75311 0.080071 -1.138
-0.742458 0.087627 -1.13635
-0.734026 0.0876429 -1.13279
-0.724954 0.0881086 -1.13246
-0.71374 0.0877982 -1.13234
-0.704354 0.0875158 -1.13314
-0.694898 0.087606 -1.13368
-0.684771 0.0879946 -1.13216
-0.67521 0.0877403 -1.13407
-0.665427 0.0878382 -1.13414
-0.655565 0.0879969 -1.13394
-0.645116 0.0872807 -1.13242
-0.634802 0.0876829 -1.13424
-0.624488 0.0876592 -1.13311
-0.615143 0.0877309 -1.13395
-0.604426 0.0877582 -1.13315
-0.595802 0.0880386 -1.13541
-0.584459 0.0871586 -1.13413
-0.574331 0.0876362 -1.13407
-0.564843 0.0872802 -1.1342
-0.554605 0.0872679 -1.13497
-0.544741 0.0877709 -1.13552
-0.534396 0.0878442 -1.13433
-0.524999 0.087685 -1.13445
-0.514493 0.0875307 -1.13436
-0.504962 0.0871133 -1.13394
-0.494851 0.0875406 -1.13474
-0.485295 0.0874995 -1.13545
-0.474351 0.0872374 -1.13432
-0.465876 0.0867815 -1.13362
-0.453905 0.0867824 -1.13334
-0.445517 0.0871623 -1.13384
-0.435697 0.0869301 -1.13398
-0.42487 0.0871651 -1.13462
-0.416025 0.0875933 -1.13452
-0.404222 0.0872184 -1.13367
-0.395034 0.0866227 -1.13381
-0.384417 0.0872072 -1.13439
-0.374286 0.0868224 -1.13371
-0.364121 0.0871269 -1.13446
-0.354281 0.0871268 -1.13494
-0.345543 0.0867156 -1.13431
-0.335436 0.0876232 -1.13598
-0.325945 0.0869664 -1.13367
-0.314554 0.0866603 -1.13386
-0.305389 0.0864866 -1.13412
-0.294087 0.0869275 -1.13394
-0.284816 0.0866754 -1.13415
-0.275253 0.0865667 -1.13403
-0.265753 0.0866346 -1.1349
-0.25558 0.0867336 -1.1344
-0.245148 0.0867309 -1.1343
-0.234605 0.0867051 -1.13464
-0.224636 0.0868539 -1.13417
-0.215079 0.0863632 -1.1335
-0.204714 0.0866328 -1.13421
-0.195654 0.0863206 -1.13423
-0.185034 0.0860994 -1.13438
-0.174266 0.0863373 -1.13361
-0.166236 0.0863433 -1.13473
-0.155204 0.0865345 -1.13622
-0.144395 0.085775 -1.13361
-0.134724 0.087128 -1.13442
-0.124872 0.0872454 -1.13527
-0.114686 0.0857682 -1.13429
-0.105028 0.086796 -1.13515
-0.0947114 0.0869543 -1.13576
-0.0851996 0.086213 -1.13548
-0.0756957 0.085311 -1.13371
-0.0646274 0.0862369 -1.13455
-0.054799 0.0858347 -1.1348
-0.0446761 0.0857267 -1.1342
-0.0345055 0.0863452 -1.13584
-0.023888 0.0858047 -1.13561
-0.0149879 0.0860901 -1.13572
-0.00553603 0.0861671 -1.13589
0.00486469 0.086386 -1.13615
0.0166284 0.0860025 -1.13453
0.025183 0.0857254 -1.13419
0.0341247 0.0852585 -1.13455
0.0450447 0.0859735 -1.13597
0.0552946 0.0859064 -1.13527
0.0637244 0.0850643 -1.13441
0.0750028 0.0853993 -1.13442
0.0842463 0.0858224 -1.13543
0.0953015 0.0856921 -1.13465
0.104638 0.0852886 -1.13514
0.114864 0.0857234 -1.13604
0.124637 0.0856587 -1.13536
0.136173 0.0861353 -1.13603
0.145799 0.0858618 -1.13582
0.154717 0.0854319 -1.13438
0.164783 0.0849464 -1.13453
0.174018 0.084346 -1.13376
0.185052 0.0857022 -1.13547
0.195346 0.0852667 -1.13479
0.205282 0.0845829 -1.13395
0.214156 0.0847991 -1.1342
0.224452 0.0853044 -1.13456
0.235118 0.0857022 -1.13521
0.244969 0.0851942 -1.13462
0.254539 0.0852434 -1.13483
0.264688 0.0856899 -1.13522
0.275166 0.0849937 -1.13483
0.284909 0.0852522 -1.13553
0.294778 0.0851609 -1.13456
0.305018 0.0853288 -1.13559
0.314857 0.0847978 -1.13394
0.324563 0.0844751 -1.13358
0.335926 0.0852154 -1.13518
0.345265 0.0852022 -1.13534
0.354554 0.0844631 -1.13499
0.364419 0.0842182 -1.13523
0.375176 0.0843168 -1.13485
0.385039 0.0846236 -1.1353
0.39478 0.0846157 -1.13477
0.404965 0.0837739 -1.13393
0.415061 0.0852242 -1.13553
0.42497 0.0843965 -1.13432
0.435609 0.0850074 -1.13493
0.445738 0.0848145 -1.13594
0.451903 0.0845437 -1.13435
-0.733814 0.0912332 -1.13872
-0.725144 0.0912217 -1.13775
-0.715434 0.0910829 -1.13803
-0.703453 0.0910414 -1.1375
-0.694347 0.091223 -1.13732
-0.68644 0.090824 -1.1377
-0.674157 0.0906175 -1.1374
-0.666562 0.0904938 -1.13695
-0.654428 0.0906825 -1.1367
-0.64596 0.0909299 -1.13898
-0.635346 0.0909851 -1.13879
-0.623662 0.091168 -1.13819
-0.615035 0.0912661 -1.13889
-0.604895 0.090428 -1.1395
-0.593912 0.0909625 -1.1394
-0.586245 0.0906507 -1.13778
-0.57883 0.090968 -1.13955
-0.56266 0.0907312 -1.1379
-0.558687 0.09111 -1.13907
-0.54328 0.0903415 -1.13843
-0.534785 0.0903145 -1.13807
-0.52574 0.0903655 -1.13873
-0.514773 0.0903673 -1.13873
-0.5051 0.090342 -1.1384
-0.495318 0.090312 -1.13803
-0.486097 0.090316 -1.1381
-0.474968 0.0903598 -1.13864
-0.461645 0.090271 -1.1375
-0.45462 0.0906786 -1.13714
-0.444535 0.090559 -1.13778
-0.432367 0.091819 -1.13863
-0.427397 0.0907737 -1.1393
-0.416685 0.0902345 -1.1371
-0.404598 0.0903272 -1.13826
-0.384152 0.0909952 -1.13844
-0.375183 0.090761 -1.13917
-0.36536 0.0907766 -1.13846
-0.355924 0.0904304 -1.13954
-0.34907 0.0903245 -1.1382
-0.337247 0.0906595 -1.13902
-0.325084 0.090603 -1.13902
-0.315704 0.090847 -1.13899
-0.30408 0.09033 -1.1383
-0.2936 0.0905832 -1.13805
-0.285308 0.091235 -1.13868
-0.274157 0.0907923 -1.13953
-0.26694 0.0907837 -1.1395
-0.252488 0.0905276 -1.13804
-0.248213 0.091387 -1.13803
-0.23663 0.090674 -1.13808
-0.227653 0.0907973 -1.13963
-0.21289 0.0909865 -1.13975
-0.195167 0.0907723 -1.13933
-0.18113 0.090464 -1.14
-0.17922 0.090318 -1.1381
-0.15302 0.0904607 -1.1399
-0.14143 0.090111 -1.1355
-0.138865 0.0907335 -1.13655
-0.126219 0.0908289 -1.13874
-0.113913 0.091102 -1.13897
-0.104885 0.0908385 -1.1379
-0.0974662 0.0905355 -1.13748
-0.083055 0.090419 -1.1394
-0.0726135 0.090819 -1.13765
-0.060424 0.090215 -1.1368
-0.0578285 0.090168 -1.13625
-0.0445903 0.090397 -1.1391
-0.0314315 0.0904145 -1.13935
-0.028879 0.090322 -1.1382
-0.011187 0.091523 -1.1397
-0.0094393 0.091511 -1.1396
0.0231935 0.090411 -1.1393
0.12853 0.090419 -1.1394
0.18587 0.090328 -1.1382
0.278215 0.090425 -1.13945
-0.855765 -0.651165 -1.12945
-0.77309 -0.65001 -1.13
-0.850912 -0.649357 -1.1283
-0.847913 -0.647873 -1.1251
-0.89232 -0.6207 -1.1218
-0.88871 -0.61543 -1.12523
-0.87386 -0.60137 -1.1261
-0.87301 -0.59879 -1.1212
-0.84943 -0.56973 -1.1258
-0.71298 -0.13162 -1.12938
-0.704472 -0.131872 -1.12888
-0.69839 -0.132488 -1.12886
-0.6863 -0.132072 -1.12975
-0.72103 -0.12174 -1.1264
-0.713543 -0.124926 -1.12636
-0.70485 -0.125032 -1.12563
-0.695359 -0.124619 -1.12584
-0.684805 -0.123951 -1.12617
-0.67998 -0.124815 -1.12875
-0.72093 -0.114356 -1.12534
-0.714356 -0.11598 -1.12208
-0.704307 -0.115947 -1.12136
-0.69521 -0.115473 -1.1218
-0.684518 -0.1156 -1.12421
-0.678875 -0.11429 -1.12733
-0.721803 -0.10688 -1.12147
-0.71809 -0.106777 -1.12067
-0.70448 -0.10927 -1.12025
-0.681696 -0.105144 -1.12261
-0.678868 -0.105429 -1.12466
-0.72352 -0.0989825 -1.12105
-0.681013 -0.0954373 -1.12482
-0.678882 -0.0948435 -1.12443
-0.680746 -0.083356 -1.12282
-0.678873 -0.0854537 -1.12502
-0.74198 -0.07546 -1.1289
-0.73698 -0.072876 -1.1251
-0.681145 -0.0739431 -1.12534
-0.679075 -0.0758412 -1.12404
-0.74268 -0.0621125 -1.1232
-0.681196 -0.0653446 -1.12375
-0.677101 -0.0641227 -1.12477
-0.66735 -0.064866 -1.1221
-0.650666 -0.0622346 -1.1245
-0.647177 -0.0638924 -1.12282
-0.680856 -0.054776 -1.12242
-0.67719 -0.0553452 -1.12223
-0.665603 -0.0533928 -1.12427
-0.653155 -0.0589305 -1.12245
-0.6814 -0.0448741 -1.12339
-0.676552 -0.0447916 -1.12597
-0.680963 -0.0345527 -1.12281
-0.676842 -0.0351518 -1.12543
-0.66542 -0.0333324 -1.12802
-0.655373 -0.0345072 -1.12535
-0.6741 -0.029924 -1.1213
-0.66524 -0.029939 -1.1219
-0.756005 -0.011514 -1.12265
-0.25221 -0.017731 -1.1217
-0.17229 -0.015315 -1.1201
-0.161255 -0.0143465 -1.12185
-0.157487 -0.013547 -1.12113
-0.146727 -0.0143613 -1.12303
-0.136058 -0.0134014 -1.1222
-0.12268 -0.014343 -1.1216
-0.11298 -0.013167 -1.1209
-0.10387 -0.013161 -1.122
-0.0947497 -0.0120537 -1.1215
-0.0829906 -0.0116206 -1.1229
-0.079918 -0.01151 -1.1224
-0.0663395 -0.0119772 -1.12319
-0.0520768 -0.0116366 -1.12438
-0.0447006 -0.0117659 -1.12411
-0.0355647 -0.0114476 -1.122
-0.0259153 -0.0113738 -1.1261
-0.0145414 -0.0113552 -1.12433
-0.00546394 -0.011196 -1.12592
0.00617 -0.0110013 -1.1239
0.0157115 -0.011001 -1.12392
0.0249644 -0.010977 -1.12146
0.034349 -0.0110277 -1.12663
0.0423065 -0.0110335 -1.1272
-0.1107 -0.00807775 -1.1209
-0.10842 -0.00824333 -1.121
-0.096687 -0.0086002 -1.12142
-0.082491 -0.0052815 -1.12195
-0.0779996 -0.00859553 -1.12197
-0.0646944 -0.00660859 -1.12151
-0.0542741 -0.0072178 -1.12124
-0.0439833 -0.00655016 -1.12155
-0.034045 -0.00732471 -1.12265
-0.0244322 -0.00588604 -1.12149
-0.0157438 -0.00691095 -1.1219
-0.00564022 -0.00687945 -1.12251
0.00551648 -0.00709933 -1.12336
0.0153121 -0.00577661 -1.1231
0.0250592 -0.00591996 -1.12403
0.0344646 -0.00524477 -1.12457
0.0456099 -0.00526676 -1.12462
0.0548556 -0.00500844 -1.12368
0.0646276 -0.0051985 -1.12558
0.0751207 -0.00502532 -1.1252
0.0847354 -0.00526369 -1.12548
0.0947746 -0.00466602 -1.12612
0.10488 -0.00451478 -1.12665
0.114898 -0.00407529 -1.12643
0.124355 -0.00381895 -1.127
0.134603 -0.00356891 -1.12759
0.145024 -0.0035005 -1.12787
0.156564 -0.00380052 -1.12789
0.165278 -0.00265031 -1.12895
0.173742 -0.00370617 -1.1279
0.184956 -0.00339127 -1.12807
0.193685 -0.00379328 -1.12744
0.203598 -0.00480123 -1.12742
0.21522 -0.00087999 -1.12935
0.228265 -0.00364362 -1.12565
0.233285 -0.00366088 -1.1293
0.24869 -0.00087993 -1.1293
0.255447 -0.00643913 -1.1283
0.26037 -0.0064452 -1.1294
0.27761 -0.0053114 -1.1283
0.295325 -0.00528645 -1.123
0.30139 -0.0052877 -1.1233
0.36451 -0.00414255 -1.1251
0.40817 -0.00087996 -1.1293
0.41643 -0.00087926 -1.1284
0.435953 -0.00147384 -1.12957
-0.053189 0.00142181 -1.1201
-0.034294 0.00175935 -1.12103
-0.0217305 0.00196185 -1.1207
-0.018169 0.00328513 -1.12223
-0.002814 0.00257378 -1.12057
0.00459106 0.00225525 -1.12066
0.0176292 0.00167596 -1.12134
0.0239131 0.00295553 -1.12142
0.0356212 0.00236774 -1.12173
0.0459795 0.0037789 -1.12233
0.0543483 0.00317846 -1.12171
0.065727 0.00359655 -1.12253
0.075651 0.00322835 -1.12276
0.0849865 0.00479806 -1.12217
0.0954657 0.00429636 -1.12322
0.104639 0.00454669 -1.12285
0.114802 0.00437782 -1.12419
0.124979 0.00470506 -1.12412
0.135239 0.00485011 -1.12495
0.145458 0.00465416 -1.12527
0.15515 0.00481069 -1.1259
0.165016 0.00489824 -1.12604
0.174905 0.0048847 -1.12612
0.184801 0.0049848 -1.12745
0.194736 0.0054036 -1.12741
0.204713 0.00534572 -1.12772
0.21507 0.00673137 -1.12753
0.226195 0.00496291 -1.12817
0.234725 0.00642614 -1.12785
0.243775 0.00680897 -1.12859
0.254096 0.00694105 -1.12868
0.263757 0.00777905 -1.12885
0.273467 0.00778686 -1.12832
0.281453 0.0079488 -1.12718
0.291658 0.00878108 -1.12776
0.30852 0.00919275 -1.1284
0.407684 0.00616972 -1.12722
0.414946 0.00556803 -1.12704
0.425032 0.00633834 -1.12806
0.434601 0.00500706 -1.12762
0.441268 0.00597924 -1.12854
0.068405 0.01042 -1.1201
0.0955865 0.011389 -1.12227
0.106635 0.0121004 -1.12116
0.11616 0.0140747 -1.12113
0.125427 0.0130522 -1.12165
0.134693 0.0135389 -1.12139
0.144652 0.0129437 -1.12227
0.154601 0.0144512 -1.122
0.164891 0.0141829 -1.12222
0.175431 0.0143486 -1.12311
0.185412 0.0136035 -1.12365
0.195123 0.0142656 -1.12378
0.204644 0.0145321 -1.12345
0.214973 0.014659 -1.1234
0.224951 0.0149336 -1.12505
0.234535 0.0145395 -1.12562
0.244962 0.0151862 -1.12616
0.255282 0.0148344 -1.12653
0.26523 0.0151273 -1.12643
0.274811 0.0152655 -1.12627
0.284287 0.0156179 -1.12715
0.295107 0.0161322 -1.12719
0.305748 0.0157553 -1.12775
0.315213 0.0153581 -1.12793
0.324391 0.0171748 -1.12836
0.335994 0.0163728 -1.12813
0.344145 0.0176978 -1.12819
0.354629 0.017122 -1.12896
0.364695 0.017215 -1.12985
0.375156 0.0180212 -1.12922
0.38366 0.0160455 -1.1297
0.394079 0.0188044 -1.1294
0.407437 0.0152281 -1.12619
0.414971 0.0149016 -1.12307
0.42461 0.014613 -1.12305
0.435346 0.0149661 -1.12321
0.44307 0.0158041 -1.12542
0.13976 0.021658 -1.1206
0.14147 0.02165 -1.1202
0.16649 0.0226502 -1.12122
0.17988 0.022193 -1.12045
0.18631 0.0231343 -1.12133
0.193931 0.0227639 -1.12132
0.204037 0.0231104 -1.12188
0.217001 0.0234018 -1.12138
0.226937 0.0224183 -1.12238
0.235377 0.0223919 -1.12321
0.245081 0.0235843 -1.12252
0.255477 0.0233599 -1.12276
0.265443 0.0235138 -1.12276
0.2755 0.0243888 -1.1225
0.285248 0.0242998 -1.12283
0.295321 0.0248786 -1.12334
0.305339 0.0247647 -1.1239
0.31533 0.0251579 -1.124
0.32531 0.0249419 -1.1251
0.334919 0.0251113 -1.12546
0.345077 0.024963 -1.12563
0.355046 0.0253046 -1.12598
0.364512 0.0258244 -1.12721
0.375219 0.0255805 -1.12791
0.385229 0.0255765 -1.12745
0.39562 0.0261537 -1.12843
0.404703 0.0248883 -1.12523
0.414278 0.0220606 -1.12104
0.426011 0.022432 -1.12026
0.435804 0.021826 -1.12147
0.443997 0.0231708 -1.12327
0.26778 0.0311882 -1.12154
0.27598 0.032737 -1.121
0.287495 0.0327235 -1.12025
0.297604 0.0318526 -1.12134
0.306538 0.0327726 -1.12184
0.316366 0.0338815 -1.12131
0.326359 0.0331218 -1.12174
0.334512 0.0331155 -1.12204
0.345441 0.033204 -1.12199
0.354965 0.0344235 -1.12275
0.364707 0.0345847 -1.12267
0.374662 0.034525 -1.12178
0.385134 0.0349321 -1.12385
0.394708 0.0350797 -1.1234
0.403118 0.0344898 -1.12416
0.35385 0.040613 -1.1216
0.37821 0.040556 -1.1201
0.383676 0.0410699 -1.12073
0.395423 0.040952 -1.12047
0.401838 0.041057 -1.12126
0.47611 0.04737 -1.1219
0.48086 0.061064 -1.1254
-0.76186 0.071498 -1.1292
-0.742685 0.0783885 -1.12225
-0.73652 0.079921 -1.1202
-0.712177 0.0796193 -1.1211
-0.706525 0.0788295 -1.1204
-0.692585 0.079955 -1.12065
-0.68452 0.079968 -1.1208
-0.67438 0.079588 -1.12063
-0.66625 0.079991 -1.1211
-0.645635 0.079966 -1.12085
-0.63002 0.079969 -1.1208
-0.6208 0.079918 -1.1201
-0.613683 0.0795783 -1.12053
-0.607723 0.0788253 -1.1203
-0.59038 0.078818 -1.1202
-0.58822 0.078815 -1.1202
-0.564247 0.079701 -1.12095
-0.558355 0.0794855 -1.1218
-0.5462 0.079183 -1.1203
-0.532355 0.079469 -1.12165
-0.52158 0.078829 -1.1204
-0.51546 0.078822 -1.12025
-0.502585 0.0799605 -1.12075
-0.495545 0.079679 -1.12065
-0.476038 0.0791284 -1.12146
-0.46989 0.079964 -1.1208
-0.45367 0.0792055 -1.12178
-0.44281 0.079988 -1.1211
-0.43326 0.079998 -1.1212
-0.425012 0.0796947 -1.12088
-0.41866 0.078265 -1.12045
-0.40817 0.078812 -1.1201
-0.38501 0.0788675 -1.12095
-0.37106 0.078856 -1.1208
-0.366552 0.0791494 -1.12178
-0.356028 0.0794078 -1.1223
-0.342425 0.0786847 -1.1211
-0.338267 0.0781463 -1.1215
-0.325608 0.0791868 -1.12152
-0.314768 0.0789044 -1.12144
-0.302643 0.0792153 -1.12063
-0.294892 0.0787917 -1.12132
-0.285175 0.0777325 -1.12095
-0.275143 0.079354 -1.1226
-0.264328 0.0785004 -1.12216
-0.255814 0.07873 -1.12087
-0.24552 0.0785529 -1.12114
-0.235144 0.0787978 -1.12201
-0.223623 0.0791982 -1.12298
-0.213942 0.0779963 -1.12141
-0.204702 0.0791562 -1.12238
-0.195804 0.0779514 -1.1224
-0.186695 0.078516 -1.12142
-0.175307 0.0790032 -1.12283
-0.165173 0.0788168 -1.12206
-0.155367 0.0788893 -1.12127
-0.14508 0.0791442 -1.12168
-0.13562 0.078911 -1.12153
-0.127877 0.079594 -1.12077
-0.114752 0.0779578 -1.12168
-0.102666 0.0786137 -1.12203
-0.0956594 0.0791072 -1.12128
-0.0852091 0.0790818 -1.12231
-0.0743496 0.0782977 -1.12196
-0.0676787 0.0788002 -1.12187
-0.0517434 0.0779886 -1.12154
-0.0452438 0.07856 -1.12197
-0.0352702 0.0788704 -1.12096
-0.0274302 0.0785883 -1.12237
-0.0123797 0.078636 -1.12165
-0.00625435 0.0786745 -1.12095
0.00537231 0.0783654 -1.1219
0.0161693 0.0784533 -1.12194
0.0253838 0.0787234 -1.1221
0.0353766 0.0784547 -1.12325
0.0447437 0.0778651 -1.12321
0.053789 0.078663 -1.12207
0.064811 0.0785382 -1.12163
0.0752865 0.078332 -1.1216
0.084582 0.0783021 -1.12476
0.0948372 0.0779397 -1.12318
0.106497 0.078544 -1.12336
0.114387 0.0783495 -1.124
0.125852 0.078748 -1.12534
0.134636 0.0777499 -1.12267
0.144049 0.0782706 -1.12285
0.155543 0.0784449 -1.12304
0.164581 0.0779295 -1.12255
0.174857 0.0786068 -1.12459
0.185898 0.0783855 -1.12495
0.195362 0.0778074 -1.12229
0.204841 0.0782651 -1.12331
0.215465 0.0786239 -1.12335
0.226068 0.0777932 -1.12209
0.23547 0.0784829 -1.12249
0.247161 0.077932 -1.12408
0.254294 0.0780399 -1.12283
0.264588 0.0781363 -1.12363
0.274877 0.0782292 -1.12273
0.28597 0.0777882 -1.12229
0.293963 0.0780901 -1.12325
0.304256 0.0776351 -1.12273
0.314892 0.0784545 -1.12325
0.324966 0.0781197 -1.12396
0.33512 0.077745 -1.123
0.346164 0.0779923 -1.12362
0.355657 0.0776635 -1.12361
0.364765 0.0775442 -1.12386
0.374913 0.0781236 -1.12403
0.385218 0.0784222 -1.12409
0.395364 0.0780217 -1.12385
0.404993 0.0783699 -1.12425
0.414667 0.0781401 -1.12327
0.424662 0.0786729 -1.12465
0.435441 0.078116 -1.12333
0.445094 0.0778561 -1.12324
0.45238 0.0774248 -1.12247
0.46063 0.073274 -1.1214
-0.740925 0.081885 -1.1249
-0.734801 0.0830018 -1.12528
-0.724643 0.0839005 -1.12565
-0.71553 0.0837997 -1.12631
-0.705957 0.0825811 -1.12496
-0.693929 0.0829641 -1.12532
-0.684236 0.0828736 -1.12522
-0.674677 0.0828794 -1.12543
-0.664593 0.0830059 -1.12492
-0.654604 0.0833403 -1.12693
-0.644747 0.0832626 -1.12657
-0.635045 0.0830697 -1.12628
-0.624623 0.083156 -1.12541
-0.615786 0.0827252 -1.12467
-0.604518 0.0833621 -1.1251
-0.5952 0.0828657 -1.12557
-0.585663 0.0825449 -1.12542
-0.573953 0.0829701 -1.12497
-0.564757 0.0824292 -1.12379
-0.555089 0.0826759 -1.1265
-0.544617 0.0828827 -1.12494
-0.53486 0.0827505 -1.12588
-0.524495 0.0826506 -1.12548
-0.515028 0.082697 -1.12579
-0.504913 0.0831121 -1.12571
-0.495135 0.0833446 -1.12692
-0.484708 0.0828186 -1.12646
-0.475246 0.0825186 -1.12503
-0.464633 0.0825118 -1.12588
-0.455461 0.0830869 -1.1261
-0.444771 0.0826051 -1.12619
-0.435301 0.0825119 -1.12571
-0.425703 0.0825885 -1.12604
-0.41468 0.0832505 -1.12638
-0.405321 0.0825252 -1.1252
-0.395356 0.0822673 -1.12577
-0.385512 0.0822434 -1.12508
-0.375108 0.0823609 -1.12505
-0.364983 0.0823076 -1.12557
-0.354486 0.0821196 -1.12523
-0.345067 0.0820189 -1.12511
-0.334888 0.0831397 -1.12595
-0.325225 0.0829919 -1.12742
-0.315724 0.082416 -1.12672
-0.30402 0.0816702 -1.12593
-0.295229 0.0825345 -1.12537
-0.285573 0.0824538 -1.12683
-0.275757 0.0819379 -1.12638
-0.265283 0.0826655 -1.12605
-0.254394 0.0821188 -1.12673
-0.244346 0.0820197 -1.12564
-0.235901 0.0820693 -1.12647
-0.224654 0.0823343 -1.12601
-0.215415 0.0820433 -1.12574
-0.206086 0.0820983 -1.12687
-0.194098 0.0816834 -1.12571
-0.185011 0.0814991 -1.1271
-0.175519 0.0819498 -1.12602
-0.164214 0.0823548 -1.12572
-0.15515 0.0819985 -1.12654
-0.145726 0.0816903 -1.12591
-0.134819 0.0818681 -1.1249
-0.125771 0.0825081 -1.12576
-0.115854 0.0814279 -1.12601
-0.104829 0.0820761 -1.12627
-0.0935791 0.0820713 -1.12739
-0.08444 0.0816101 -1.12714
-0.0754749 0.0818316 -1.12722
-0.0651231 0.0818907 -1.12529
-0.0538726 0.0813603 -1.12512
-0.0456119 0.0812935 -1.12535
-0.0353097 0.0812593 -1.12575
-0.0258263 0.0816565 -1.12686
-0.0154909 0.0819099 -1.12667
-0.00491455 0.0813219 -1.12678
0.00506405 0.081755 -1.12702
0.0135601 0.0817271 -1.12675
0.0242711 0.0815016 -1.12706
0.0360748 0.0812232 -1.12579
0.0453321 0.0817036 -1.12702
0.0540125 0.0814967 -1.12697
0.065413 0.0812452 -1.12572
0.0756299 0.0816327 -1.12758
0.0857168 0.0814832 -1.12684
0.0952106 0.0814345 -1.12616
0.105039 0.0810548 -1.12722
0.115268 0.0809106 -1.12717
0.125525 0.0814341 -1.12615
0.134872 0.0818289 -1.12707
0.144662 0.0818644 -1.12728
0.154376 0.0810325 -1.1261
0.163784 0.0817424 -1.12679
0.176124 0.0813054 -1.12691
0.186291 0.0817703 -1.12826
0.195449 0.0810706 -1.12717
0.204765 0.0813107 -1.1275
0.216325 0.0811007 -1.12758
0.225584 0.0817476 -1.12762
0.234935 0.0812036 -1.12645
0.245184 0.0816191 -1.12739
0.255307 0.0813339 -1.12572
0.265007 0.0815624 -1.12679
0.274316 0.0808823 -1.12711
0.284717 0.0811361 -1.12755
0.29463 0.0813 -1.12888
0.306099 0.0812728 -1.12847
0.314987 0.0807607 -1.12761
0.325736 0.0809871 -1.12686
0.3351 0.0811759 -1.12826
0.34463 0.0812122 -1.12861
0.355663 0.0810702 -1.12872
0.36533 0.0808452 -1.12879
0.373878 0.0806565 -1.12795
0.385886 0.0810739 -1.12875
0.395087 0.0808346 -1.1273
0.405561 0.0807883 -1.12664
0.414616 0.0810572 -1.12744
0.425797 0.0811081 -1.12924
0.434451 0.0809864 -1.12861
0.44633 0.0808526 -1.12755
0.45228 0.0811593 -1.12743
-0.843874 -0.643096 -1.11499
-0.88831 -0.61516 -1.1183
-0.874825 -0.604805 -1.1138
-0.867065 -0.596535 -1.1126
-0.86174 -0.58951 -1.1171
-0.85446 -0.5792 -1.1198
-0.712065 -0.112658 -1.11873
-0.705558 -0.113481 -1.11896
-0.695588 -0.113813 -1.11902
-0.685235 -0.111152 -1.1187
-0.72116 -0.10164 -1.1184
-0.713795 -0.104753 -1.11671
-0.705211 -0.105432 -1.11632
-0.695465 -0.104853 -1.11585
-0.685203 -0.105185 -1.11699
-0.67956 -0.10048 -1.1186
-0.72458 -0.0944173 -1.11683
-0.714843 -0.0965308 -1.11256
-0.704708 -0.0964091 -1.11119
-0.69585 -0.0956172 -1.11258
-0.684313 -0.095656 -1.11278
-0.678571 -0.0948444 -1.11526
-0.723967 -0.085768 -1.11157
-0.69268 -0.08859 -1.1105
-0.682617 -0.0857663 -1.11301
-0.678454 -0.0853995 -1.11413
-0.73402 -0.0758945 -1.1185
-0.729085 -0.0754665 -1.11275
-0.68107 -0.0756507 -1.11536
-0.67874 -0.0754852 -1.11568
-0.733575 -0.063759 -1.11295
-0.680861 -0.0640422 -1.11544
-0.67783 -0.0655365 -1.11507
-0.66538 -0.061543 -1.11295
-0.653629 -0.062881 -1.11545
-0.647186 -0.0653858 -1.11536
-0.734175 -0.054761 -1.11065
-0.68094 -0.0544666 -1.11524
-0.677211 -0.054122 -1.11566
-0.665757 -0.0544503 -1.11503
-0.657068 -0.0582437 -1.11499
-0.681623 -0.0458216 -1.11507
-0.675542 -0.0459351 -1.11629
-0.680759 -0.0349282 -1.11548
-0.679752 -0.0356486 -1.11514
-0.65002 -0.033193 -1.119
-0.64635 -0.032017 -1.1165
-0.746475 -0.024771 -1.11555
-0.67581 -0.0297422 -1.1145
-0.64622 -0.028609 -1.11435
-0.38177 -0.0209795 -1.1109
-0.352905 -0.0207645 -1.11375
-0.352145 -0.0196805 -1.11085
-0.345125 -0.0196945 -1.11165
-0.314703 -0.015559 -1.11047
-0.30814 -0.018573 -1.1102
-0.297503 -0.017728 -1.11186
-0.281978 -0.0168948 -1.11145
-0.275216 -0.0174714 -1.11088
-0.265091 -0.0162752 -1.11237
-0.254301 -0.0157807 -1.11189
-0.245913 -0.0155386 -1.11302
-0.234265 -0.0148957 -1.11363
-0.225823 -0.0137833 -1.11153
-0.215847 -0.0144325 -1.11188
-0.20491 -0.0132621 -1.11305
-0.19462 -0.0138923 -1.11415
-0.185246 -0.013365 -1.11467
-0.174563 -0.0135625 -1.11532
-0.16448 -0.0129832 -1.11341
-0.155197 -0.0132533 -1.11532
-0.145345 -0.0124504 -1.1157
-0.134957 -0.0125051 -1.11591
-0.125697 -0.0129877 -1.11642
-0.11481 -0.0122013 -1.11722
-0.105012 -0.0123902 -1.11527
-0.0943371 -0.0120112 -1.11758
-0.0861351 -0.0122301 -1.11725
-0.0752275 -0.0120717 -1.11688
-0.0635635 -0.012187 -1.1166
-0.0566634 -0.011997 -1.11625
-0.046646 -0.0130683 -1.11403
-0.033853 -0.011999 -1.119
-0.020297 -0.011977 -1.117
-0.017987 -0.011943 -1.1138
-0.0021533 -0.011993 -1.1184
0.00401487 -0.010961 -1.1198
0.03508 -0.0109543 -1.11913
0.043602 -0.010943 -1.1179
-0.243884 -0.00939586 -1.11076
-0.23497 -0.00751613 -1.11127
-0.223728 -0.0088963 -1.11095
-0.216098 -0.00656217 -1.11177
-0.202757 -0.00704886 -1.11171
-0.194888 -0.0054967 -1.11103
-0.183379 -0.00748666 -1.11165
-0.174804 -0.00595383 -1.11308
-0.165981 -0.00544585 -1.11244
-0.15546 -0.00605303 -1.11353
-0.145451 -0.00643765 -1.11378
-0.134841 -0.00585252 -1.11336
-0.125215 -0.00571131 -1.11457
-0.114763 -0.00531066 -1.11375
-0.104504 -0.0049987 -1.11498
-0.0943097 -0.00497593 -1.11534
-0.0847109 -0.0051063 -1.11555
-0.0748169 -0.00475932 -1.11543
-0.0657475 -0.00490716 -1.11604
-0.0554595 -0.00495956 -1.11653
-0.0455603 -0.00450299 -1.11748
-0.0352185 -0.00361772 -1.11638
-0.0251938 -0.00445727 -1.11757
-0.015085 -0.00376251 -1.11792
-0.0049885 -0.0029323 -1.11824
0.00429884 -0.00261972 -1.11805
0.0155757 -0.00239808 -1.1186
0.0243955 -0.00273379 -1.11865
0.0382013 -0.00384443 -1.11975
0.0431706 -0.00550874 -1.11804
0.052264 -0.0096806 -1.1177
0.064826 -0.0029978 -1.1198
0.072586 -0.00528301 -1.11895
0.0863457 -0.00747254 -1.1172
0.090553 -0.0096673 -1.1161
0.10194 -0.00087272 -1.12
0.3084 -0.0052538 -1.1161
-0.17321 0.0014442 -1.1101
-0.167186 0.000782402 -1.11134
-0.154357 0.00257916 -1.1111
-0.146164 0.00411391 -1.11198
-0.133552 0.00370974 -1.11171
-0.125747 0.00445659 -1.11206
-0.116228 0.00354962 -1.11237
-0.103 0.00291398 -1.11252
-0.0955107 0.00371411 -1.11189
-0.0841304 0.00336107 -1.11311
-0.0749303 0.00415173 -1.11359
-0.0658717 0.00415915 -1.11247
-0.0552036 0.00446039 -1.11412
-0.0457273 0.00379543 -1.11349
-0.0347914 0.00476679 -1.11571
-0.024758 0.00440236 -1.1138
-0.0141654 0.00471536 -1.11543
-0.00484255 0.0046858 -1.11519
0.00471274 0.00527946 -1.11588
0.0144744 0.00539122 -1.11702
0.0255576 0.00524534 -1.11653
0.0348501 0.00613933 -1.11703
0.0443782 0.00516237 -1.11687
0.055579 0.00573635 -1.11795
0.0640308 0.00637485 -1.11704
0.0737665 0.00669761 -1.11805
0.0853327 0.00540817 -1.11808
0.0931368 0.00574438 -1.1187
0.105089 0.00632809 -1.11911
0.114856 0.00700959 -1.11896
0.12208 0.00701775 -1.11825
0.136495 0.0091119 -1.1185
-0.122403 0.0103353 -1.111
-0.076716 0.0119805 -1.1118
-0.0636897 0.011025 -1.11059
-0.0544967 0.0121642 -1.11184
-0.0450458 0.0136935 -1.11181
-0.0372838 0.0125878 -1.1119
-0.0237027 0.0131862 -1.11154
-0.0146442 0.0133619 -1.11159
-0.00416423 0.0142713 -1.113
0.00430008 0.0134876 -1.11307
0.0148168 0.014324 -1.1137
0.024961 0.0141416 -1.11308
0.0350748 0.0141807 -1.11366
0.0449737 0.0144147 -1.11363
0.0547384 0.0141844 -1.11436
0.0646968 0.0146925 -1.11531
0.0752538 0.0149569 -1.11612
0.0849285 0.0148127 -1.11588
0.0947578 0.015198 -1.11566
0.104639 0.0154623 -1.11638
0.115138 0.0148812 -1.11705
0.124811 0.0154102 -1.11624
0.135008 0.0161115 -1.11741
0.145179 0.0162152 -1.11771
0.15587 0.0153522 -1.11845
0.165507 0.0157464 -1.11836
0.174868 0.0171152 -1.11879
0.184311 0.0177886 -1.11894
0.193945 0.0168198 -1.11852
0.206741 0.0181026 -1.11893
0.213 0.018727 -1.11927
0.22235 0.015343 -1.1191
0.234695 0.019415 -1.11915
0.40965 0.015383 -1.11945
0.41833 0.019419 -1.1194
0.425196 0.0175656 -1.11916
-0.020768 0.025816 -1.1108
-0.01523 0.0233608 -1.11085
-0.0008563 0.0240117 -1.11107
0.00483871 0.0229139 -1.11106
0.0264508 0.0231989 -1.11133
0.03294 0.0227758 -1.11074
0.0456849 0.0226435 -1.11196
0.0578178 0.0233998 -1.11098
0.0640567 0.0226574 -1.11205
0.0756392 0.0235518 -1.11221
0.0855349 0.023644 -1.1125
0.0947305 0.0243331 -1.11314
0.105039 0.0242164 -1.11294
0.114855 0.0237537 -1.11339
0.124506 0.0242498 -1.11387
0.134702 0.0246203 -1.11414
0.145362 0.0245788 -1.11551
0.155232 0.0248979 -1.11517
0.165171 0.0253664 -1.11665
0.174672 0.024995 -1.1163
0.184748 0.0249474 -1.117
0.194705 0.0254018 -1.1162
0.205581 0.0254118 -1.11724
0.214295 0.0255736 -1.11711
0.224311 0.0259239 -1.11769
0.234821 0.0262697 -1.11817
0.244831 0.0274409 -1.11891
0.253345 0.0271976 -1.11748
0.264003 0.0281293 -1.11852
0.274127 0.027631 -1.11927
0.283117 0.0277354 -1.11819
0.291945 0.029347 -1.11915
0.303015 0.0287975 -1.1195
0.312885 0.0254625 -1.11935
0.407746 0.0267721 -1.11766
0.414667 0.0255943 -1.11628
0.424457 0.0253858 -1.117
0.434788 0.0257148 -1.11757
0.441465 0.0263533 -1.11793
0.015034 0.031311 -1.1102
0.0625105 0.033557 -1.11055
0.0791795 0.033015 -1.1112
0.081466 0.033195 -1.11097
0.0958678 0.0313493 -1.1114
0.105567 0.0310349 -1.11141
0.114722 0.0311655 -1.11147
0.123965 0.0328707 -1.11145
0.134468 0.0324739 -1.11158
0.14532 0.0326749 -1.1112
0.155609 0.0330282 -1.11237
0.165351 0.0329417 -1.11239
0.174652 0.0331336 -1.11343
0.185069 0.0334012 -1.11321
0.194871 0.0338058 -1.11321
0.205142 0.0338493 -1.11376
0.215015 0.0342461 -1.11479
0.224389 0.0340552 -1.11425
0.234906 0.0345413 -1.11554
0.245019 0.0343806 -1.1155
0.255286 0.0346542 -1.11567
0.264846 0.0354877 -1.1163
0.275024 0.0347717 -1.11673
0.28498 0.0350278 -1.11664
0.294738 0.035481 -1.11736
0.304685 0.0355185 -1.11742
0.314759 0.0353679 -1.11766
0.324017 0.0361189 -1.11788
0.335622 0.0367748 -1.11891
0.344074 0.0369619 -1.1184
0.35539 0.0373143 -1.1193
0.366652 0.0382486 -1.11882
0.373307 0.0371649 -1.11939
0.39648 0.037993 -1.11948
0.406231 0.0348741 -1.11523
0.415151 0.0338718 -1.11337
0.424983 0.0338735 -1.11271
0.43489 0.03474 -1.11332
0.442934 0.0348095 -1.11567
0.29405 0.0403084 -1.11322
0.30448 0.040274 -1.11227
0.315036 0.0402684 -1.1121
0.325292 0.040371 -1.11495
0.335833 0.0405932 -1.11585
0.344785 0.0409521 -1.11531
0.355413 0.0409956 -1.11646
0.36553 0.0410394 -1.11769
0.374174 0.0413211 -1.11769
0.385958 0.0419298 -1.11638
0.393698 0.0418634 -1.11796
0.404578 0.0417513 -1.11617
0.425775 0.0414082 -1.11228
0.43555 0.0417467 -1.1114
0.44111 0.041404 -1.1121
0.46717 0.044795 -1.1145
-0.76596 0.057109 -1.1139
-0.75915 0.0651 -1.1181
0.17672 0.069155 -1.11055
0.39951 0.069136 -1.1103
0.40258 0.069248 -1.1121
0.45908 0.06804 -1.111
0.464025 0.0683295 -1.1157
-0.74476 0.073351 -1.11455
-0.7331 0.0781247 -1.11587
-0.724563 0.0777765 -1.11471
-0.715425 0.0777679 -1.11564
-0.704766 0.0765116 -1.11335
-0.694357 0.0775045 -1.11487
-0.684881 0.0766975 -1.11431
-0.674388 0.0770532 -1.11415
-0.66421 0.0773332 -1.11557
-0.654018 0.0773977 -1.11471
-0.644828 0.07708 -1.11456
-0.634751 0.0778179 -1.11611
-0.624275 0.0777255 -1.11417
-0.614986 0.0766868 -1.11468
-0.6053 0.0769533 -1.11469
-0.594375 0.0776023 -1.11489
-0.584211 0.0767695 -1.11471
-0.57538 0.0774303 -1.11508
-0.565795 0.0771904 -1.11444
-0.554742 0.0764955 -1.11341
-0.546056 0.0770932 -1.11489
-0.535099 0.0776697 -1.11587
-0.524574 0.0770136 -1.11499
-0.515078 0.0764065 -1.1143
-0.504961 0.0769791 -1.11485
-0.494647 0.0770073 -1.1152
-0.484439 0.077359 -1.11537
-0.47416 0.076721 -1.11585
-0.46524 0.0769312 -1.11497
-0.455618 0.0766473 -1.11449
-0.445596 0.0771317 -1.11544
-0.434844 0.0767502 -1.11387
-0.424191 0.0765522 -1.11429
-0.415435 0.077101 -1.11558
-0.405259 0.0768666 -1.1155
-0.394735 0.076747 -1.11539
-0.384911 0.0756579 -1.11353
-0.375426 0.0770877 -1.11542
-0.365176 0.0755329 -1.11474
-0.354488 0.0762012 -1.11391
-0.345281 0.0758291 -1.11339
-0.335255 0.0760502 -1.11525
-0.324988 0.0751491 -1.11415
-0.315385 0.0764829 -1.11451
-0.30544 0.0760963 -1.11488
-0.29484 0.0753418 -1.1144
-0.284579 0.0762338 -1.11569
-0.274466 0.0754158 -1.11356
-0.2654 0.0755874 -1.11459
-0.255111 0.0756187 -1.1151
-0.24494 0.0759332 -1.11578
-0.235747 0.0759683 -1.11549
-0.225159 0.076322 -1.11495
-0.215229 0.0764907 -1.11621
-0.204572 0.0749426 -1.11366
-0.194967 0.0759832 -1.11595
-0.184428 0.0760002 -1.1151
-0.175447 0.0759061 -1.11523
-0.163502 0.0753452 -1.1146
-0.154902 0.0757316 -1.11474
-0.145121 0.0755214 -1.11519
-0.13516 0.075525 -1.1148
-0.12531 0.0764546 -1.11611
-0.114813 0.0759303 -1.11576
-0.105542 0.0753957 -1.11494
-0.0943537 0.0767233 -1.11563
-0.084535 0.0752539 -1.11603
-0.0756879 0.0760149 -1.11463
-0.065032 0.0754493 -1.11482
-0.0560966 0.0762002 -1.11607
-0.044606 0.0750317 -1.11407
-0.0355587 0.0753149 -1.11542
-0.0235284 0.07549 -1.11524
-0.0155662 0.0759355 -1.11595
-0.00444133 0.0749158 -1.1142
0.00426575 0.0754626 -1.11519
0.0151012 0.0745404 -1.11406
0.0245131 0.0750077 -1.11581
0.0354844 0.0747135 -1.11366
0.0455671 0.0746784 -1.11558
0.0560895 0.0754082 -1.11626
0.0650667 0.0752566 -1.11478
0.0747585 0.0752157 -1.11603
0.084816 0.075237 -1.11613
0.0948735 0.073646 -1.11397
0.104056 0.074609 -1.11503
0.116182 0.075071 -1.11538
0.124529 0.0742024 -1.1144
0.134844 0.0743229 -1.11508
0.146133 0.0749258 -1.1162
0.155138 0.074319 -1.1143
0.164991 0.0739419 -1.11474
0.174842 0.0740951 -1.11538
0.184888 0.0743939 -1.11602
0.194646 0.0735467 -1.11402
0.204731 0.074091 -1.11511
0.216105 0.0740365 -1.11616
0.225486 0.0744314 -1.116
0.234905 0.0752216 -1.11609
0.244302 0.0741784 -1.11508
0.254643 0.0734178 -1.1138
0.265133 0.0741862 -1.11576
0.275681 0.0742721 -1.1147
0.285534 0.0749067 -1.11639
0.295154 0.0738893 -1.11496
0.305688 0.0736496 -1.11486
0.313961 0.0736828 -1.11447
0.325247 0.0737876 -1.115
0.33594 0.0739968 -1.11543
0.345224 0.0734072 -1.11575
0.35494 0.0733416 -1.11503
0.364801 0.0733607 -1.11408
0.374718 0.0737062 -1.11511
0.384586 0.0736766 -1.11535
0.394938 0.0730977 -1.11411
0.405057 0.0739921 -1.11541
0.414737 0.0740994 -1.11564
0.424727 0.0740962 -1.11521
0.436073 0.0741259 -1.11498
0.445214 0.0745002 -1.11658
0.452966 0.0738084 -1.11573
-0.72191 0.08098 -1.12
-0.717735 0.080915 -1.1191
-0.70014 0.080942 -1.1195
-0.695485 0.08081 -1.11765
-0.68401 0.080974 -1.1199
-0.67461 0.080957 -1.1197
-0.663635 0.080876 -1.11855
-0.655055 0.08094 -1.1194
-0.62516 0.08098 -1.12
-0.605025 0.080769 -1.11705
-0.577 0.0809 -1.1189
-0.56457 0.080933 -1.1193
-0.486255 0.0809605 -1.1197
-0.45376 0.080926 -1.1192
-0.17937 0.080959 -1.1197
-0.038791 0.082021 -1.1193
0.41253 0.32088 -1.119
-0.83919 -0.64019 -1.109
-0.84117 -0.63954 -1.1079
-0.83502 -0.63803 -1.1079
-0.87916 -0.60955 -1.1064
-0.713855 -0.0925782 -1.10844
-0.70543 -0.0924264 -1.10862
-0.691677 -0.0910437 -1.1074
-0.688853 -0.093184 -1.10897
-0.721753 -0.084836 -1.1082
-0.714557 -0.0846997 -1.10528
-0.704833 -0.085012 -1.10529
-0.69532 -0.08489 -1.10562
-0.685765 -0.0841138 -1.10575
-0.67902 -0.0832197 -1.1075
-0.723 -0.0767233 -1.1033
-0.716268 -0.0766053 -1.10105
-0.705064 -0.0781769 -1.10146
-0.695114 -0.0777509 -1.10151
-0.682993 -0.076829 -1.1026
-0.678029 -0.0741881 -1.10543
-0.72723 -0.065031 -1.1069
-0.68078 -0.0628575 -1.10605
-0.678966 -0.0654612 -1.10442
-0.661477 -0.0622577 -1.10887
-0.656726 -0.0621365 -1.10828
-0.68096 -0.0545136 -1.10487
-0.679103 -0.0560893 -1.1045
-0.661635 -0.0590125 -1.10862
-0.65847 -0.059033 -1.10905
-0.733125 -0.0444965 -1.104
-0.680794 -0.044273 -1.10538
-0.679381 -0.04568 -1.1043
-0.682038 -0.0360976 -1.1046
-0.678967 -0.035031 -1.10428
-0.740935 -0.0250375 -1.10545
-0.678127 -0.0294873 -1.10493
-0.653428 -0.0283792 -1.1054
-0.64234 -0.028282 -1.1016
-0.532723 -0.0227663 -1.1008
-0.51161 -0.023915 -1.10215
-0.50734 -0.0233548 -1.10263
-0.497728 -0.0233427 -1.10205
-0.48885 -0.023911 -1.1019
-0.475915 -0.0215945 -1.1012
-0.46005 -0.02278 -1.1025
-0.456346 -0.0218794 -1.10288
-0.444228 -0.0218826 -1.10306
-0.432703 -0.0216652 -1.10397
-0.42577 -0.0211529 -1.10121
-0.417307 -0.0210213 -1.10304
-0.405816 -0.0211429 -1.10233
-0.394937 -0.0208018 -1.10622
-0.385183 -0.0210828 -1.10231
-0.375536 -0.0210571 -1.10497
-0.366522 -0.0205795 -1.10382
-0.3541 -0.020595 -1.1046
-0.347077 -0.020671 -1.10873
-0.49053 -0.019512 -1.1013
-0.48809 -0.019491 -1.1002
-0.46408 -0.018088 -1.10143
-0.456203 -0.0180783 -1.10083
-0.447438 -0.0168328 -1.1005
-0.435175 -0.0182413 -1.10122
-0.423697 -0.0169709 -1.10176
-0.414434 -0.0171555 -1.10125
-0.406718 -0.0173445 -1.10187
-0.39461 -0.0164576 -1.10304
-0.383927 -0.0162824 -1.1022
-0.375808 -0.0162516 -1.10297
-0.364386 -0.0163216 -1.10383
-0.354977 -0.0153273 -1.10311
-0.345082 -0.0151487 -1.10473
-0.334931 -0.0155754 -1.10449
-0.325082 -0.0151657 -1.10399
-0.315287 -0.0151918 -1.10572
-0.304876 -0.0149319 -1.1059
-0.294794 -0.0141959 -1.10634
-0.285418 -0.0145428 -1.10583
-0.275106 -0.0139101 -1.10689
-0.265263 -0.0137503 -1.10767
-0.254971 -0.013389 -1.10647
-0.244607 -0.0134592 -1.10728
-0.236665 -0.0133543 -1.10737
-0.224578 -0.0132583 -1.10843
-0.214113 -0.0126239 -1.10786
-0.206462 -0.0138902 -1.10838
-0.196738 -0.0126375 -1.10687
-0.184227 -0.0147827 -1.10637
-0.179505 -0.0127297 -1.109
-0.16469 -0.0118985 -1.10965
-0.15191 -0.01085 -1.10845
-0.1458 -0.015106 -1.1047
-0.11728 -0.0141787 -1.10877
-0.10038 -0.014092 -1.102
-0.0558635 -0.012952 -1.10415
-0.44019 -0.0074429 -1.1005
-0.392343 -0.00900983 -1.10197
-0.388745 -0.0079428 -1.1022
-0.376468 -0.00887028 -1.10136
-0.363091 -0.00590846 -1.10143
-0.354168 -0.00728011 -1.10169
-0.342952 -0.00791117 -1.101
-0.33703 -0.0070534 -1.10243
-0.324812 -0.00547483 -1.10199
-0.31387 -0.00662234 -1.10245
-0.30475 -0.00558453 -1.10302
-0.294511 -0.00583582 -1.10271
-0.284891 -0.0059655 -1.1036
-0.275029 -0.00632758 -1.10441
-0.265186 -0.00502283 -1.10386
-0.255333 -0.00553155 -1.10393
-0.245398 -0.00476781 -1.10453
-0.23495 -0.0051905 -1.1047
-0.224974 -0.00473906 -1.10575
-0.214431 -0.00512471 -1.1062
-0.205125 -0.00491647 -1.10646
-0.195286 -0.00505779 -1.10722
-0.185864 -0.00410503 -1.10628
-0.176462 -0.00389649 -1.10822
-0.165079 -0.00491572 -1.10783
-0.155852 -0.00202461 -1.10883
-0.144996 -0.0028146 -1.10742
-0.136077 -0.00326696 -1.1078
-0.124044 -0.0028571 -1.10912
-0.116733 -0.00372363 -1.10968
-0.1021 -0.0084904 -1.11
-0.0936535 -0.0040919 -1.1088
0.1461 -0.00849 -1.11
-0.34491 0.000884575 -1.1005
-0.322795 0.00033744 -1.10085
-0.31648 0.0048232 -1.1002
-0.29444 0.00473993 -1.10095
-0.286863 0.00435977 -1.1008
-0.274894 0.00325077 -1.10069
-0.264885 0.00112507 -1.10205
-0.253548 0.00450513 -1.10151
-0.245796 0.00372071 -1.10208
-0.234344 0.00337229 -1.10201
-0.224781 0.00439854 -1.10282
-0.215059 0.00343026 -1.10333
-0.205238 0.00424593 -1.10309
-0.195579 0.00471284 -1.1039
-0.185375 0.00453692 -1.10331
-0.175452 0.00478513 -1.10567
-0.16509 0.00482058 -1.10513
-0.155323 0.00504538 -1.10638
-0.144985 0.00479265 -1.10704
-0.135922 0.00538213 -1.10647
-0.12422 0.00493974 -1.10576
-0.114543 0.00487485 -1.1071
-0.10566 0.00589366 -1.10779
-0.0933256 0.00592214 -1.10723
-0.0847613 0.00750468 -1.10768
-0.0748245 0.00659667 -1.10911
-0.0639946 0.00800157 -1.10877
-0.057976 0.00800587 -1.10839
-0.0443404 0.00722017 -1.10865
-0.037105 0.00693945 -1.10793
-0.0267291 0.00760949 -1.10799
-0.0183125 0.00696495 -1.10985
-0.0089349 0.0090429 -1.11
-0.243755 0.011444 -1.10085
-0.223819 0.0116158 -1.10076
-0.219257 0.0121007 -1.1006
-0.203841 0.0138903 -1.10134
-0.195732 0.0117855 -1.10217
-0.184794 0.0136137 -1.10187
-0.176057 0.0134765 -1.10244
-0.164355 0.0135208 -1.10293
-0.154747 0.0144235 -1.10259
-0.144917 0.0134961 -1.10391
-0.134605 0.0145473 -1.10263
-0.124677 0.0145813 -1.10431
-0.114761 0.0146031 -1.1035
-0.104456 0.0145126 -1.10456
-0.094509 0.0146443 -1.1045
-0.084497 0.0146087 -1.10542
-0.0742133 0.01481 -1.10592
-0.0645595 0.015273 -1.10553
-0.0552209 0.0151298 -1.10664
-0.0458192 0.0154632 -1.10704
-0.0348821 0.015338 -1.10672
-0.0258091 0.0153911 -1.10752
-0.015298 0.0164796 -1.10691
-0.00562874 0.0152198 -1.1081
0.00561852 0.0167134 -1.1069
0.0157919 0.0162071 -1.10882
0.0238581 0.0178605 -1.10903
0.0352424 0.0178554 -1.10892
0.0447309 0.018458 -1.10857
0.0527697 0.0177567 -1.10772
0.067808 0.018469 -1.10967
0.070116 0.016906 -1.1096
0.1067 0.019233 -1.1087
-0.19267 0.023396 -1.1001
-0.18087 0.021794 -1.1002
-0.178673 0.021627 -1.1007
-0.16079 0.022356 -1.1017
-0.155728 0.0215534 -1.10156
-0.133063 0.0225368 -1.10166
-0.123831 0.0215509 -1.10149
-0.11455 0.0241098 -1.10126
-0.103515 0.023509 -1.10262
-0.0948967 0.0237708 -1.10303
-0.0837954 0.0236759 -1.10294
-0.074474 0.0243828 -1.10261
-0.0642939 0.024024 -1.10402
-0.0541219 0.0241634 -1.10342
-0.0449827 0.0242073 -1.10425
-0.0354338 0.0244317 -1.10384
-0.0257238 0.0250953 -1.10388
-0.0155319 0.0248818 -1.10453
-0.00529338 0.0246178 -1.10469
0.00538423 0.0250964 -1.10598
0.01524 0.0248505 -1.10539
0.0250754 0.0252792 -1.10662
0.0350948 0.0247612 -1.10661
0.0445997 0.0255639 -1.10702
0.0540298 0.0251721 -1.10669
0.0658998 0.0264905 -1.10808
0.0740124 0.0259926 -1.10732
0.0843997 0.0264879 -1.1074
0.0963991 0.0263545 -1.10861
0.104117 0.0256025 -1.10882
0.113217 0.0273742 -1.10896
0.124971 0.027719 -1.10848
0.135248 0.0288642 -1.1092
0.143385 0.027166 -1.10955
-0.0734115 0.0308789 -1.1018
-0.0677285 0.031043 -1.1007
-0.04363 0.0315414 -1.10272
-0.0382423 0.031104 -1.1028
-0.0238873 0.0316973 -1.10154
-0.015089 0.0316132 -1.10131
-0.00496401 0.0315282 -1.10274
0.00336946 0.0313441 -1.10333
0.0159464 0.0317828 -1.10489
0.025578 0.0318683 -1.10458
0.0355801 0.031222 -1.10454
0.0449516 0.0324545 -1.10396
0.054872 0.0321345 -1.10416
0.0654394 0.032224 -1.10582
0.0744183 0.0322533 -1.10579
0.0853794 0.0327015 -1.1064
0.0951302 0.0330136 -1.10656
0.105479 0.033383 -1.1075
0.115228 0.0333875 -1.10793
0.125581 0.0332002 -1.10729
0.135366 0.0338488 -1.10761
0.144495 0.0346157 -1.1072
0.154899 0.0342864 -1.10741
0.164041 0.0347158 -1.10836
0.177308 0.0360731 -1.10747
0.186036 0.0364658 -1.10777
0.197092 0.037438 -1.10828
0.205628 0.035983 -1.10875
0.224782 0.038798 -1.10316
0.232243 0.037837 -1.1068
0.243852 0.038472 -1.10938
0.25356 0.039034 -1.1099
0.2648 0.039882 -1.10145
0.275954 0.0399366 -1.10294
0.282775 0.0399415 -1.1031
0.40935 0.039038 -1.11
0.416218 0.0383457 -1.10913
0.42431 0.0379303 -1.10967
0.43282 0.039009 -1.10917
0.29462 0.040042 -1.1059
0.304865 0.040164 -1.10925
0.314807 0.0409767 -1.10067
0.324885 0.041128 -1.10473
0.333437 0.0412553 -1.10813
0.34843 0.042089 -1.1009
0.355572 0.042172 -1.1031
0.366365 0.0422933 -1.10625
0.3762 0.0423307 -1.10723
0.40735 0.0413884 -1.10816
0.414562 0.0411393 -1.10755
0.425244 0.0414852 -1.10723
0.435098 0.0419126 -1.10629
0.44187 0.0407632 -1.10714
0.45697 0.044244 -1.1008
0.462607 0.0466263 -1.1039
-0.75859 0.055491 -1.1032
0.46501 0.0581595 -1.10235
0.47074 0.056827 -1.1084
-0.74849 0.064396 -1.106
-0.737315 0.069761 -1.10175
-0.7137 0.069448 -1.10135
-0.70017 0.069736 -1.1013
-0.694198 0.0695616 -1.10224
-0.68149 0.069722 -1.1011
-0.676255 0.068057 -1.10205
-0.66647 0.069702 -1.1008
-0.653483 0.0693353 -1.10107
-0.646623 0.069317 -1.1008
-0.632163 0.0697333 -1.1013
-0.624675 0.069754 -1.1016
-0.615141 0.0694539 -1.1021
-0.60495 0.0697252 -1.10118
-0.5805 0.068571 -1.1012
-0.57496 0.06911 -1.10055
-0.563138 0.0686546 -1.1024
-0.55299 0.069658 -1.1001
-0.532843 0.0694 -1.1021
-0.52283 0.069698 -1.1007
-0.512517 0.0694617 -1.10307
-0.506203 0.069311 -1.1007
-0.49708 0.06971 -1.1009
-0.485497 0.0697363 -1.10133
-0.47507 0.068314 -1.10062
-0.462844 0.0682866 -1.10105
-0.454714 0.0686101 -1.10169
-0.446247 0.068573 -1.1011
-0.436074 0.0687879 -1.1019
-0.427079 0.0691799 -1.10266
-0.416005 0.0686672 -1.10253
-0.405082 0.068244 -1.10182
-0.393204 0.0693464 -1.10327
-0.386356 0.0686492 -1.10226
-0.374829 0.0685839 -1.10239
-0.365536 0.0690503 -1.10266
-0.354287 0.0681114 -1.10149
-0.34619 0.0692821 -1.10331
-0.335817 0.0683745 -1.10243
-0.324409 0.0685633 -1.10244
-0.316055 0.0690358 -1.10183
-0.303376 0.0691114 -1.10242
-0.293854 0.0694724 -1.1024
-0.285372 0.0691145 -1.10312
-0.275994 0.0692241 -1.10343
-0.265374 0.0693462 -1.10246
-0.255857 0.069312 -1.10276
-0.244942 0.0685199 -1.10204
-0.235152 0.0681707 -1.10242
-0.224699 0.0689664 -1.10186
-0.214494 0.0680508 -1.10235
-0.204784 0.0691492 -1.10221
-0.195384 0.0687165 -1.10231
-0.187274 0.0691739 -1.10257
-0.173569 0.0684666 -1.10272
-0.166248 0.0690276 -1.10342
-0.154207 0.0686503 -1.10237
-0.145808 0.0689623 -1.10276
-0.134552 0.0685353 -1.10203
-0.12516 0.0691088 -1.10305
-0.11446 0.0690885 -1.1025
-0.104868 0.0686419 -1.10223
-0.0952232 0.0687222 -1.10208
-0.0831728 0.068738 -1.10216
-0.0740729 0.0681148 -1.10229
-0.0645219 0.0689396 -1.10293
-0.0552822 0.0682915 -1.10348
-0.0470823 0.0693108 -1.10358
-0.0349922 0.0688816 -1.10323
-0.0254546 0.0681983 -1.10238
-0.01492 0.0689512 -1.10258
-0.00541986 0.0675415 -1.10272
0.00523345 0.0679015 -1.10266
0.0147919 0.0678226 -1.10276
0.0260029 0.068653 -1.10226
0.0359018 0.068229 -1.10307
0.0449165 0.0681716 -1.10268
0.0552713 0.0683526 -1.10362
0.0662992 0.0685122 -1.1022
0.0754163 0.0678028 -1.10323
0.0866662 0.0683963 -1.10445
0.0953989 0.0676742 -1.10302
0.104473 0.0674737 -1.10336
0.11554 0.0681128 -1.10279
0.124627 0.0680643 -1.1037
0.135485 0.0672499 -1.10329
0.14511 0.0685718 -1.10394
0.155158 0.0675266 -1.10344
0.164291 0.0670983 -1.10328
0.176188 0.0673603 -1.10404
0.185068 0.0681902 -1.10413
0.193773 0.0682208 -1.10275
0.205383 0.0674063 -1.10441
0.215559 0.0681142 -1.10443
0.224867 0.0677315 -1.10382
0.235676 0.0678227 -1.10319
0.244983 0.0672559 -1.10384
0.254847 0.0675948 -1.10442
0.265115 0.0677577 -1.10381
0.274452 0.0676974 -1.10301
0.285987 0.0672606 -1.10385
0.294993 0.0676211 -1.10408
0.304357 0.066931 -1.10345
0.31477 0.0676698 -1.10481
0.325548 0.0673287 -1.10384
0.33523 0.0674472 -1.10365
0.345069 0.0676249 -1.10415
0.355562 0.0673977 -1.10451
0.366139 0.0668219 -1.10413
0.375689 0.0670604 -1.10405
0.385194 0.0673654 -1.10511
0.394669 0.0674566 -1.10505
0.405683 0.0673975 -1.10409
0.415563 0.0675717 -1.10325
0.42517 0.0672147 -1.10266
0.434767 0.0671494 -1.10437
0.444651 0.0679548 -1.10494
0.453458 0.067645 -1.10448
0.463408 0.0633655 -1.10705
-0.74286 0.0724567 -1.10927
-0.734102 0.0729807 -1.10609
-0.725219 0.0726623 -1.10481
-0.715102 0.0729069 -1.10548
-0.704675 0.0724625 -1.10511
-0.694616 0.072998 -1.105
-0.685293 0.0720722 -1.10459
-0.675116 0.0726052 -1.10559
-0.665217 0.0730018 -1.10647
-0.654299 0.0732787 -1.10532
-0.645812 0.0724936 -1.10541
-0.635338 0.0727471 -1.1058
-0.624482 0.0730346 -1.10587
-0.615526 0.0726703 -1.10622
-0.605278 0.0717967 -1.10532
-0.594977 0.0732747 -1.10568
-0.585656 0.0724778 -1.10464
-0.574662 0.0725865 -1.10497
-0.564338 0.0724689 -1.10521
-0.555666 0.0725958 -1.10529
-0.545455 0.0726127 -1.10598
-0.53498 0.0734548 -1.10632
-0.525293 0.0728464 -1.10555
-0.515382 0.0723787 -1.10577
-0.504599 0.0724226 -1.10552
-0.494644 0.0722604 -1.10438
-0.484762 0.0723801 -1.10534
-0.475242 0.0728182 -1.10631
-0.464296 0.0725396 -1.10562
-0.454323 0.0724487 -1.10643
-0.444731 0.0725015 -1.10628
-0.434723 0.0729071 -1.10557
-0.424748 0.072244 -1.10592
-0.413807 0.0723699 -1.10659
-0.405721 0.0725164 -1.10694
-0.395904 0.0729293 -1.10716
-0.384358 0.0719568 -1.10579
-0.374186 0.0725753 -1.10736
-0.364668 0.0722331 -1.10731
-0.355672 0.0724462 -1.10721
-0.345001 0.0722734 -1.10649
-0.334239 0.0724584 -1.10706
-0.32491 0.0712434 -1.10699
-0.313976 0.0722947 -1.10587
-0.305874 0.0718953 -1.10731
-0.295642 0.0719524 -1.10598
-0.285734 0.0717341 -1.10781
-0.274744 0.0722111 -1.10666
-0.266228 0.0715348 -1.10806
-0.254478 0.0724251 -1.10573
-0.244984 0.0717234 -1.10659
-0.233467 0.0722848 -1.10675
-0.225889 0.0725403 -1.10715
-0.214352 0.0717781 -1.10759
-0.205471 0.0722627 -1.10645
-0.195407 0.0719214 -1.10665
-0.185768 0.0717109 -1.1055
-0.175077 0.0720581 -1.10714
-0.166612 0.0722235 -1.10567
-0.155113 0.0710991 -1.10596
-0.145428 0.0720718 -1.10701
-0.134811 0.0716921 -1.10676
-0.124382 0.0720088 -1.10667
-0.114559 0.0715841 -1.10553
-0.103531 0.0715701 -1.10827
-0.0949196 0.0723575 -1.10706
-0.0838662 0.0717858 -1.10666
-0.0751626 0.0718659 -1.10699
-0.0648547 0.0714341 -1.10592
-0.0552123 0.0720857 -1.10574
-0.046296 0.0715799 -1.10783
-0.0337799 0.0717785 -1.10693
-0.0263488 0.0718542 -1.10683
-0.0141553 0.0717066 -1.10647
-0.00606497 0.071009 -1.10752
0.00575782 0.0718762 -1.10769
0.0138712 0.0721025 -1.10848
0.0255142 0.0714271 -1.10828
0.0339968 0.0719832 -1.10882
0.0449759 0.0716497 -1.10727
0.0549079 0.0718465 -1.10697
0.0648515 0.0714587 -1.1071
0.0759976 0.0716363 -1.10866
0.0848906 0.0710864 -1.10719
0.0949477 0.0709927 -1.1081
0.107141 0.0715226 -1.10759
0.114589 0.071369 -1.10783
0.124855 0.0716435 -1.10791
0.136106 0.0715739 -1.10835
0.145705 0.0714033 -1.10808
0.154929 0.0712922 -1.10845
0.166054 0.070168 -1.10816
0.175634 0.0708364 -1.10801
0.185408 0.0710634 -1.10753
0.195414 0.0711082 -1.10842
0.207294 0.0718608 -1.10848
0.214935 0.0714358 -1.10755
0.224684 0.0705634 -1.10694
0.23455 0.0707255 -1.1076
0.24381 0.0712169 -1.10706
0.255088 0.0706178 -1.10902
0.265891 0.0711726 -1.10789
0.275725 0.0712893 -1.10748
0.28371 0.0709987 -1.10835
0.294341 0.0712991 -1.10847
0.30346 0.0705713 -1.1083
0.316383 0.0705718 -1.1083
0.324673 0.0707681 -1.10851
0.336198 0.0704744 -1.10924
0.346097 0.070507 -1.10882
0.353967 0.0708733 -1.10889
0.364493 0.0709603 -1.10883
0.375184 0.0701608 -1.10804
0.385023 0.0702105 -1.10882
0.394207 0.0723933 -1.1094
0.405029 0.0704857 -1.10781
0.413666 0.0706612 -1.10846
0.425127 0.0706384 -1.10786
0.433933 0.0711929 -1.10842
0.445433 0.0709604 -1.10896
0.452802 0.0704995 -1.10873
0.408055 0.316115 -1.10875
-0.82467 -0.63004 -1.0941
-0.86886 -0.60314 -1.0931
-0.86385 -0.59707 -1.0976
-0.714357 -0.073684 -1.09767
-0.70522 -0.07401 -1.09776
-0.695042 -0.0731326 -1.09728
-0.686077 -0.0735962 -1.09825
-0.678846 -0.0718262 -1.09816
-0.722467 -0.064244 -1.09775
-0.71447 -0.0655146 -1.09494
-0.704898 -0.0651086 -1.09405
-0.69505 -0.0656063 -1.09379
-0.68427 -0.0650312 -1.09458
-0.678993 -0.0642746 -1.09776
-0.723558 -0.0554072 -1.09505
-0.717091 -0.0566519 -1.09124
-0.70471 -0.0579519 -1.09132
-0.69506 -0.0554684 -1.09139
-0.683396 -0.0563116 -1.09317
-0.679348 -0.0546498 -1.09641
-0.72196 -0.0483955 -1.09142
-0.71356 -0.046684 -1.0904
-0.70696 -0.0489365 -1.091
-0.696695 -0.0477698 -1.09048
-0.68097 -0.0458544 -1.09347
-0.678903 -0.0444176 -1.09441
-0.73122 -0.03469 -1.096
-0.680753 -0.0361283 -1.09614
-0.678995 -0.0334826 -1.09495
-0.73233 -0.029202 -1.0942
-0.68066 -0.029197 -1.0941
-0.678685 -0.02926 -1.09645
-0.663916 -0.027394 -1.09106
-0.656772 -0.0277225 -1.09387
-0.645803 -0.027354 -1.09353
-0.63522 -0.025542 -1.09363
-0.6237 -0.0261763 -1.09239
-0.615581 -0.0248775 -1.09287
-0.604625 -0.0235766 -1.09177
-0.595532 -0.0236326 -1.09231
-0.585497 -0.0240214 -1.09284
-0.574829 -0.0229177 -1.09202
-0.564638 -0.02305 -1.09251
-0.555105 -0.0231193 -1.09398
-0.544865 -0.0233086 -1.0947
-0.535417 -0.0227775 -1.09446
-0.524629 -0.0227845 -1.09363
-0.515453 -0.0223897 -1.09522
-0.504873 -0.0223069 -1.09569
-0.495396 -0.0215284 -1.09616
-0.485967 -0.0221182 -1.09615
-0.475912 -0.0219547 -1.09554
-0.465055 -0.0217039 -1.09613
-0.454933 -0.0212439 -1.09859
-0.445533 -0.0213529 -1.09745
-0.435204 -0.0215514 -1.09731
-0.425193 -0.0215353 -1.0967
-0.414723 -0.0218349 -1.09606
-0.407302 -0.0215204 -1.09564
-0.395457 -0.0213545 -1.09802
-0.38802 -0.021562 -1.0996
-0.357087 -0.020409 -1.09467
-0.63807 -0.019318 -1.0904
-0.58852 -0.0187745 -1.0901
-0.57842 -0.017242 -1.0908
-0.567028 -0.0172871 -1.09103
-0.55542 -0.0174609 -1.09183
-0.545763 -0.0167546 -1.09163
-0.535496 -0.016285 -1.09179
-0.525592 -0.0162635 -1.09279
-0.515481 -0.0154305 -1.09308
-0.504573 -0.0153248 -1.09305
-0.494539 -0.0149461 -1.09312
-0.484579 -0.014896 -1.0938
-0.475318 -0.0152541 -1.09437
-0.465139 -0.015014 -1.09454
-0.454788 -0.0147269 -1.09559
-0.444556 -0.0148555 -1.0959
-0.435296 -0.0146838 -1.09693
-0.426245 -0.0142798 -1.09724
-0.414579 -0.0141034 -1.0964
-0.404422 -0.0138021 -1.09734
-0.396403 -0.0142057 -1.09772
-0.386133 -0.0135123 -1.09822
-0.373931 -0.0116198 -1.09769
-0.366523 -0.0134046 -1.09846
-0.354179 -0.0135841 -1.09915
-0.345396 -0.0124417 -1.09839
-0.333988 -0.0137881 -1.09877
-0.323645 -0.014578 -1.09875
-0.31983 -0.010761 -1.0994
-0.3012 -0.019386 -1.0943
-0.298705 -0.0193955 -1.0948
-0.272315 -0.018352 -1.09695
-0.26779 -0.0183315 -1.09575
-0.25796 -0.018292 -1.0934
-0.225025 -0.0173062 -1.09488
-0.181625 -0.016143 -1.0992
-0.53743 -0.0083433 -1.0908
-0.514873 -0.00874018 -1.0924
-0.502106 -0.00771725 -1.09229
-0.493078 -0.00747757 -1.09167
-0.486684 -0.0070849 -1.09116
-0.475374 -0.00633757 -1.0925
-0.464026 -0.00646415 -1.0927
-0.454747 -0.00549878 -1.09283
-0.445011 -0.00579391 -1.09279
-0.435542 -0.00559715 -1.09394
-0.425243 -0.00587261 -1.09375
-0.414757 -0.00521746 -1.09451
-0.40517 -0.00550962 -1.09487
-0.395192 -0.00498383 -1.09522
-0.3843 -0.00482212 -1.09532
-0.375359 -0.00498152 -1.09651
-0.365897 -0.00499239 -1.09672
-0.355288 -0.00442386 -1.09631
-0.34548 -0.00440052 -1.0976
-0.334204 -0.00455804 -1.09798
-0.326126 -0.00446573 -1.09741
-0.315338 -0.00430626 -1.0981
-0.305169 -0.00408398 -1.09816
-0.295547 -0.00362948 -1.09785
-0.285407 -0.00246965 -1.09869
-0.274759 -0.00209555 -1.09768
-0.265638 -0.00463306 -1.09828
-0.254479 -0.0029383 -1.09904
-0.234083 -0.00349185 -1.09905
-0.21463 -0.000857 -1.0999
0.14484 -0.0083978 -1.0979
0.19027 -0.0073968 -1.0936
-0.45013 0.00033459 -1.0915
-0.4443 0.000876845 -1.091
-0.435591 0.00236186 -1.09133
-0.426548 0.00162141 -1.09121
-0.414569 0.00281415 -1.09199
-0.404274 0.00189244 -1.09198
-0.395227 0.00305895 -1.09167
-0.383069 0.0039004 -1.09232
-0.375199 0.00407678 -1.09315
-0.364557 0.00396954 -1.09313
-0.35464 0.00440945 -1.0933
-0.345421 0.00433473 -1.09418
-0.335081 0.00473947 -1.09419
-0.325582 0.00383109 -1.0949
-0.315262 0.0047177 -1.09533
-0.304703 0.00460375 -1.09518
-0.295595 0.00467706 -1.0965
-0.28507 0.00470107 -1.09634
-0.274996 0.0049746 -1.09689
-0.26545 0.0055133 -1.09721
-0.255991 0.00500203 -1.09762
-0.244034 0.00518068 -1.09758
-0.235626 0.00671418 -1.09597
-0.224731 0.00508715 -1.09796
-0.215127 0.00726833 -1.09871
-0.20548 0.00589415 -1.09861
-0.184717 0.0076106 -1.09937
-0.164325 0.00843378 -1.09843
-0.40279 0.010154 -1.0915
-0.38141 0.010167 -1.0929
-0.377097 0.0139974 -1.09093
-0.361907 0.0118068 -1.09197
-0.357404 0.0141276 -1.09142
-0.344044 0.0116493 -1.09231
-0.335018 0.0141221 -1.09177
-0.324564 0.0118625 -1.09235
-0.314928 0.0136482 -1.09175
-0.304692 0.0131571 -1.09157
-0.294444 0.0135581 -1.09282
-0.284769 0.0138003 -1.09243
-0.274819 0.0136243 -1.0943
-0.264792 0.0141093 -1.09294
-0.255449 0.0140089 -1.09455
-0.245066 0.0146846 -1.09434
-0.235189 0.0146058 -1.09538
-0.225472 0.0151621 -1.09528
-0.214707 0.0147089 -1.09521
-0.20556 0.0148993 -1.09619
-0.194695 0.0154778 -1.09616
-0.18529 0.015782 -1.097
-0.173821 0.0157599 -1.09716
-0.165353 0.0156492 -1.09761
-0.15517 0.015207 -1.09798
-0.144521 0.0179154 -1.09589
-0.134898 0.0148042 -1.09789
-0.12675 0.0181438 -1.09824
-0.113954 0.0149974 -1.09956
-0.10622 0.0167508 -1.0994
-0.0945215 0.015623 -1.1
-0.08031 0.019078 -1.0998
-0.0628145 0.019044 -1.0978
-0.3347 0.021096 -1.0916
-0.3126 0.021079 -1.0907
-0.304214 0.024052 -1.09044
-0.293139 0.020839 -1.09069
-0.28339 0.025372 -1.0917
-0.274396 0.0225724 -1.0914
-0.264306 0.0221102 -1.09234
-0.254889 0.0218294 -1.09214
-0.24524 0.0227061 -1.09345
-0.235263 0.023688 -1.0926
-0.225052 0.0228285 -1.09397
-0.214342 0.0234173 -1.09264
-0.205016 0.023772 -1.09356
-0.194253 0.0236728 -1.09405
-0.184783 0.0245332 -1.09399
-0.174401 0.0244069 -1.09427
-0.164716 0.0248102 -1.09468
-0.154364 0.0252137 -1.09589
-0.144523 0.024941 -1.09578
-0.134963 0.0255895 -1.09661
-0.124667 0.0254988 -1.09667
-0.114553 0.025228 -1.09691
-0.105194 0.0259724 -1.0979
-0.0943087 0.0257434 -1.09734
-0.0850472 0.0261446 -1.09755
-0.0743118 0.0253993 -1.09777
-0.064595 0.0267634 -1.09847
-0.0553473 0.0271339 -1.09841
-0.0449148 0.0287996 -1.09836
-0.0365563 0.029531 -1.09845
-0.0224665 0.0255795 -1.09985
-0.0146807 0.027545 -1.09902
-0.009841 0.025562 -1.0998
-0.123644 0.0308736 -1.09466
-0.115692 0.0307895 -1.0917
-0.104512 0.0308765 -1.09477
-0.0945268 0.0309568 -1.0976
-0.084532 0.0309172 -1.09622
-0.0762075 0.0317293 -1.0959
-0.063904 0.0315441 -1.09514
-0.0544732 0.0314903 -1.09708
-0.045534 0.0316872 -1.09755
-0.0336333 0.0316445 -1.09861
-0.024703 0.0322005 -1.0962
-0.0155314 0.032322 -1.09714
-0.00820047 0.0324707 -1.09913
0.00696134 0.032372 -1.09882
0.0109467 0.032472 -1.0992
0.0246082 0.0338925 -1.09433
0.0344612 0.0336165 -1.09921
0.049542 0.033222 -1.0994
0.0559475 0.0351665 -1.09125
0.0649065 0.0352495 -1.09382
0.0738517 0.0353188 -1.09598
0.0811215 0.0353855 -1.09805
0.097952 0.035444 -1.0999
0.10577 0.0363798 -1.09554
0.11476 0.03629 -1.09285
0.125063 0.0364737 -1.09837
0.14735 0.0373537 -1.0932
0.15425 0.037328 -1.09247
0.166404 0.0375106 -1.09782
0.17251 0.037488 -1.09715
0.198087 0.038502 -1.0948
0.204862 0.038442 -1.09308
0.21483 0.0386285 -1.09838
0.247795 0.039704 -1.09655
0.25421 0.0396846 -1.09598
0.265133 0.0397613 -1.0981
0.27312 0.040607 -1.0907
0.286023 0.0406465 -1.09177
0.29905 0.040861 -1.0975
0.303363 0.04078 -1.09533
0.316035 0.041532 -1.09358
0.32351 0.0431307 -1.09023
0.335449 0.0435447 -1.09166
0.343093 0.0430389 -1.09374
0.353247 0.04538 -1.09227
0.366484 0.0445604 -1.09099
0.373103 0.0443511 -1.09123
0.38597 0.0446956 -1.09202
0.394845 0.0456973 -1.09234
0.405763 0.0456188 -1.09215
0.415139 0.045531 -1.09341
0.424747 0.0465531 -1.09244
0.434814 0.0452673 -1.09348
0.444905 0.0467898 -1.09368
0.453189 0.0467247 -1.09337
0.46065 0.048009 -1.0973
0.04321 0.059151 -1.0902
0.068882 0.058657 -1.09115
0.071545 0.059231 -1.09165
0.098845 0.0591685 -1.0905
0.123553 0.0591893 -1.0909
0.14337 0.059171 -1.0905
0.166643 0.05921 -1.09123
0.18803 0.059176 -1.0906
0.20971 0.059151 -1.0902
0.225187 0.0592733 -1.09243
0.242972 0.058766 -1.09112
0.26981 0.059205 -1.0912
0.28288 0.059159 -1.0903
0.314215 0.059186 -1.09085
0.32513 0.059312 -1.0931
0.345055 0.059238 -1.09177
0.35464 0.0592335 -1.0917
0.36931 0.059272 -1.0924
0.396952 0.0554193 -1.09093
0.40281 0.053519 -1.0908
0.415081 0.0526704 -1.09158
0.426094 0.0532179 -1.09144
0.434429 0.0533684 -1.09101
0.443904 0.0539051 -1.09111
0.455055 0.0528808 -1.09231
-0.743457 0.063173 -1.09743
-0.734543 0.0659088 -1.09399
-0.724235 0.0670358 -1.09428
-0.714459 0.0663977 -1.09389
-0.705085 0.0662372 -1.09466
-0.69505 0.0667835 -1.09539
-0.684442 0.06657 -1.09485
-0.675156 0.0659289 -1.09428
-0.664798 0.0667836 -1.09568
-0.655034 0.0670118 -1.09492
-0.644475 0.0669133 -1.09487
-0.635008 0.0663463 -1.09464
-0.62434 0.0662448 -1.09467
-0.615 0.0662159 -1.09496
-0.603605 0.0663136 -1.09306
-0.595732 0.0671388 -1.09596
-0.584863 0.0669079 -1.09579
-0.574292 0.0672369 -1.09561
-0.56536 0.066303 -1.09515
-0.553816 0.0659503 -1.0952
-0.544755 0.0662188 -1.09464
-0.535628 0.0667353 -1.09493
-0.524829 0.0663858 -1.094
-0.515166 0.0664549 -1.09426
-0.504358 0.0660321 -1.0954
-0.494617 0.0658878 -1.09491
-0.485234 0.0665281 -1.09536
-0.475907 0.0658613 -1.09457
-0.465557 0.0659745 -1.09444
-0.455081 0.0657691 -1.09529
-0.445019 0.0664476 -1.09537
-0.435005 0.0655359 -1.09452
-0.424697 0.0654228 -1.09477
-0.415636 0.0650055 -1.09523
-0.404923 0.065122 -1.09514
-0.394873 0.0663884 -1.09501
-0.384545 0.0645657 -1.09461
-0.375719 0.0656506 -1.09533
-0.365138 0.0647817 -1.09459
-0.355247 0.0646455 -1.09418
-0.344878 0.0650308 -1.09492
-0.334574 0.0649987 -1.09444
-0.326015 0.065124 -1.09483
-0.313762 0.0656297 -1.096
-0.305523 0.0659958 -1.09559
-0.294903 0.065798 -1.09525
-0.284769 0.0650906 -1.09477
-0.274941 0.0645756 -1.09465
-0.264942 0.0648781 -1.09443
-0.25482 0.0651947 -1.09568
-0.244645 0.0648889 -1.0947
-0.235831 0.0640948 -1.09555
-0.224249 0.0660542 -1.09554
-0.21553 0.0637198 -1.09559
-0.205582 0.0645708 -1.09392
-0.194623 0.0651767 -1.0947
-0.184434 0.0652949 -1.09531
-0.175369 0.0655836 -1.09547
-0.164138 0.0655486 -1.09517
-0.154138 0.0655199 -1.09641
-0.144228 0.0648634 -1.09574
-0.135325 0.0652148 -1.0955
-0.123491 0.0653565 -1.09536
-0.114358 0.0646506 -1.09524
-0.104351 0.064491 -1.09474
-0.0943615 0.0649655 -1.09458
-0.0846615 0.0648488 -1.09529
-0.0744304 0.0642606 -1.09461
-0.0645218 0.0648985 -1.09488
-0.0544876 0.0634908 -1.09468
-0.0445117 0.0658127 -1.09487
-0.0344382 0.0641648 -1.09518
-0.0252387 0.0638 -1.09427
-0.0143843 0.0649799 -1.09554
-0.00471029 0.0636271 -1.09462
0.00418005 0.0644441 -1.09671
0.0155452 0.063527 -1.09454
0.0249742 0.0653814 -1.09591
0.034029 0.0642748 -1.0949
0.044853 0.0639107 -1.09348
0.055365 0.0633679 -1.09523
0.0645317 0.0646813 -1.09601
0.0752775 0.063537 -1.09526
0.0842652 0.0644041 -1.09483
0.09533 0.0629548 -1.09427
0.105473 0.0637717 -1.09415
0.114126 0.0636937 -1.09444
0.125267 0.063234 -1.0939
0.134851 0.0637197 -1.09505
0.144724 0.0634684 -1.09407
0.154705 0.0634023 -1.09371
0.165545 0.0637424 -1.09523
0.174828 0.0632243 -1.0946
0.184447 0.0640693 -1.09518
0.195423 0.0639334 -1.09627
0.205326 0.0630626 -1.0945
0.214751 0.0637542 -1.09574
0.224752 0.0630767 -1.0951
0.234408 0.0631174 -1.09528
0.244472 0.0628119 -1.09504
0.256137 0.0633114 -1.09521
0.265322 0.0632629 -1.0947
0.275963 0.0630236 -1.09475
0.284626 0.0625974 -1.09452
0.294401 0.063041 -1.09578
0.305678 0.0628991 -1.09502
0.315423 0.0630666 -1.09568
0.325324 0.0625644 -1.09564
0.334992 0.0631427 -1.09574
0.344536 0.0627244 -1.09385
0.354987 0.0627971 -1.09602
0.364762 0.0625675 -1.09627
0.374664 0.062407 -1.09505
0.385886 0.0629288 -1.09628
0.395342 0.0627499 -1.09542
0.405472 0.0628455 -1.09555
0.414781 0.0627107 -1.09459
0.425074 0.0629206 -1.09551
0.435106 0.062858 -1.09474
0.445476 0.0636609 -1.09522
0.452481 0.0622471 -1.09431
-0.73732 0.070819 -1.0998
-0.62455 0.070786 -1.0993
-0.59298 0.070739 -1.0986
-0.575057 0.0707353 -1.09857
-0.536483 0.0708047 -1.09963
-0.52619 0.070775 -1.0992
-0.51787 0.070731 -1.0985
-0.456655 0.07077 -1.09905
-0.444103 0.070736 -1.09857
-0.43316 0.070805 -1.0996
-0.237007 0.0707833 -1.0993
-0.220865 0.070818 -1.0998
-0.85475 -0.59229 -1.0852
-0.716045 -0.0671755 -1.08775
-0.69492 -0.060826 -1.0898
-0.72017 -0.050942 -1.0895
-0.713447 -0.0551065 -1.0882
-0.70572 -0.054235 -1.08808
-0.696602 -0.0551803 -1.08907
-0.686034 -0.0534058 -1.08858
-0.6797 -0.050871 -1.088
-0.72127 -0.0427813 -1.08553
-0.714415 -0.0449582 -1.08561
-0.704755 -0.045269 -1.08552
-0.695379 -0.0450468 -1.0862
-0.684421 -0.044821 -1.08657
-0.679288 -0.0449558 -1.0885
-0.722297 -0.0353211 -1.08563
-0.715227 -0.037563 -1.0819
-0.705236 -0.0384302 -1.08151
-0.695135 -0.0370245 -1.08122
-0.682861 -0.0359512 -1.08305
-0.679001 -0.0342462 -1.08577
-0.723827 -0.025634 -1.08277
-0.682186 -0.0274211 -1.0828
-0.675794 -0.0243441 -1.08548
-0.664884 -0.0234731 -1.08597
-0.654707 -0.0235548 -1.08651
-0.645322 -0.023139 -1.08691
-0.635208 -0.0231099 -1.08756
-0.625108 -0.0236595 -1.08752
-0.614734 -0.0222943 -1.08743
-0.606346 -0.0240256 -1.08848
-0.593969 -0.0224644 -1.08798
-0.584487 -0.0231686 -1.0879
-0.576224 -0.0241355 -1.08803
-0.564904 -0.0228823 -1.0881
-0.554942 -0.0233554 -1.08736
-0.545633 -0.0229679 -1.08774
-0.535893 -0.0246713 -1.0872
-0.52088 -0.022508 -1.0893
-0.507765 -0.0246235 -1.08415
-0.49271 -0.0247037 -1.0877
-0.466167 -0.0235853 -1.08693
-0.457333 -0.023551 -1.08533
-0.43345 -0.022344 -1.0814
-0.42127 -0.022498 -1.0889
-0.417213 -0.0224757 -1.08777
-0.35293 -0.020205 -1.0837
-0.33785 -0.02026 -1.0867
-0.73119 -0.014845 -1.0857
-0.72895 -0.015895 -1.0823
-0.68091 -0.0169923 -1.08259
-0.674464 -0.0160414 -1.0831
-0.665125 -0.0148418 -1.08262
-0.655223 -0.0150716 -1.08341
-0.644803 -0.0154281 -1.08353
-0.635009 -0.0145733 -1.08398
-0.624928 -0.0149466 -1.08434
-0.615049 -0.0151949 -1.08549
-0.604807 -0.0148379 -1.08545
-0.595235 -0.0150076 -1.08649
-0.585359 -0.0148007 -1.08662
-0.575354 -0.0149349 -1.0871
-0.564772 -0.0141766 -1.08652
-0.555213 -0.0138892 -1.08745
-0.544799 -0.0132236 -1.08803
-0.534908 -0.0130922 -1.08834
-0.525243 -0.012641 -1.08911
-0.513776 -0.0138043 -1.0888
-0.507236 -0.0140199 -1.08923
-0.49501 -0.013352 -1.0887
-0.483307 -0.0120637 -1.08853
-0.47215 -0.01278 -1.0894
-0.46847 -0.010667 -1.0898
-0.39398 -0.010665 -1.0896
-0.201605 -0.0158855 -1.0816
-0.098678 -0.0139 -1.087
-0.674595 -0.00749475 -1.08083
-0.663493 -0.00799597 -1.0811
-0.655875 -0.0093659 -1.08135
-0.64499 -0.00846598 -1.08098
-0.634655 -0.00794345 -1.08159
-0.62467 -0.00760836 -1.08176
-0.614224 -0.00768672 -1.08187
-0.604572 -0.00598235 -1.08207
-0.594753 -0.0062835 -1.08207
-0.585359 -0.00619539 -1.08211
-0.575022 -0.00546528 -1.0827
-0.565178 -0.00537413 -1.08415
-0.554783 -0.00524676 -1.08369
-0.544875 -0.00524892 -1.08462
-0.535296 -0.00502673 -1.08513
-0.525548 -0.00496886 -1.08568
-0.515462 -0.00491632 -1.08562
-0.505537 -0.00466702 -1.08625
-0.49527 -0.0041117 -1.08724
-0.484576 -0.004573 -1.08751
-0.475881 -0.00409834 -1.08755
-0.465746 -0.00455722 -1.08791
-0.454451 -0.00451064 -1.08857
-0.444152 -0.00387816 -1.08876
-0.434162 -0.00318194 -1.08881
-0.424501 -0.00317997 -1.08934
-0.416283 -0.00242373 -1.08933
-0.402458 -0.00334906 -1.08878
-0.39893 -0.0040061 -1.088
-0.387155 -0.000847805 -1.08805
-0.61511 0.00033122 -1.0806
-0.604995 0.000868845 -1.0815
-0.59187 0.0014059 -1.0806
-0.584215 0.00232753 -1.08093
-0.57417 0.00248589 -1.08161
-0.563072 0.00224178 -1.08138
-0.555231 0.00204159 -1.08249
-0.545139 0.00318176 -1.08198
-0.535657 0.00312752 -1.08162
-0.525214 0.00297428 -1.08399
-0.51378 0.00413252 -1.08287
-0.504442 0.00475071 -1.08233
-0.494894 0.00392966 -1.08291
-0.485374 0.00426467 -1.08366
-0.47491 0.00459019 -1.08466
-0.464527 0.00452121 -1.08574
-0.454727 0.00447158 -1.08568
-0.444919 0.00485064 -1.08581
-0.434499 0.00519534 -1.08592
-0.424655 0.00558737 -1.08738
-0.415753 0.00543031 -1.0872
-0.405066 0.00557458 -1.08697
-0.394957 0.00590565 -1.08787
-0.385315 0.00522588 -1.08802
-0.375282 0.00717127 -1.08745
-0.365912 0.0062157 -1.08779
-0.354963 0.00680028 -1.08788
-0.343387 0.00544764 -1.0888
-0.33669 0.008873 -1.0892
-0.323865 0.00666875 -1.08855
-0.305657 0.0071726 -1.08833
-0.29127 0.0088658 -1.0883
-0.55929 0.01006 -1.0814
-0.54601 0.0129875 -1.0812
-0.5236 0.0128458 -1.08144
-0.516995 0.0132595 -1.0808
-0.505059 0.0129409 -1.08101
-0.494527 0.0129298 -1.08143
-0.483731 0.0126796 -1.08101
-0.47511 0.0137642 -1.08156
-0.464724 0.013166 -1.08204
-0.455117 0.0150283 -1.08182
-0.445336 0.01384 -1.08255
-0.43495 0.0140743 -1.08263
-0.424786 0.0146664 -1.08303
-0.414578 0.0140782 -1.0837
-0.405043 0.0150708 -1.0835
-0.395048 0.0150047 -1.08468
-0.384682 0.0146185 -1.08393
-0.375481 0.0154478 -1.08645
-0.365074 0.0151326 -1.08418
-0.354498 0.0155643 -1.0865
-0.345824 0.0161585 -1.08555
-0.335335 0.0156971 -1.08692
-0.325464 0.0159278 -1.08735
-0.315796 0.0166927 -1.08728
-0.305344 0.0170189 -1.08705
-0.296438 0.017268 -1.08776
-0.284772 0.0168635 -1.08782
-0.275339 0.017109 -1.08795
-0.265818 0.0167817 -1.08843
-0.254247 0.017047 -1.08931
-0.245694 0.0159526 -1.08916
-0.22016 0.019997 -1.0899
-0.20833 0.015473 -1.0894
-0.473485 0.021407 -1.08068
-0.46319 0.021935 -1.081
-0.445504 0.021515 -1.08088
-0.43543 0.021951 -1.0818
-0.423202 0.0213224 -1.08166
-0.414228 0.02152 -1.08112
-0.404924 0.0214149 -1.08107
-0.394614 0.0220521 -1.08258
-0.387038 0.021165 -1.08162
-0.374094 0.0223251 -1.08254
-0.365767 0.0221879 -1.08274
-0.355018 0.0224322 -1.08355
-0.34433 0.022887 -1.08311
-0.334774 0.0231381 -1.08358
-0.325426 0.0235606 -1.08489
-0.315004 0.0231168 -1.08491
-0.305518 0.0236565 -1.0851
-0.295536 0.0238263 -1.08487
-0.284961 0.0237156 -1.08599
-0.274986 0.0236469 -1.08631
-0.265065 0.0242059 -1.08602
-0.254707 0.0250104 -1.08776
-0.244539 0.0248123 -1.08779
-0.233985 0.0243035 -1.08762
-0.22539 0.0261511 -1.08715
-0.215518 0.0267051 -1.08706
-0.202804 0.0268537 -1.08899
-0.196728 0.0277614 -1.08884
-0.183047 0.0263557 -1.0868
-0.175029 0.0284604 -1.08547
-0.16991 0.029635 -1.0889
-0.157 0.0294374 -1.08958
-0.14786 0.030467 -1.0803
-0.13144 0.03046 -1.08
-0.12915 0.0306035 -1.0851
-0.11192 0.0307285 -1.0895
-0.10522 0.0315567 -1.0806
-0.0941558 0.031587 -1.0816
-0.0846998 0.0316285 -1.08303
-0.07883 0.031816 -1.0894
-0.060906 0.032692 -1.0819
-0.0551332 0.0327045 -1.0823
-0.0450967 0.0327898 -1.08515
-0.0351123 0.0328223 -1.08622
-0.0276227 0.0328373 -1.0867
-0.00260695 0.0339567 -1.0875
0.00484986 0.033943 -1.08707
0.0146293 0.033877 -1.08495
0.029856 0.034803 -1.08
0.0369677 0.034901 -1.08303
0.04638 0.0349375 -1.08417
0.055236 0.0350235 -1.0868
0.0680715 0.03595 -1.0826
0.0748522 0.0359488 -1.08258
0.083746 0.035871 -1.0802
0.0960412 0.0360693 -1.08618
0.104553 0.0369617 -1.08173
0.11796 0.039108 -1.0801
0.125794 0.0370406 -1.08406
0.132812 0.037747 -1.08068
0.144789 0.037907 -1.08227
0.155828 0.037992 -1.08512
0.165282 0.0385627 -1.08228
0.175563 0.0384163 -1.08167
0.184446 0.0384604 -1.08557
0.195508 0.039044 -1.08352
0.20488 0.039167 -1.08168
0.215958 0.0392857 -1.08497
0.226176 0.0393 -1.08536
0.234563 0.0393078 -1.08558
0.241435 0.0394405 -1.08925
0.099492 0.041364 -1.082
0.10113 0.041351 -1.0816
0.11632 0.04342 -1.0803
0.12438 0.0413485 -1.0816
0.13952 0.040322 -1.0831
0.144409 0.0414448 -1.08088
0.156268 0.0430452 -1.0813
0.163873 0.0409509 -1.08149
0.176101 0.0428634 -1.08136
0.18166 0.041358 -1.08212
0.196625 0.0432834 -1.08169
0.204097 0.0433567 -1.08087
0.214814 0.0435242 -1.08204
0.22447 0.0442089 -1.08198
0.234867 0.0432876 -1.08278
0.244533 0.043886 -1.08324
0.255266 0.0441345 -1.08342
0.264904 0.044492 -1.08306
0.274752 0.0445452 -1.08402
0.284784 0.045001 -1.08466
0.294978 0.0450736 -1.08591
0.304767 0.0453048 -1.08633
0.314418 0.04551 -1.08566
0.324895 0.0455357 -1.08619
0.334425 0.0462137 -1.08596
0.34508 0.0461216 -1.08712
0.355383 0.0460057 -1.08774
0.36478 0.0465576 -1.08775
0.374692 0.0463606 -1.08785
0.384111 0.0468328 -1.08877
0.39567 0.0475787 -1.08887
0.402725 0.0470739 -1.08859
0.415189 0.0475679 -1.08893
0.424505 0.0469137 -1.08908
0.43448 0.0464938 -1.08726
0.445 0.0425825 -1.08575
-0.75258 0.053216 -1.08925
-0.742655 0.0566942 -1.08438
-0.73567 0.0586187 -1.08323
-0.723283 0.0598403 -1.083
-0.715466 0.0592217 -1.08291
-0.70441 0.0590719 -1.0821
-0.694812 0.0586486 -1.08094
-0.684285 0.0597875 -1.08205
-0.676387 0.0594347 -1.08213
-0.664492 0.0590906 -1.08112
-0.654061 0.0582961 -1.08193
-0.646267 0.0590848 -1.08299
-0.635755 0.05866 -1.0811
-0.625507 0.0595057 -1.0834
-0.614796 0.0593949 -1.08223
-0.602894 0.0587371 -1.08258
-0.594765 0.0587119 -1.08212
-0.584836 0.0590882 -1.08239
-0.573925 0.0583813 -1.08265
-0.565668 0.0590006 -1.08244
-0.554614 0.0592127 -1.08277
-0.545044 0.0585747 -1.08357
-0.536593 0.0586217 -1.08262
-0.524853 0.0586095 -1.08201
-0.514869 0.0589681 -1.08237
-0.506259 0.0584728 -1.08196
-0.495112 0.0583436 -1.08387
-0.48533 0.0586541 -1.08302
-0.473153 0.0582798 -1.08299
-0.465502 0.059238 -1.0843
-0.45523 0.0589333 -1.08396
-0.444717 0.0584421 -1.08244
-0.43464 0.0582398 -1.08245
-0.424854 0.0583698 -1.08279
-0.414365 0.0590501 -1.08291
-0.404809 0.0579094 -1.08296
-0.394611 0.0581535 -1.08252
-0.384413 0.0583989 -1.08219
-0.37527 0.0586161 -1.08282
-0.364454 0.0580629 -1.08286
-0.356021 0.0576216 -1.08306
-0.343322 0.0579604 -1.08155
-0.335941 0.058307 -1.08293
-0.323651 0.0584938 -1.08142
-0.315337 0.0579728 -1.08309
-0.304523 0.0578633 -1.08236
-0.294921 0.0580496 -1.08391
-0.284082 0.0582351 -1.08381
-0.274392 0.0578082 -1.08184
-0.266384 0.0577453 -1.08318
-0.25537 0.0583674 -1.08301
-0.246024 0.0591519 -1.08223
-0.235359 0.057751 -1.08299
-0.226082 0.0592418 -1.08358
-0.214961 0.0571622 -1.08288
-0.206328 0.057179 -1.08315
-0.195452 0.0586753 -1.08298
-0.185812 0.0583118 -1.0824
-0.175443 0.0576378 -1.08221
-0.164709 0.0581023 -1.08326
-0.155327 0.0574937 -1.08375
-0.145929 0.0580673 -1.08252
-0.135189 0.0588005 -1.08375
-0.124486 0.0580394 -1.08412
-0.115354 0.0584281 -1.08432
-0.103877 0.0575267 -1.08224
-0.0947402 0.058256 -1.08237
-0.0850369 0.0583757 -1.08496
-0.0741798 0.0585123 -1.08231
-0.0652196 0.0574747 -1.08223
-0.0552034 0.0576465 -1.0845
-0.0448757 0.0578775 -1.08364
-0.0362224 0.0583011 -1.08449
-0.0249392 0.0573437 -1.08306
-0.0155168 0.0575308 -1.08398
-0.00512918 0.0575731 -1.08286
0.00437486 0.0577243 -1.08378
0.014837 0.056733 -1.083
0.023759 0.0573378 -1.08238
0.0345758 0.0579437 -1.08288
0.0451872 0.0578253 -1.0846
0.0546574 0.0569902 -1.08157
0.0650599 0.0571214 -1.08385
0.0742551 0.0574899 -1.08418
0.0850952 0.0578777 -1.08332
0.0946727 0.0566382 -1.08349
0.104778 0.0572217 -1.08305
0.115062 0.0566312 -1.08427
0.125367 0.0571295 -1.08418
0.134899 0.0571254 -1.08297
0.145639 0.0575477 -1.08407
0.154947 0.0564908 -1.08294
0.16502 0.0575261 -1.08417
0.17512 0.0567526 -1.08252
0.184255 0.0569299 -1.08373
0.194685 0.0562659 -1.0837
0.204376 0.056881 -1.08528
0.215389 0.0563618 -1.08402
0.226224 0.0565254 -1.08474
0.23583 0.0551404 -1.08317
0.245665 0.0558911 -1.08324
0.256046 0.0558432 -1.08402
0.265102 0.0545005 -1.08332
0.273669 0.0554542 -1.08378
0.284855 0.0546693 -1.08346
0.295576 0.0550887 -1.08396
0.304462 0.0541671 -1.0833
0.314578 0.0547286 -1.08445
0.32445 0.0544117 -1.08355
0.335099 0.0545135 -1.08515
0.344554 0.0541377 -1.08453
0.354523 0.0545728 -1.08486
0.365032 0.0542528 -1.08545
0.374826 0.0547814 -1.08624
0.384555 0.0548882 -1.0864
0.394872 0.054436 -1.08736
0.404887 0.054925 -1.08831
0.415155 0.0556805 -1.08804
0.424253 0.0553215 -1.08748
0.43421 0.055756 -1.08823
0.445654 0.0559236 -1.08855
0.453105 0.0564762 -1.08863
-0.732072 0.06299 -1.08681
-0.723988 0.0625588 -1.08722
-0.715171 0.0622844 -1.08631
-0.705243 0.0620639 -1.08622
-0.69529 0.0621575 -1.08601
-0.68578 0.0622839 -1.08669
-0.675032 0.0613204 -1.08602
-0.664693 0.0621965 -1.08843
-0.654955 0.0620637 -1.08607
-0.64553 0.0628854 -1.08789
-0.635974 0.0614384 -1.08639
-0.626592 0.0615717 -1.08707
-0.615268 0.0618083 -1.08459
-0.605021 0.062692 -1.08685
-0.594079 0.0623692 -1.087
-0.58624 0.0628436 -1.08718
-0.575351 0.0624517 -1.08694
-0.565517 0.0621636 -1.0861
-0.556058 0.0624876 -1.08822
-0.545367 0.0611784 -1.08774
-0.534683 0.0619212 -1.08688
-0.525184 0.0617705 -1.08728
-0.514626 0.0621342 -1.08846
-0.50538 0.0618184 -1.08816
-0.496187 0.0613941 -1.0873
-0.483797 0.0617531 -1.08773
-0.474432 0.0613454 -1.08749
-0.465587 0.0615038 -1.08827
-0.454226 0.0616211 -1.08676
-0.443641 0.0616381 -1.08791
-0.434885 0.0609834 -1.08773
-0.424387 0.0621184 -1.08741
-0.414856 0.0608199 -1.08614
-0.406191 0.0611623 -1.08572
-0.394014 0.0619152 -1.08729
-0.3873 0.0614863 -1.0868
-0.373984 0.061879 -1.08693
-0.36587 0.0615392 -1.08774
-0.354886 0.0613903 -1.08766
-0.345423 0.0619129 -1.08711
-0.336237 0.0612369 -1.08728
-0.324438 0.0613167 -1.08593
-0.315693 0.0615597 -1.08745
-0.303822 0.0621895 -1.08773
-0.2948 0.0614539 -1.08701
-0.284243 0.0613121 -1.08664
-0.27569 0.0617836 -1.08783
-0.264467 0.0626246 -1.08835
-0.256553 0.0612733 -1.0875
-0.245647 0.0619239 -1.08816
-0.234501 0.0609417 -1.08734
-0.225097 0.062228 -1.08623
-0.214903 0.060615 -1.08866
-0.203798 0.0613827 -1.08656
-0.195946 0.061891 -1.0873
-0.184943 0.0609269 -1.08804
-0.17633 0.0616163 -1.08713
-0.16614 0.0612524 -1.08631
-0.155755 0.0617405 -1.08813
-0.14478 0.0608636 -1.08759
-0.134666 0.0618864 -1.08703
-0.125389 0.061544 -1.0875
-0.115675 0.0616815 -1.08795
-0.106003 0.0608566 -1.08746
-0.0935394 0.0616713 -1.08797
-0.0855942 0.0609317 -1.08856
-0.0755303 0.0609104 -1.08774
-0.0644226 0.0620562 -1.08858
-0.054439 0.0614276 -1.08738
-0.0453594 0.0612401 -1.08627
-0.0355399 0.0607057 -1.08753
-0.0233376 0.0613921 -1.08876
-0.0158396 0.0612369 -1.08738
-0.00597573 0.060009 -1.08603
0.00604462 0.0612933 -1.08658
0.0150726 0.0625733 -1.08859
0.0259906 0.0608617 -1.08754
0.0365463 0.0611997 -1.08809
0.0457113 0.060802 -1.0887
0.0540937 0.0604437 -1.08743
0.0655381 0.060791 -1.0878
0.074421 0.0605042 -1.08853
0.0847943 0.0606006 -1.08839
0.0914773 0.0605607 -1.0895
0.103701 0.0609229 -1.08742
0.115524 0.0602713 -1.088
0.124675 0.0609985 -1.08932
0.136778 0.0605955 -1.08693
0.144965 0.0608045 -1.08745
0.154981 0.060943 -1.08833
0.165937 0.0609575 -1.08858
0.175774 0.0603866 -1.08731
0.186021 0.0609065 -1.08863
0.195162 0.060488 -1.08818
0.204306 0.0605494 -1.08802
0.214369 0.060858 -1.08749
0.22257 0.061307 -1.09
0.234697 0.0605063 -1.08855
0.24631 0.0613521 -1.08809
0.251287 0.061952 -1.0887
0.263552 0.0606765 -1.0884
0.272517 0.0608477 -1.0882
0.286067 0.0608673 -1.0886
0.29643 0.0606523 -1.08795
0.300895 0.062342 -1.08925
0.3297 0.060224 -1.0899
0.334533 0.06088 -1.08883
0.344205 0.0609673 -1.08875
0.355653 0.0607365 -1.08945
0.381953 0.060153 -1.08867
0.39235 0.060149 -1.08857
0.415698 0.0606915 -1.08863
0.42138 0.0608677 -1.0886
0.43669 0.0605257 -1.0889
0.44236 0.060223 -1.0899
-0.713301 -0.0349001 -1.07807
-0.70535 -0.0340867 -1.0777
-0.695715 -0.0335224 -1.07731
-0.685742 -0.0328975 -1.0778
-0.72095 -0.0239005 -1.07735
-0.713888 -0.0256527 -1.0744
-0.705338 -0.0254914 -1.07382
-0.694817 -0.0248179 -1.07376
-0.684883 -0.0247634 -1.07575
-0.679047 -0.0241226 -1.07591
-0.60444 -0.027531 -1.0724
-0.57327 -0.026569 -1.0764
-0.56729 -0.026478 -1.0727
-0.53317 -0.025537 -1.0771
-0.52046 -0.025493 -1.0752
-0.48444 -0.024515 -1.0794
-0.46736 -0.023373 -1.0772
-0.722157 -0.0150257 -1.07487
-0.715025 -0.0181846 -1.07161
-0.70515 -0.0183328 -1.0705
-0.695307 -0.0171794 -1.07076
-0.683333 -0.0167516 -1.07226
-0.677223 -0.0129375 -1.0762
-0.664617 -0.0123413 -1.07917
-0.655127 -0.0112647 -1.07943
-0.643355 -0.0121183 -1.07938
-0.63163 -0.014757 -1.0792
-0.61251 -0.010568 -1.0797
-0.60193 -0.010568 -1.0797
-0.33203 -0.01996 -1.0706
-0.14121 -0.014753 -1.0789
-0.72607 -0.0017914 -1.0711
-0.681043 -0.00678567 -1.07183
-0.67562 -0.00497411 -1.07535
-0.664488 -0.00517629 -1.07629
-0.654606 -0.00465028 -1.07633
-0.645086 -0.00456206 -1.07766
-0.635168 -0.00380224 -1.07776
-0.624646 -0.00368401 -1.078
-0.614685 -0.00369872 -1.07814
-0.605864 -0.00347965 -1.07857
-0.595882 -0.00318874 -1.07854
-0.585548 -0.00224252 -1.07868
-0.578127 -0.00238444 -1.07817
-0.565125 -0.00213519 -1.07888
-0.55218 -0.0018053 -1.0794
-0.54885 -0.00180425 -1.0788
-0.534847 -0.0025247 -1.07953
-0.51638 -0.0050818 -1.0795
-0.681315 0.0035704 -1.0717
-0.675049 0.00414198 -1.07267
-0.665101 0.00335448 -1.07293
-0.655255 0.00471988 -1.07271
-0.644856 0.00483401 -1.0732
-0.634464 0.00511103 -1.07382
-0.624055 0.00488261 -1.07393
-0.61521 0.00506789 -1.07507
-0.604937 0.00497041 -1.07498
-0.595069 0.00505924 -1.07521
-0.585071 0.00520345 -1.07612
-0.57536 0.00615834 -1.07666
-0.565229 0.00525786 -1.07746
-0.555081 0.00647529 -1.07693
-0.545693 0.00678014 -1.07846
-0.534498 0.00529908 -1.07819
-0.526376 0.00724489 -1.07798
-0.517011 0.00689593 -1.07885
-0.505363 0.005291 -1.07967
-0.493501 0.00623411 -1.07879
-0.483768 0.00691543 -1.07957
-0.478585 0.0072973 -1.07935
-0.4681 0.008792 -1.0792
-0.45683 0.0087928 -1.0793
-0.674065 0.014152 -1.0708
-0.664063 0.0111333 -1.07093
-0.657127 0.0167877 -1.07043
-0.645143 0.0119663 -1.07087
-0.635324 0.0123877 -1.07106
-0.623853 0.014098 -1.07122
-0.614303 0.0118068 -1.07223
-0.603896 0.014317 -1.0716
-0.594921 0.0139132 -1.07272
-0.584445 0.0137228 -1.07286
-0.574312 0.0143546 -1.07259
-0.564687 0.0149247 -1.07375
-0.555697 0.0145804 -1.07485
-0.545748 0.0142883 -1.0747
-0.535118 0.0148711 -1.07505
-0.524895 0.0148996 -1.07526
-0.514725 0.0153121 -1.07571
-0.504992 0.0149104 -1.07703
-0.494806 0.0150306 -1.07694
-0.485052 0.0160264 -1.0769
-0.474531 0.0165748 -1.07705
-0.465295 0.0159735 -1.07806
-0.454214 0.0149277 -1.07809
-0.444886 0.018084 -1.07765
-0.43525 0.017192 -1.07845
-0.427668 0.0166387 -1.0785
-0.415446 0.017675 -1.07878
-0.401565 0.0158855 -1.0792
-0.397015 0.0187195 -1.07905
-0.384225 0.0170185 -1.07835
-0.364825 0.0184175 -1.07887
-0.53593 0.020686 -1.0703
-0.523695 0.020711 -1.07162
-0.514543 0.020738 -1.07303
-0.505813 0.020739 -1.07307
-0.494323 0.0212223 -1.0743
-0.485071 0.0212528 -1.07532
-0.47604 0.0213231 -1.07641
-0.46429 0.0213679 -1.07579
-0.454895 0.0214039 -1.07614
-0.445465 0.0219991 -1.07543
-0.434914 0.0220436 -1.0765
-0.425435 0.022014 -1.07613
-0.414795 0.0219714 -1.07855
-0.404465 0.0234499 -1.0754
-0.3961 0.0231324 -1.07841
-0.384326 0.0226086 -1.07824
-0.376188 0.0233925 -1.07715
-0.363455 0.0242351 -1.07708
-0.355608 0.0247085 -1.07838
-0.347287 0.0244376 -1.07763
-0.335305 0.0242273 -1.07452
-0.32545 0.0247725 -1.07702
-0.316343 0.0257853 -1.0768
-0.29294 0.024025 -1.0796
-0.28595 0.0271002 -1.07445
-0.275413 0.027161 -1.07687
-0.265673 0.027215 -1.07903
-0.244296 0.0280978 -1.0715
-0.236762 0.028234 -1.0767
-0.2111 0.02914 -1.0707
-0.205478 0.029172 -1.07187
-0.195718 0.0291972 -1.07278
-0.186125 0.0292735 -1.0756
-0.161265 0.030232 -1.07195
-0.154865 0.0302912 -1.07402
-0.144826 0.030421 -1.07862
-0.136198 0.030353 -1.07624
-0.122185 0.031285 -1.0713
-0.113936 0.0319836 -1.07293
-0.105708 0.0326417 -1.07452
-0.095392 0.0315145 -1.0791
-0.0730721 0.0337241 -1.07185
-0.0663286 0.0335317 -1.07404
-0.051598 0.039844 -1.0702
-0.0443229 0.0362777 -1.07118
-0.0338287 0.035115 -1.07215
-0.0244236 0.0351975 -1.07166
-0.0147401 0.0358622 -1.07222
-0.00555142 0.0368838 -1.07299
0.00427458 0.0367481 -1.07279
0.0149359 0.036255 -1.07169
0.025338 0.0369167 -1.0737
0.0346022 0.0371002 -1.07452
0.0438964 0.0370354 -1.07218
0.0553952 0.0376263 -1.07377
0.0647156 0.0376215 -1.07473
0.0750293 0.0380136 -1.07427
0.0850077 0.0378581 -1.07574
0.0950437 0.0380897 -1.07512
0.105087 0.0383324 -1.07401
0.115047 0.0377407 -1.07688
0.125311 0.0387843 -1.07571
0.134145 0.0380119 -1.07601
0.145159 0.0391839 -1.07784
0.154253 0.0385765 -1.07786
0.169125 0.039063 -1.0788
0.17354 0.0385005 -1.07878
0.186158 0.039228 -1.07833
-0.46615 0.0496075 -1.07085
-0.398285 0.0490515 -1.07085
-0.37062 0.046298 -1.0706
-0.3679 0.04958 -1.07025
-0.3541 0.049617 -1.07105
-0.33159 0.049629 -1.0713
-0.327165 0.0496085 -1.0709
-0.27304 0.049682 -1.0724
-0.25088 0.049581 -1.0703
-0.231985 0.048534 -1.07175
-0.22109 0.0496 -1.0707
-0.216215 0.0496295 -1.0713
-0.184252 0.0496773 -1.07235
-0.176103 0.0496992 -1.0728
-0.135233 0.0496598 -1.07197
-0.12956 0.049678 -1.0724
-0.0962175 0.049612 -1.0709
-0.0832405 0.0409325 -1.0707
-0.0624508 0.0483272 -1.07285
-0.0560358 0.049681 -1.07242
-0.0450295 0.0496135 -1.07095
-0.0212023 0.042665 -1.07013
-0.0130713 0.0452417 -1.07083
-0.00473712 0.0457553 -1.0716
0.00483433 0.0462029 -1.07117
0.0158061 0.0473713 -1.07148
0.0249943 0.0443601 -1.07242
0.0352784 0.0428066 -1.07306
0.0440871 0.0455845 -1.07198
0.055536 0.0443035 -1.07208
0.0653734 0.0435616 -1.07353
0.0736999 0.0447805 -1.07246
0.0850191 0.0438173 -1.07174
0.0954791 0.0448946 -1.07437
0.105161 0.0451565 -1.07351
0.115187 0.0446254 -1.07374
0.124833 0.0449416 -1.07431
0.13506 0.045429 -1.07449
0.145425 0.0452005 -1.07533
0.155294 0.0454729 -1.07599
0.165289 0.0451337 -1.07615
0.1747 0.0455615 -1.077
0.185009 0.0449937 -1.07678
0.194505 0.0457299 -1.07696
0.205286 0.0456398 -1.07742
0.215821 0.0465549 -1.07757
0.225108 0.0463494 -1.07776
0.234696 0.0463424 -1.0776
0.245761 0.0473184 -1.07775
0.255677 0.0486618 -1.07847
0.26114 0.048859 -1.0789
0.27359 0.047776 -1.0795
0.285177 0.0481343 -1.07913
-0.733764 0.0547184 -1.0744
-0.724771 0.0559328 -1.07495
-0.715143 0.0558106 -1.07448
-0.705815 0.055271 -1.07496
-0.693574 0.0564041 -1.07514
-0.685505 0.0556667 -1.07441
-0.675064 0.0560998 -1.07517
-0.664272 0.0555974 -1.07513
-0.65532 0.0555918 -1.07552
-0.644442 0.0550661 -1.07369
-0.63454 0.0558629 -1.07481
-0.625169 0.0559228 -1.07566
-0.614387 0.0557674 -1.0748
-0.60494 0.0558311 -1.07504
-0.594402 0.0555524 -1.07516
-0.584367 0.0554204 -1.07441
-0.575283 0.055057 -1.07427
-0.564511 0.0556121 -1.07469
-0.555824 0.0555306 -1.07577
-0.546173 0.0548138 -1.075
-0.534614 0.0556367 -1.07599
-0.525922 0.055029 -1.07579
-0.514536 0.0553308 -1.07435
-0.504125 0.0546399 -1.0744
-0.496675 0.054779 -1.07453
-0.485782 0.0547937 -1.07515
-0.474998 0.0550043 -1.07454
-0.464659 0.0551243 -1.07466
-0.45566 0.0549536 -1.07548
-0.445591 0.05485 -1.0753
-0.434504 0.054533 -1.07549
-0.425388 0.0546533 -1.07596
-0.414656 0.0548656 -1.07583
-0.405294 0.0540316 -1.07486
-0.395241 0.0545183 -1.07412
-0.385263 0.0544962 -1.07445
-0.375284 0.0544377 -1.07478
-0.36545 0.0540082 -1.07428
-0.354911 0.0534829 -1.07391
-0.345777 0.0548008 -1.07462
-0.334551 0.0539889 -1.07519
-0.325466 0.0544047 -1.07497
-0.314636 0.0536855 -1.07356
-0.304776 0.0533054 -1.07381
-0.29472 0.0538992 -1.07447
-0.285365 0.0537881 -1.07476
-0.274859 0.0533474 -1.07296
-0.2645 0.054164 -1.0746
-0.254208 0.0547418 -1.07632
-0.244807 0.0541572 -1.076
-0.234697 0.0541917 -1.07558
-0.2248 0.054973 -1.07474
-0.21526 0.0544995 -1.07582
-0.203257 0.0542012 -1.07478
-0.19372 0.0545524 -1.07391
-0.18476 0.0540896 -1.07508
-0.174496 0.0541652 -1.07585
-0.165314 0.0538755 -1.07475
-0.155851 0.0541153 -1.07567
-0.144814 0.0535362 -1.07377
-0.135372 0.0538508 -1.07377
-0.126085 0.0537939 -1.07331
-0.114511 0.0545373 -1.07662
-0.104072 0.0547166 -1.07703
-0.094734 0.0532921 -1.07482
-0.0846864 0.0542658 -1.07515
-0.0749832 0.0542931 -1.07612
-0.0653513 0.0528595 -1.07407
-0.0551885 0.0540062 -1.07478
-0.0449177 0.0538628 -1.07561
-0.0352383 0.0547267 -1.07576
-0.0242585 0.053389 -1.07367
-0.0142612 0.0532043 -1.07641
-0.00489089 0.0533728 -1.07487
0.00542822 0.0533964 -1.07438
0.0142528 0.0532881 -1.07506
0.0255579 0.0537118 -1.07621
0.0345553 0.0537572 -1.0744
0.045204 0.053561 -1.07546
0.0544722 0.0541661 -1.07517
0.064623 0.0530398 -1.07593
0.0755356 0.0534943 -1.07486
0.0846611 0.0530511 -1.07549
0.09548 0.0525108 -1.07469
0.105529 0.0526474 -1.07435
0.114969 0.0533754 -1.075
0.125216 0.0527575 -1.07453
0.135974 0.0525479 -1.07498
0.145043 0.0528542 -1.07551
0.15594 0.0528998 -1.07647
0.165125 0.053225 -1.0764
0.175081 0.0526643 -1.07629
0.185546 0.0534946 -1.07762
0.195178 0.0523868 -1.07696
0.205533 0.0528874 -1.0782
0.214059 0.0532552 -1.07831
0.224678 0.0530922 -1.07712
0.23451 0.0525072 -1.07704
0.245128 0.0520452 -1.07789
0.25362 0.0523421 -1.07831
0.264388 0.0532117 -1.07873
0.274929 0.0532218 -1.07769
0.286492 0.0532075 -1.07868
0.29101 0.051576 -1.0777
0.30234 0.055333 -1.07925
0.313699 0.0525536 -1.07869
0.32478 0.05326 -1.0793
-0.35759 0.060738 -1.0799
-0.70156 -0.020966 -1.0692
-0.58325 -0.026358 -1.0679
-0.488515 -0.024218 -1.06635
-0.44651 -0.0231995 -1.0691
-0.71303 -0.014196 -1.06759
-0.704524 -0.0148112 -1.06708
-0.695246 -0.0143863 -1.06757
-0.685706 -0.0133436 -1.06793
-0.722735 -0.00475536 -1.06795
-0.713894 -0.00544279 -1.06384
-0.705343 -0.00507101 -1.06317
-0.69457 -0.00521737 -1.06339
-0.684464 -0.0048641 -1.06484
-0.678926 -0.00408181 -1.06727
-0.721717 0.00206807 -1.0624
-0.716718 0.00244546 -1.06137
-0.702923 0.00099452 -1.06097
-0.693598 0.00139207 -1.06147
-0.682543 0.00327436 -1.06289
-0.677225 0.00694262 -1.06679
-0.664675 0.00879923 -1.06892
-0.65556 0.00823491 -1.06871
-0.6479 0.0099517 -1.0698
-0.63677 0.0099478 -1.0694
-0.624919 0.00762659 -1.06911
-0.60205 0.0099377 -1.0683
-0.68054 0.0130215 -1.0632
-0.675429 0.0137433 -1.06547
-0.665358 0.0145462 -1.06599
-0.654944 0.013996 -1.06719
-0.645245 0.0153227 -1.06661
-0.635274 0.0150359 -1.06748
-0.625675 0.015075 -1.06732
-0.61527 0.0160173 -1.06808
-0.605948 0.0158433 -1.06764
-0.595163 0.0170699 -1.06655
-0.585475 0.0182908 -1.06771
-0.574592 0.0180736 -1.06835
-0.565428 0.0191302 -1.06596
-0.554208 0.019256 -1.06893
-0.54488 0.0179398 -1.06835
-0.539375 0.018591 -1.0693
-0.50056 0.019631 -1.0699
-0.554695 0.020521 -1.0618
-0.544873 0.0205664 -1.06414
-0.534855 0.0206425 -1.0681
-0.527715 0.0206325 -1.06755
-0.511445 0.021546 -1.06185
-0.503913 0.0214506 -1.06439
-0.497355 0.0213923 -1.06693
-0.486375 0.022571 -1.06125
-0.472727 0.022596 -1.06243
-0.464604 0.0226609 -1.0655
-0.453607 0.022721 -1.0683
-0.425397 0.0236217 -1.06145
-0.415106 0.023714 -1.06559
-0.40897 0.023784 -1.0687
-0.39183 0.0247 -1.0627
-0.386038 0.0247953 -1.06683
-0.375888 0.0247616 -1.0654
-0.351575 0.0257485 -1.0627
-0.344828 0.0257635 -1.06333
-0.338435 0.025809 -1.0652
-0.315013 0.0272647 -1.06224
-0.305822 0.0268013 -1.06258
-0.292397 0.0267573 -1.06083
-0.284335 0.0275913 -1.06233
-0.274664 0.0286074 -1.06226
-0.265566 0.0286131 -1.06253
-0.252973 0.0294263 -1.06205
-0.246109 0.029021 -1.06212
-0.238873 0.0295873 -1.06143
-0.224673 0.028892 -1.06157
-0.2158 0.0292899 -1.06519
-0.202605 0.029927 -1.0611
-0.196963 0.02994 -1.06157
-0.18309 0.029913 -1.0606
-0.17515 0.0299615 -1.06235
-0.167765 0.0299215 -1.06095
-0.291455 0.032037 -1.06025
-0.27402 0.030977 -1.0607
-0.26439 0.034237 -1.0624
-0.257437 0.0357382 -1.06058
-0.244473 0.0323502 -1.06143
-0.234886 0.0324812 -1.06145
-0.22755 0.0336131 -1.0619
-0.213982 0.0341751 -1.06157
-0.205317 0.0336453 -1.06276
-0.194204 0.0327987 -1.06354
-0.184915 0.0336595 -1.06389
-0.175482 0.0332822 -1.06381
-0.164993 0.0341693 -1.06363
-0.154718 0.0349181 -1.06299
-0.144577 0.0355325 -1.06342
-0.134614 0.0355662 -1.0636
-0.125051 0.0357954 -1.06388
-0.115661 0.0358698 -1.0642
-0.104848 0.0361074 -1.06589
-0.0945067 0.0357521 -1.06495
-0.0849461 0.0358738 -1.06436
-0.0756628 0.0363769 -1.06512
-0.065181 0.0372156 -1.06738
-0.0551848 0.0363494 -1.06671
-0.0446442 0.0366662 -1.06642
-0.0353634 0.0378452 -1.06538
-0.0250498 0.0377506 -1.06857
-0.0151993 0.0373337 -1.06786
-0.00464959 0.0371286 -1.06811
0.00476033 0.0373064 -1.06727
0.0144146 0.0382033 -1.06833
0.0214862 0.0381423 -1.06868
0.036757 0.036555 -1.0699
0.0465825 0.0384086 -1.06906
0.05083 0.0387315 -1.06965
-0.74246 0.0467225 -1.06795
-0.73576 0.0487095 -1.0634
-0.724284 0.0490012 -1.06252
-0.713467 0.0479661 -1.06179
-0.703907 0.0487394 -1.06231
-0.694957 0.0481126 -1.06226
-0.684005 0.0482996 -1.06198
-0.675458 0.0484897 -1.06243
-0.664986 0.0483689 -1.06187
-0.655025 0.0482187 -1.06262
-0.646117 0.0481418 -1.06292
-0.634273 0.0479842 -1.0617
-0.623436 0.0486671 -1.06242
-0.614237 0.0486558 -1.06326
-0.605711 0.0474973 -1.06278
-0.595578 0.0483493 -1.06213
-0.585004 0.0488764 -1.06401
-0.574735 0.0478785 -1.06149
-0.564421 0.0482711 -1.06272
-0.555697 0.0487407 -1.06269
-0.544257 0.0484818 -1.06384
-0.533996 0.0484704 -1.06212
-0.525178 0.0484198 -1.06297
-0.514629 0.0482014 -1.06429
-0.504084 0.0486931 -1.06298
-0.495486 0.0478378 -1.06421
-0.483646 0.0480967 -1.06359
-0.475887 0.0482736 -1.06319
-0.46512 0.0479762 -1.06252
-0.455457 0.047636 -1.06125
-0.443671 0.0482809 -1.06424
-0.435617 0.0482895 -1.06442
-0.424912 0.0473148 -1.06235
-0.414783 0.0477449 -1.06381
-0.403651 0.0479076 -1.06335
-0.39485 0.0475793 -1.06544
-0.385089 0.0483304 -1.06273
-0.374085 0.0478035 -1.06526
-0.365498 0.0473884 -1.06473
-0.355591 0.0483781 -1.0633
-0.34446 0.047673 -1.06289
-0.334633 0.0470862 -1.06469
-0.324588 0.04738 -1.06448
-0.314297 0.0488042 -1.06406
-0.304641 0.047649 -1.06386
-0.295137 0.0480963 -1.06464
-0.285225 0.0477655 -1.06463
-0.275083 0.046474 -1.06341
-0.26491 0.0468908 -1.06329
-0.255556 0.0472398 -1.06418
-0.24473 0.047786 -1.06447
-0.235535 0.0478862 -1.06488
-0.224982 0.0476044 -1.06466
-0.215441 0.0467991 -1.06411
-0.203726 0.0473311 -1.06249
-0.195074 0.0480761 -1.06405
-0.186321 0.047581 -1.06268
-0.17433 0.0460164 -1.06268
-0.164985 0.0458256 -1.06373
-0.155087 0.0448265 -1.06252
-0.144492 0.0450044 -1.06289
-0.134729 0.0452611 -1.06237
-0.12533 0.045511 -1.06422
-0.115254 0.0454587 -1.06414
-0.104997 0.0451547 -1.06393
-0.0945934 0.044861 -1.06398
-0.085131 0.045272 -1.06531
-0.0751298 0.0450296 -1.06503
-0.0654742 0.0446549 -1.06487
-0.0546917 0.0448245 -1.06425
-0.0445997 0.0450667 -1.06284
-0.0349481 0.0449302 -1.06359
-0.0253364 0.0451352 -1.06494
-0.0156109 0.0450713 -1.06706
-0.0053602 0.0449618 -1.0671
0.00490496 0.0445528 -1.06677
0.0146208 0.0442783 -1.06642
0.0249768 0.0453717 -1.0662
0.0351186 0.0455747 -1.06767
0.0458791 0.0444531 -1.06764
0.0547968 0.0456916 -1.06762
0.0634305 0.0482414 -1.06813
0.0760724 0.0448478 -1.0684
0.0843657 0.0467517 -1.06786
0.0926584 0.0467925 -1.06924
0.107058 0.0449624 -1.06936
0.112158 0.046624 -1.06927
0.13611 0.04732 -1.0692
0.143173 0.0495553 -1.0697
0.16221 0.0492643 -1.06945
-0.73364 0.0511947 -1.06593
-0.72495 0.0517736 -1.0667
-0.714355 0.0514786 -1.0668
-0.706512 0.0508366 -1.06448
-0.696179 0.0519574 -1.06649
-0.685713 0.0516347 -1.06639
-0.675446 0.0517383 -1.06809
-0.665283 0.0514097 -1.06712
-0.655493 0.050766 -1.06559
-0.645059 0.0509919 -1.06648
-0.634867 0.0518265 -1.06591
-0.625018 0.0516176 -1.06625
-0.614269 0.0519269 -1.06679
-0.605159 0.0522331 -1.06779
-0.594709 0.0515692 -1.06659
-0.584669 0.0514279 -1.0665
-0.575073 0.0516858 -1.06653
-0.564259 0.0518812 -1.06669
-0.5553 0.0516459 -1.06804
-0.54582 0.0513889 -1.06712
-0.534993 0.05143 -1.06674
-0.525132 0.0516546 -1.06836
-0.515395 0.0513842 -1.06632
-0.505266 0.0517216 -1.06694
-0.493924 0.0519054 -1.06726
-0.485962 0.0511946 -1.06608
-0.474682 0.0510296 -1.06623
-0.464713 0.0511271 -1.06677
-0.454596 0.0512858 -1.06564
-0.444434 0.051178 -1.06639
-0.436051 0.0518486 -1.06759
-0.424997 0.0510647 -1.06697
-0.41615 0.0518113 -1.06707
-0.404917 0.0504964 -1.06643
-0.394132 0.051116 -1.06807
-0.385062 0.050966 -1.06774
-0.374799 0.0507804 -1.0667
-0.365839 0.0515174 -1.06866
-0.357186 0.0507704 -1.06764
-0.343703 0.0511364 -1.067
-0.336908 0.0507188 -1.0673
-0.32103 0.0507613 -1.06443
-0.315977 0.0511485 -1.06616
-0.305525 0.0520273 -1.06848
-0.29427 0.0506087 -1.0688
-0.28537 0.0505054 -1.06661
-0.274966 0.0510192 -1.06832
-0.263757 0.0511517 -1.06653
-0.255558 0.0514352 -1.06744
-0.2491 0.0522145 -1.0694
-0.235612 0.050579 -1.06816
-0.224321 0.051807 -1.06839
-0.215126 0.0511703 -1.06663
-0.204646 0.0509813 -1.06529
-0.196068 0.0518402 -1.06753
-0.1894 0.05261 -1.0662
-0.174796 0.050524 -1.067
-0.161763 0.050505 -1.0666
-0.153756 0.0513159 -1.06632
-0.145048 0.0517352 -1.06736
-0.135574 0.0516652 -1.06822
-0.124306 0.0508619 -1.06761
-0.115743 0.050697 -1.06739
-0.106202 0.05095 -1.06836
-0.0925827 0.051577 -1.06685
-0.0847864 0.0506887 -1.0672
-0.06306 0.051616 -1.0672
-0.0549912 0.0510502 -1.06668
-0.0452598 0.0508726 -1.06673
-0.0338342 0.0513045 -1.06775
-0.0280335 0.0516965 -1.0693
-0.00284473 0.050576 -1.0681
0.00413115 0.0514084 -1.06753
0.014748 0.0509727 -1.0679
0.026085 0.050654 -1.06975
0.0377893 0.0509697 -1.0688
0.0440022 0.0508358 -1.06902
0.0542305 0.0506485 -1.06965
0.069962 0.050617 -1.069
0.0723915 0.050596 -1.06855
0.16059 0.050657 -1.0698
-0.43953 -0.022955 -1.0579
-0.71606 -0.00182874 -1.0598
-0.70361 -0.0022996 -1.0585
-0.69796 -0.00129768 -1.0586
-0.713751 0.00596957 -1.05696
-0.705042 0.0051597 -1.05761
-0.694823 0.00566939 -1.05755
-0.684995 0.0068388 -1.05747
-0.679113 0.00902747 -1.05803
-0.71379 0.012928 -1.05365
-0.705524 0.0130693 -1.05437
-0.694628 0.0128533 -1.05389
-0.684595 0.0136457 -1.05459
-0.678611 0.0147161 -1.05744
-0.65612 0.018227 -1.0507
-0.645373 0.018293 -1.0545
-0.635235 0.018344 -1.0574
-0.62988 0.019267 -1.0501
-0.614676 0.0193219 -1.05313
-0.605483 0.0194097 -1.05787
-0.585375 0.019419 -1.0584
-0.573445 0.0194305 -1.05905
-0.565212 0.0203857 -1.05483
-0.557523 0.02036 -1.0535
-0.54022 0.021317 -1.0505
-0.53784 0.0213405 -1.0517
-0.52515 0.0219509 -1.05281
-0.516808 0.0214407 -1.05662
-0.490995 0.022897 -1.05225
-0.486797 0.0244045 -1.05397
-0.473528 0.0236464 -1.05224
-0.464284 0.025854 -1.05072
-0.455028 0.0233814 -1.05062
-0.444681 0.0280272 -1.05175
-0.435149 0.0256217 -1.05325
-0.42333 0.0262769 -1.05083
-0.415839 0.0264414 -1.05286
-0.404312 0.0264369 -1.05217
-0.394958 0.0268171 -1.05277
-0.385682 0.0273111 -1.05443
-0.375132 0.0275742 -1.05175
-0.364701 0.0275241 -1.0547
-0.355769 0.0277553 -1.05558
-0.345082 0.028112 -1.05388
-0.334966 0.0281234 -1.05455
-0.324882 0.0283271 -1.05475
-0.316049 0.0286447 -1.05773
-0.304953 0.02854 -1.0565
-0.294958 0.0283595 -1.05431
-0.285453 0.0289372 -1.05693
-0.276235 0.0298763 -1.05932
-0.264253 0.0289979 -1.05855
-0.255658 0.0285439 -1.05847
-0.246517 0.02914 -1.05787
-0.233647 0.0292642 -1.0582
-0.22517 0.0298742 -1.05923
-0.214865 0.0298492 -1.05835
-0.20243 0.0298845 -1.0596
-0.1917 0.0298327 -1.05777
-0.18518 0.0298155 -1.05718
-0.16769 0.029894 -1.0599
-0.73097 0.039093 -1.0501
-0.487825 0.0380545 -1.05095
-0.4606 0.033853 -1.0505
-0.453515 0.0391265 -1.051
-0.443458 0.0312312 -1.05118
-0.437727 0.0314067 -1.05123
-0.422553 0.030686 -1.05073
-0.416122 0.0337503 -1.05117
-0.403569 0.0344438 -1.05269
-0.395832 0.0329066 -1.05159
-0.384744 0.0360492 -1.05141
-0.374698 0.0344057 -1.0518
-0.364945 0.0331562 -1.05233
-0.355403 0.0343123 -1.05185
-0.344682 0.0331509 -1.05306
-0.334412 0.033724 -1.05284
-0.324935 0.0351888 -1.05264
-0.315347 0.0343149 -1.05371
-0.304843 0.0332135 -1.05577
-0.294803 0.0347881 -1.0557
-0.284829 0.0348445 -1.05395
-0.275215 0.0348406 -1.05441
-0.264973 0.034954 -1.05514
-0.254733 0.0350005 -1.05574
-0.245112 0.035727 -1.05574
-0.235072 0.0359502 -1.0547
-0.224422 0.0352874 -1.05531
-0.215232 0.035169 -1.05618
-0.205266 0.0356632 -1.0576
-0.195445 0.0370779 -1.05714
-0.184881 0.0380252 -1.05459
-0.174277 0.0376228 -1.05585
-0.165758 0.0367341 -1.05673
-0.155508 0.0363252 -1.05821
-0.144679 0.0344775 -1.05909
-0.136379 0.0334916 -1.05854
-0.12701 0.0333727 -1.05919
-0.116255 0.0383415 -1.05915
-0.097028 0.0388805 -1.05885
-0.732252 0.0448705 -1.05567
-0.725971 0.0454809 -1.05619
-0.714444 0.045183 -1.05465
-0.705351 0.0440957 -1.05431
-0.695448 0.0448103 -1.05489
-0.684741 0.0444993 -1.05508
-0.674837 0.0449182 -1.05528
-0.665786 0.0449257 -1.05502
-0.656112 0.044941 -1.05542
-0.644868 0.0440947 -1.05409
-0.634838 0.0445619 -1.05414
-0.625275 0.0449704 -1.05567
-0.615356 0.0444326 -1.05408
-0.604612 0.0445351 -1.05469
-0.594941 0.0451289 -1.05522
-0.584828 0.0459348 -1.05627
-0.574115 0.0448289 -1.05488
-0.564772 0.0448427 -1.05515
-0.554834 0.0446138 -1.05562
-0.544785 0.0441399 -1.0541
-0.53498 0.0448232 -1.05483
-0.525722 0.0443626 -1.05563
-0.515287 0.044532 -1.0545
-0.505371 0.0446594 -1.05574
-0.495721 0.0431865 -1.05472
-0.48508 0.0440023 -1.05502
-0.474386 0.043968 -1.05494
-0.465409 0.0431187 -1.05449
-0.454869 0.0446132 -1.05551
-0.445457 0.04356 -1.05531
-0.433833 0.0436262 -1.0545
-0.424859 0.044513 -1.05647
-0.414435 0.0429133 -1.05436
-0.405295 0.0437861 -1.05637
-0.39427 0.042656 -1.05401
-0.384331 0.0431095 -1.05534
-0.376094 0.043703 -1.05415
-0.363019 0.0435009 -1.05552
-0.354501 0.0433714 -1.05401
-0.345433 0.0434261 -1.05451
-0.335683 0.0432242 -1.05601
-0.324573 0.0425991 -1.05534
-0.314676 0.0439973 -1.05579
-0.304831 0.0438127 -1.05521
-0.294691 0.0429586 -1.05499
-0.284763 0.0427871 -1.0555
-0.274732 0.0426256 -1.05503
-0.26525 0.0430531 -1.05498
-0.254626 0.0423864 -1.05394
-0.244633 0.0425431 -1.05452
-0.234618 0.0429376 -1.05605
-0.224943 0.0424244 -1.05585
-0.214885 0.0431253 -1.05712
-0.205737 0.0431331 -1.05592
-0.194709 0.0429019 -1.05607
-0.184507 0.0431332 -1.0572
-0.175369 0.0432478 -1.05741
-0.165937 0.0425333 -1.05768
-0.15317 0.045789 -1.05903
-0.145266 0.0443678 -1.05936
-0.134876 0.0426557 -1.05908
-0.124377 0.0424624 -1.05823
-0.116974 0.042241 -1.05933
-0.105833 0.0427518 -1.05832
-0.0938233 0.043266 -1.05883
-0.083429 0.0435773 -1.05783
-0.0786135 0.043605 -1.0585
-0.0553486 0.0427908 -1.05906
-0.0452453 0.0424253 -1.0592
0.028509 0.048984 -1.0574
0.030383 0.049066 -1.0591
-0.57144 -0.025898 -1.0492
-0.71578 0.0097589 -1.0491
-0.72139 0.018046 -1.0402
-0.713493 0.0151192 -1.04621
-0.705307 0.0164549 -1.04521
-0.695075 0.0168051 -1.04545
-0.685127 0.0177662 -1.04405
-0.674045 0.0181165 -1.04327
-0.665137 0.0184789 -1.04518
-0.654554 0.0185632 -1.046
-0.646853 0.018149 -1.04623
-0.635262 0.0191692 -1.04478
-0.62177 0.0191787 -1.0453
-0.69866 0.020613 -1.0406
-0.66979 0.023164 -1.0408
-0.655988 0.0211375 -1.04163
-0.646171 0.0229514 -1.04144
-0.634219 0.0221393 -1.04058
-0.624117 0.0231111 -1.04191
-0.613787 0.0219079 -1.04242
-0.605256 0.0220142 -1.04256
-0.594781 0.023029 -1.04335
-0.585118 0.023702 -1.0424
-0.57577 0.0239628 -1.04342
-0.56497 0.0249484 -1.0435
-0.554562 0.0246678 -1.04351
-0.545099 0.0250746 -1.0442
-0.535339 0.0258335 -1.04509
-0.525126 0.0255896 -1.04448
-0.515476 0.0260162 -1.04544
-0.505346 0.0257933 -1.04582
-0.494169 0.0258184 -1.04458
-0.485247 0.0267242 -1.04653
-0.474695 0.0264932 -1.04576
-0.465069 0.0269279 -1.04758
-0.455023 0.0267582 -1.04775
-0.444984 0.0259828 -1.04745
-0.435914 0.0265703 -1.04839
-0.425167 0.027421 -1.04729
-0.413334 0.0282618 -1.04807
-0.405167 0.0283774 -1.04831
-0.394962 0.0270726 -1.04842
-0.385678 0.028889 -1.04885
-0.374853 0.0274323 -1.04891
-0.367235 0.0281525 -1.04879
-0.35035 0.026459 -1.049
-0.34375 0.026479 -1.0498
-0.33531 0.029611 -1.0499
-0.29673 0.029612 -1.05
-0.724751 0.0382841 -1.04501
-0.714391 0.0384699 -1.04359
-0.705617 0.0376636 -1.04364
-0.695055 0.0383734 -1.04407
-0.684887 0.0378799 -1.04294
-0.675086 0.0384637 -1.04413
-0.664634 0.0386565 -1.04326
-0.655497 0.0380826 -1.04312
-0.644635 0.0378174 -1.04253
-0.634403 0.0384847 -1.04407
-0.624748 0.0377134 -1.04355
-0.616007 0.0379151 -1.04311
-0.605192 0.0381572 -1.04285
-0.595862 0.0372857 -1.04327
-0.584892 0.0368907 -1.04308
-0.574201 0.0361236 -1.04279
-0.564407 0.0360199 -1.04295
-0.554784 0.0358716 -1.04225
-0.546132 0.0353609 -1.04287
-0.534975 0.0352661 -1.04303
-0.525286 0.0347306 -1.04251
-0.51532 0.0351077 -1.04323
-0.50488 0.0346444 -1.04383
-0.494488 0.0346461 -1.04416
-0.484821 0.0345183 -1.04485
-0.47515 0.0345363 -1.04467
-0.465009 0.034642 -1.04489
-0.455309 0.0347735 -1.04547
-0.445317 0.0347304 -1.04526
-0.434753 0.0349917 -1.04661
-0.424865 0.0349054 -1.04635
-0.414627 0.0352776 -1.04674
-0.405441 0.0344263 -1.04658
-0.394561 0.0359924 -1.04654
-0.385489 0.034146 -1.04792
-0.376154 0.0348594 -1.04798
-0.365412 0.0370456 -1.04745
-0.355048 0.0354973 -1.04799
-0.345204 0.0366388 -1.04745
-0.335651 0.0376122 -1.04775
-0.325076 0.0325126 -1.0481
-0.313603 0.0359238 -1.04773
-0.305361 0.0374047 -1.04721
-0.297505 0.0378568 -1.04839
-0.28338 0.0348595 -1.0493
-0.273802 0.0367825 -1.04873
-0.267558 0.0364902 -1.04916
-0.22623 0.035853 -1.0493
-0.73039 0.0406285 -1.0492
-0.724172 0.0410838 -1.04764
-0.715445 0.041367 -1.04608
-0.705408 0.0404924 -1.04833
-0.69432 0.0413933 -1.04807
-0.686007 0.0409401 -1.04771
-0.6748 0.0415953 -1.04753
-0.665013 0.0411959 -1.04667
-0.654372 0.0410973 -1.04798
-0.645092 0.0413241 -1.04779
-0.634247 0.0407886 -1.04757
-0.624945 0.0410704 -1.04731
-0.616242 0.040578 -1.04785
-0.604464 0.0414415 -1.04716
-0.595083 0.0417696 -1.04819
-0.585419 0.0419129 -1.04798
-0.577188 0.041366 -1.04896
-0.565081 0.0409307 -1.04809
-0.555506 0.0410153 -1.04847
-0.545027 0.0411384 -1.04884
-0.535888 0.0413157 -1.04905
-0.525525 0.0410165 -1.04854
-0.513901 0.0408265 -1.04761
-0.503537 0.0410923 -1.04789
-0.494963 0.040696 -1.04901
-0.485357 0.0405966 -1.04839
-0.47361 0.0402972 -1.04862
-0.46965 0.040136 -1.0498
-0.454328 0.0405381 -1.04832
-0.434123 0.0402577 -1.0485
-0.424033 0.0405445 -1.04821
-0.414916 0.04196 -1.04898
-0.404872 0.0402988 -1.04866
-0.396696 0.0405356 -1.04952
-0.38409 0.0442835 -1.04885
-0.372398 0.0412908 -1.04853
-0.364757 0.0412462 -1.04777
-0.34454 0.0408267 -1.04757
-0.336593 0.040583 -1.04798
-0.328008 0.0416543 -1.04905
-0.313609 0.041306 -1.04933
-0.307585 0.0401305 -1.0497
-0.29832 0.040113 -1.0493
-0.27768 0.0421805 -1.04945
-0.263767 0.0421917 -1.04967
-0.25889 0.0422 -1.0499
-0.248245 0.041681 -1.04975
-0.721958 0.0173984 -1.03838
-0.714503 0.0180174 -1.03572
-0.70455 0.0183691 -1.03844
-0.695445 0.0185163 -1.03748
-0.68569 0.0190454 -1.03802
-0.674031 0.0187387 -1.03769
-0.667457 0.0193687 -1.03727
-0.65541 0.0190623 -1.03897
-0.64409 0.0190467 -1.03813
-0.636015 0.019061 -1.0389
-0.72067 0.024072 -1.0357
-0.714673 0.024461 -1.03431
-0.704883 0.0245396 -1.03501
-0.695264 0.0245253 -1.03475
-0.684903 0.0245309 -1.03501
-0.675569 0.0247763 -1.03596
-0.665252 0.024726 -1.03578
-0.655656 0.0248531 -1.03693
-0.645882 0.0250983 -1.03661
-0.635726 0.0255902 -1.03669
-0.625632 0.0258713 -1.0372
-0.614611 0.0257253 -1.03778
-0.604549 0.0265401 -1.03798
-0.596229 0.0269039 -1.03859
-0.584948 0.0265732 -1.03902
-0.573603 0.0275436 -1.03876
-0.566397 0.0260493 -1.03844
-0.555198 0.027704 -1.03918
-0.545833 0.0272107 -1.03793
-0.53898 0.026748 -1.03985
-0.5194 0.026214 -1.0393
-0.72189 0.035495 -1.03885
-0.715002 0.0335539 -1.03559
-0.705239 0.0327948 -1.03488
-0.695634 0.0336214 -1.03616
-0.685222 0.0327297 -1.03462
-0.674792 0.032928 -1.0345
-0.664566 0.0333475 -1.03531
-0.655083 0.0326138 -1.03519
-0.645527 0.0330914 -1.03612
-0.635125 0.0335133 -1.03685
-0.624363 0.0326993 -1.03617
-0.614138 0.032721 -1.03613
-0.605003 0.0332129 -1.03735
-0.594951 0.0327243 -1.03692
-0.586236 0.0336425 -1.03801
-0.575669 0.0338593 -1.0382
-0.565004 0.0329758 -1.03821
-0.554938 0.0326346 -1.03931
-0.543954 0.0337497 -1.03919
-0.535805 0.0342164 -1.03861
-0.528577 0.0320973 -1.0396
-0.516388 0.0343106 -1.03916
-0.50666 0.034853 -1.03962
-0.497635 0.035505 -1.03915
-0.48662 0.033504 -1.03965
-0.47173 0.037633 -1.03935
-0.45711 0.035516 -1.03945
-0.445975 0.0359097 -1.03952
-0.40286 0.036568 -1.0398
-0.70632 0.01562 -1.0252
-0.69171 0.028033 -1.03
-0.687055 0.027747 -1.0289
-0.7156 0.032673 -1.02985
-0.70761 0.03319 -1.0299
-0.694287 0.031413 -1.02817
